Draw,Date,Winning Number 1,2,3,4,5,6,Extra Number,From Last,Low,High,Odd,Even,1-10,11-20,21-30,31-40,41-50,Division 1 Winners,Division 1 Prize,Division 2 Winners,Division 2 Prize,Division 3 Winners,Division 3 Prize,Division 4 Winners,Division 4 Prize,Division 5 Winners,Division 5 Prize,Division 6 Winners,Division 6 Prize,Division 7 Winners,Division 7 Prize,Turnover
26/027,2026-03-10,2,16,25,34,35,37,49,37,2,4,3,3,1,1,1,3,0,0,0.00,1.5,1103470.00,65,67900.00,352.5,9600.00,3758.2,640.00,4531.5,320.00,68833.1,40.00,45944653
26/026,2026-03-07,12,15,18,22,28,37,31,18,4,2,2,4,0,3,2,1,0,1.5,23626540.00,3.5,711210.00,194,34210.00,318.5,9600.00,8381.2,640.00,8013.3,320.00,135817.7,40.00,70825278
26/025,2026-03-05,4,18,24,31,42,46,11,31,3,3,1,5,1,1,1,1,2,0,0.00,2,1195910.00,65,98120.00,237.5,9600.00,4628,640.00,7834.8,320.00,88961.7,40.00,62495570
26/024,2026-03-03,6,13,20,31,32,44,45,,3,3,2,4,1,2,0,2,1,0,0.00,3.5,671150.00,70,89480.00,265,9600.00,4561.8,640.00,5917,320.00,90913.3,40.00,61238800
26/023,2026-02-28,5,15,37,39,46,47,29,15,2,4,5,1,1,1,0,2,2,0,0.00,3.5,547560.00,57,89660.00,131,9600.00,3277.5,640.00,4056.2,320.00,62767.8,40.00,47716905
26/022,2026-02-26,6,13,15,19,38,42,34,13,4,2,3,3,1,3,0,1,1,0,0.00,2,851550.00,57.5,78980.00,143,9600.00,3463.2,640.00,4162.4,320.00,67778.9,40.00,43978743
26/021,2026-02-24,2,3,4,10,13,23,12,2,6,0,3,3,4,1,1,0,0,1,8000000.00,13.5,79160.00,246.5,19200.00,854.5,9600.00,8308.5,640.00,13177.3,320.00,108347.9,40.00,45827149
26/020,2026-02-21,2,18,34,35,37,49,33,37,2,4,3,3,1,1,0,3,1,5,42187500.00,13.5,1134250.00,641.5,63650.00,1579,9600.00,31457,640.00,47973.9,320.00,587764.5,40.00,402289808
26/019,2026-02-15,8,28,33,36,37,46,4,"37,46",1,5,2,4,1,0,1,3,1,0,0.00,0,0.00,84,75670.00,194,9600.00,5387.9,640.00,6367,320.00,100564.2,40.00,62409046
26/018,2026-02-12,2,3,14,25,37,46,10,"3,14",3,3,3,3,2,1,1,1,1,0,0.00,1,1651090.00,53.5,82290.00,140,9600.00,2900.7,640.00,4799.5,320.00,59589,40.00,42288156
26/017,2026-02-10,3,4,14,18,26,39,40,,4,2,2,4,2,2,1,1,0,1,20125190.00,2,1123590.00,80.5,74440.00,267,9600.00,5645.3,640.00,6622,320.00,105921.4,40.00,61090133
26/016,2026-02-07,12,22,28,32,37,44,20,,2,4,1,5,0,1,2,2,1,0,0.00,2.5,717810.00,104.5,45790.00,205,9600.00,5082.7,640.00,5473.5,320.00,84540.6,40.00,49215360
26/015,2026-02-05,1,9,17,24,35,36,42,,4,2,4,2,2,1,1,2,0,0,0.00,4,373340.00,87.5,45510.00,203,9600.00,4182,640.00,4232.7,320.00,78040.3,40.00,41559103
26/014,2026-02-03,12,23,27,37,39,42,5,,2,4,4,2,0,1,2,2,1,2,23276930.00,5.5,594660.00,144.5,60350.00,636,9600.00,7886.6,640.00,10795.4,320.00,140170.6,40.00,91368676
26/013,2026-01-31,25,30,32,35,36,47,46,35,0,6,3,3,0,0,2,3,1,0,0.00,5,556140.00,82,90420.00,228,9600.00,4923.8,640.00,6354,320.00,93015.6,40.00,70104398
26/012,2026-01-29,6,9,12,14,35,44,11,"12,14",4,2,2,4,2,2,0,1,1,0,0.00,0,0.00,85,70180.00,303,9600.00,5394.9,640.00,10088.8,320.00,104926.4,40.00,62445438
26/011,2026-01-27,7,12,14,25,38,47,15,,3,3,3,3,1,2,1,1,1,0,0.00,1,2140440.00,72.5,78720.00,218.5,9600.00,5231.6,640.00,6450.2,320.00,96827.6,40.00,57499361
26/010,2026-01-24,6,16,17,22,28,48,45,,4,2,1,5,1,2,2,0,1,0,0.00,1,1676760.00,102,43830.00,186,9600.00,5037.9,640.00,4681,320.00,84287.2,40.00,46240143
26/009,2026-01-22,4,9,15,24,27,31,45,"4,9",4,2,4,2,2,1,2,1,0,0,0.00,1,1480910.00,75.5,52300.00,131,9600.00,4006.6,640.00,3718,320.00,70831.9,40.00,39744053
26/008,2026-01-20,1,4,6,9,44,46,27,,4,2,2,4,4,0,0,0,2,5,7948200.00,5.5,465810.00,424.5,19200.00,448,9600.00,12532.7,640.00,11906.1,320.00,174574.8,40.00,84630978
26/007,2026-01-17,5,12,15,23,27,42,46,,4,2,4,2,1,2,2,0,1,0,0.00,2,1268070.00,120.5,56120.00,235,9600.00,6386.7,640.00,6512.5,320.00,115249.3,40.00,67569840
26/006,2026-01-15,3,6,37,38,39,44,48,38,2,4,3,3,2,0,0,3,1,0,0.00,0,0.00,122.5,47730.00,186.5,9600.00,5090.2,640.00,5826.5,320.00,89662.4,40.00,57457548
26/005,2026-01-13,14,24,34,38,48,49,27,24,2,4,1,5,0,1,1,2,2,0,0.00,1.5,1367560.00,114,47980.00,182,9600.00,4958.7,640.00,5398.8,320.00,80216.2,40.00,53797300
26/004,2026-01-10,3,16,20,22,24,37,42,24,5,1,2,4,1,2,2,1,0,0,0.00,0,0.00,44.5,91200.00,117,9600.00,3009.4,640.00,3639.6,320.00,58572,40.00,38972058
26/003,2026-01-08,15,21,24,40,45,46,13,,3,3,3,3,0,1,2,1,2,1,13667750.00,1.5,1259500.00,80,62970.00,136.5,9600.00,3312,640.00,4610.5,320.00,59715.6,40.00,47327267
26/002,2026-01-06,2,8,12,19,28,36,1,2,4,2,1,5,2,2,1,1,0,0,0.00,10.5,121900.00,167,20430.00,706.1,9600.00,7104.3,640.00,12783.6,320.00,103019.9,40.00,43413858
26/001,2026-01-03,2,10,13,16,20,21,14,10,6,0,2,4,2,3,1,0,0,1.5,68074450.00,14,645510.00,467,51600.00,1189.4,9600.00,23558,640.00,30747.7,320.00,408517.9,40.00,248509427
25/134,2025-12-28,7,10,11,19,25,30,45,30,4,2,4,2,2,2,2,0,0,1.5,20594740.00,6.5,342350.00,314.5,19200.00,356,9600.00,11623,640.00,9195,320.00,168881.7,40.00,70940715
25/133,2025-12-25,1,2,4,30,41,43,13,,3,3,3,3,3,0,1,0,2,0,0.00,0.5,1432375.00,127.5,59910.00,260,9600.00,5520.2,640.00,8066.5,320.00,112753,40.00,74326662
25/132,2025-12-21,9,17,27,34,39,47,46,34,2,4,5,1,1,1,1,2,1,0,0.00,1.5,1375470.00,99.5,55290.00,231,9600.00,5259.3,640.00,5651,320.00,90074.1,40.00,55452647
25/131,2025-12-18,6,23,28,31,33,34,11,"23,28",2,4,3,3,1,0,2,3,0,0,0.00,2,751730.00,73.5,54540.00,205.5,9600.00,3819.5,640.00,6777.8,320.00,71253.5,40.00,42180262
25/130,2025-12-16,3,12,23,28,35,38,24,28,3,3,3,3,1,1,2,2,0,1,8831150.00,1,1610380.00,74.5,57640.00,217,9600.00,5389.9,640.00,7028.6,320.00,92358.3,40.00,46882264
25/129,2025-12-13,10,17,19,28,45,49,1,,3,3,4,2,1,2,1,0,2,0.5,4000000.00,1,1525580.00,44.5,91420.00,214,9600.00,3294.5,640.00,6199.3,320.00,64671.7,40.00,41753807
25/128,2025-12-11,1,5,6,25,30,42,43,6,3,3,3,3,3,0,2,0,1,1,82123790.00,7.5,929270.00,358.5,51840.00,613.5,9600.00,17550.8,640.00,17412.7,320.00,320308.6,40.00,185287642
25/127,2025-12-06,4,6,26,28,34,40,25,"6,34",2,4,0,6,2,0,2,2,0,0.5,61215075.00,5.5,1782400.00,408.5,63990.00,1009.5,9600.00,23023.2,640.00,31472.9,320.00,433373.5,40.00,262971650
25/126,2025-12-02,6,18,29,34,37,38,39,37,2,4,2,4,1,1,1,3,0,0,0.00,11.5,625440.00,328.9,58310.00,807.5,9600.00,16758.5,640.00,25689.5,320.00,319964.1,40.00,194767307
25/125,2025-11-25,1,2,17,35,37,48,8,35,3,3,4,2,2,1,0,2,1,0,0.00,3.5,1730720.00,204.5,78980.00,586,9600.00,11042,640.00,18920.2,320.00,218759.7,40.00,156858434
25/124,2025-11-20,19,26,33,35,36,39,5,"26,36",1,5,4,2,0,1,1,4,0,0,0.00,4.5,752740.00,126,71690.00,347,9600.00,8579.7,640.00,10762.5,320.00,148708,40.00,91244931
25/123,2025-11-18,2,4,10,26,28,36,23,"2,28",3,3,0,6,3,0,2,1,0,0,0.00,4,722740.00,231.2,33340.00,387.7,9600.00,7495.9,640.00,9667.8,320.00,135082.2,40.00,79703117
25/122,2025-11-16,2,11,13,28,38,47,7,"11,28",3,3,3,3,1,2,1,1,1,0,0.00,1.5,1749260.00,138,50700.00,390.5,9600.00,6688.5,640.00,11525.6,320.00,118927.2,40.00,73621562
25/121,2025-11-13,10,11,28,30,37,39,15,"28,37",2,4,3,3,1,1,2,2,0,0,0.00,0.5,1101730.00,97.5,60260.00,192.5,9600.00,5324.6,640.00,6444.6,320.00,98585.3,40.00,58624243
25/120,2025-11-11,18,20,28,37,38,40,41,,2,4,1,5,0,2,1,3,0,0,0.00,2.5,830450.00,102.4,54060.00,240.5,9600.00,5274,640.00,5236.6,320.00,90521.4,40.00,55697060
25/119,2025-11-08,7,9,16,17,33,46,49,"17,33",4,2,4,2,2,2,0,1,1,0,0.00,4.5,342410.00,65,63210.00,167.5,9600.00,4378.5,640.00,5192,320.00,78370.7,40.00,42651870
25/118,2025-11-06,10,17,22,33,40,41,31,,3,3,3,3,1,1,1,2,1,0,0.00,1.5,944920.00,49,77130.00,154,9600.00,3406.2,640.00,4216.1,320.00,59719.5,40.00,37899615
25/117,2025-11-04,19,20,26,28,39,44,4,,2,4,2,4,0,2,2,1,1,2,34096060.00,1.5,4042690.00,242,66820.00,613.5,9600.00,12609.6,640.00,18064.2,320.00,244152.6,40.00,159489015
25/116,2025-10-28,4,7,15,21,45,46,24,7,4,2,4,2,2,1,1,0,2,1,51565110.00,2.5,1477120.00,162,60780.00,390,9600.00,7327.7,640.00,11274.5,320.00,141585.8,40.00,96795900
25/115,2025-10-25,6,7,27,36,39,43,1,,2,4,4,2,2,0,1,2,1,0,0.00,2,1424430.00,117,64930.00,256.5,9600.00,6388.5,640.00,9268.9,320.00,123017.8,40.00,75643571
25/114,2025-10-23,4,19,24,25,26,46,39,,3,3,2,4,1,1,3,0,1,0,0.00,4,587510.00,117.5,53330.00,313.5,9600.00,6137.4,640.00,8013.7,320.00,109043.9,40.00,64829335
25/113,2025-10-21,1,8,9,11,18,32,13,18,5,1,3,3,3,2,0,1,0,0,0.00,2.5,623440.00,294,19200.00,556.5,9600.00,12202.2,640.00,12056.3,320.00,165491.3,40.00,60435713
25/112,2025-10-18,5,13,17,18,31,44,2,,4,2,4,2,1,3,0,1,1,0,0.00,0,0.00,87.5,52970.00,183,9600.00,4244.7,640.00,5288.1,320.00,78514.6,40.00,46775382
25/111,2025-10-16,2,11,32,40,43,48,12,32,2,4,2,4,1,1,0,2,2,0,0.00,1.5,1168990.00,46,101650.00,167.5,9600.00,2772.7,640.00,5066.2,320.00,58994.7,40.00,44664515
25/110,2025-10-14,3,15,17,24,32,44,20,,4,2,3,3,1,2,1,1,1,0,0.00,1,1571530.00,77.5,54070.00,140.2,9600.00,3470,640.00,4125.7,320.00,65038.9,40.00,41135710
25/109,2025-10-11,5,6,18,19,30,39,7,39,4,2,3,3,2,2,1,1,0,1,12187540.00,4.5,310180.00,99.5,37400.00,331.5,9600.00,4846.5,640.00,8070.3,320.00,81511.1,40.00,43347710
25/108,2025-10-09,1,3,24,31,39,45,7,24,3,3,5,1,2,0,1,2,1,0,0.00,1,1573960.00,66.5,63110.00,170,9600.00,3427.7,640.00,6534.9,320.00,61582.8,40.00,42293980
25/107,2025-10-06,15,17,19,23,24,34,33,,5,1,4,2,0,3,2,1,0,1.5,54640510.00,9.5,770550.00,425.4,45880.00,1082.5,9600.00,20822.9,640.00,29189.9,320.00,355006,40.00,207006912
25/106,2025-09-30,13,21,33,41,44,46,43,,2,4,4,2,0,1,1,1,3,2,8625000.00,1.5,1390300.00,77.5,71750.00,191.5,9600.00,3948.5,640.00,6402,320.00,75704.3,40.00,53972020
25/105,2025-09-27,8,14,16,18,26,48,44,,4,2,0,6,1,3,1,0,1,0.5,10993635.00,3,665670.00,79,67410.00,223,9600.00,5412.4,640.00,6153,320.00,96769.9,40.00,54672007
25/104,2025-09-25,2,11,22,27,46,47,32,,3,3,3,3,1,1,2,0,2,0,0.00,2.5,803200.00,78.5,68210.00,217.5,9600.00,4405,640.00,6509.5,320.00,84195.9,40.00,53543118
25/103,2025-09-20,8,13,17,24,36,43,41,36,4,2,3,3,1,2,1,1,1,0,0.00,0,0.00,73.5,54160.00,133.5,9600.00,3337.9,640.00,3639.7,320.00,60763.6,40.00,38954741
25/102,2025-09-18,22,33,35,36,37,48,30,"22,33",1,5,3,3,0,0,1,4,1,0.5,4000000.00,1,1593770.00,87.5,48570.00,106.5,9600.00,3351,640.00,3800.2,320.00,58305.9,40.00,40624421
25/101,2025-09-16,14,21,22,28,32,33,25,21,3,3,2,4,0,1,3,2,0,1,13369530.00,0,0.00,110.5,43190.00,236,9600.00,5369.1,640.00,7144.5,320.00,90555.2,40.00,50682812
25/100,2025-09-13,15,21,23,37,47,49,30,21,3,3,6,0,0,1,2,1,2,0,0.00,1,1551870.00,49.5,83600.00,95,9600.00,2431.5,640.00,3022.7,320.00,49391.6,40.00,38153748
25/099,2025-09-11,11,21,22,25,32,44,38,"32,44",3,3,3,3,0,1,3,1,1,1,61448360.00,7.5,498020.00,255.5,38980.00,550,9600.00,12305.4,640.00,13765.5,320.00,206653.7,40.00,107755266
25/098,2025-09-09,7,15,32,40,42,44,9,,2,4,2,4,1,1,0,2,2,0,0.00,3.5,1062310.00,143.5,69090.00,376,9600.00,7092.5,640.00,11476.4,320.00,133197.6,40.00,96617126
25/097,2025-09-06,6,19,22,23,34,43,11,23,4,2,3,3,1,1,2,1,1,0.5,39088490.00,10,605890.00,265,60970.00,747,9600.00,14783.4,640.00,22950,320.00,266089.8,40.00,165747171
25/096,2025-09-02,5,18,23,24,29,49,11,"18,49",4,2,4,2,1,1,3,0,1,0,0.00,6.5,415510.00,128,56260.00,433.5,9600.00,6680.5,640.00,11524.7,320.00,126342.4,40.00,76055719
25/095,2025-08-30,6,18,31,33,44,49,2,"44,49",2,4,3,3,1,1,0,2,2,0,0.00,2,1111470.00,78.5,75510.00,185,9600.00,4803.5,640.00,5608.1,320.00,90032.4,40.00,57755971
25/094,2025-08-28,5,36,39,44,48,49,32,48,1,5,3,3,1,0,0,2,3,0,0.00,3,652820.00,68.5,76240.00,203.5,9600.00,4185,640.00,5477,320.00,74321,40.00,51295514
25/093,2025-08-26,2,3,16,25,38,48,6,,3,3,2,4,2,1,1,1,1,0,0.00,1,1761350.00,62.5,75150.00,208,9600.00,3895.1,640.00,6715.6,320.00,74962.6,40.00,47651847
25/092,2025-08-23,17,22,26,36,39,45,14,45,2,4,3,3,0,1,2,2,1,0,0.00,0,0.00,40.5,94840.00,100.5,9600.00,2777.2,640.00,3225.5,320.00,51327.1,40.00,36416094
25/091,2025-08-21,6,8,10,23,32,45,3,"32,45",4,2,2,4,3,0,1,1,1,1,8000000.00,4.5,265370.00,95.5,33340.00,256,9600.00,4261.1,640.00,7062,320.00,72440.1,40.00,37044040
25/090,2025-08-19,28,32,34,37,45,49,7,32,0,6,3,3,0,0,1,3,2,1,18419800.00,0.5,1006135.00,51.5,104190.00,166.5,9600.00,3231.5,640.00,5159.2,320.00,64811.5,40.00,50584316
25/089,2025-08-16,4,10,15,20,32,38,26,,4,2,1,5,2,2,0,2,0,0,0.00,4.5,324660.00,80.5,48390.00,294.5,9600.00,3536.8,640.00,6516.2,320.00,64785.2,40.00,41731846
25/088,2025-08-14,1,13,25,27,31,34,33,,2,4,5,1,1,1,2,2,0,0,0.00,1,1300870.00,50.5,68690.00,157,9600.00,2956.9,640.00,4880.4,320.00,57108.7,40.00,35353084
25/087,2025-08-12,8,16,18,28,29,32,20,,3,3,1,5,1,2,2,1,0,2,7783550.00,4.5,358910.00,179.5,23990.00,299.9,9600.00,7806.1,640.00,7270.3,320.00,111423.8,40.00,50935937
25/086,2025-08-09,25,36,44,45,48,49,13,25,0,6,3,3,0,0,1,1,4,0.5,10721755.00,5.5,363670.00,107,49840.00,214.5,9600.00,4849.5,640.00,5321.5,320.00,73860.5,40.00,52715562
25/085,2025-08-07,3,7,25,29,37,39,8,,2,4,6,0,2,0,2,2,0,0,0.00,0.5,1063275.00,110.5,51310.00,345.7,9600.00,5486.2,640.00,10647.8,320.00,103152.9,40.00,60924937
25/084,2025-08-02,10,14,18,21,34,44,24,"10,21",4,2,1,5,1,2,1,1,1,0,0.00,2.5,486150.00,37,87590.00,293,9600.00,2348.5,640.00,7168.3,320.00,46950.9,40.00,35167166
25/083,2025-07-31,10,21,23,27,35,47,39,35,3,3,5,1,1,0,3,1,1,1,12926330.00,1,1642110.00,57,76820.00,131,9600.00,3173.9,640.00,4094.5,320.00,61765,40.00,42043947
25/082,2025-07-29,9,11,17,28,35,43,42,,3,3,5,1,1,2,1,1,1,0,0.00,2,674140.00,67.5,53260.00,155,9600.00,3912.5,640.00,4480.5,320.00,70811.1,40.00,37572719
25/081,2025-07-26,19,22,25,32,33,45,36,,2,4,4,2,0,1,2,2,1,1,53095300.00,7,718820.00,238.5,56260.00,475.5,9600.00,12722.7,640.00,15167.5,320.00,230187.2,40.00,135181179
25/080,2025-07-21,17,20,28,31,35,48,32,48,2,4,3,3,0,2,1,2,1,1,10205890.00,7,233860.00,23,116930.00,83,9600.00,1731.9,640.00,2592.7,320.00,36678.1,40.00,29119529
25/079,2025-07-19,6,25,29,40,48,49,42,,1,5,3,3,1,0,2,1,2,0.5,6665955.00,2,763820.00,48.5,83990.00,188.5,9600.00,2990.2,640.00,3687,320.00,60833.2,40.00,40058182
25/078,2025-07-17,12,19,31,37,42,45,15,"12,31",2,4,4,2,0,2,0,2,2,0,0.00,0.5,748945.00,54,73970.00,120.5,9600.00,2393.5,640.00,3223.9,320.00,48419.3,40.00,37366707
25/077,2025-07-15,9,12,23,30,31,44,5,,3,3,3,3,1,1,2,1,1,1,14512800.00,2,862530.00,78,58970.00,288,9600.00,4481.9,640.00,7275.7,320.00,82839.3,40.00,48954023
25/076,2025-07-12,5,17,20,24,27,35,38,,4,2,4,2,1,2,2,1,0,0,0.00,0,0.00,57,62570.00,134,9600.00,3466.3,640.00,3669.6,320.00,62377.3,40.00,36008395
25/075,2025-07-10,6,13,23,25,32,39,34,"13,23",3,3,4,2,1,1,2,2,0,1,42939840.00,2.5,1098900.00,204,35910.00,320.5,9600.00,7449.9,640.00,9423.6,320.00,126597,40.00,75434727
25/074,2025-07-08,13,16,17,22,23,35,41,22,5,1,4,2,0,3,2,1,0,0,0.00,1.5,1719150.00,98,70160.00,220.5,9600.00,5298.6,640.00,5810.1,320.00,101322.7,40.00,66420101
25/073,2025-07-06,5,9,22,33,46,47,36,,3,3,4,2,2,0,1,1,2,0,0.00,2.5,932560.00,89.5,69460.00,242.5,9600.00,5214,640.00,7008.6,320.00,99043.3,40.00,61971325
25/072,2025-07-03,7,17,24,35,37,45,30,,3,3,5,1,1,1,1,2,1,0,0.00,4,563040.00,110,54590.00,290.5,9600.00,5919,640.00,8012.4,320.00,106560.7,40.00,62274915
25/071,2025-06-29,19,29,32,34,42,46,20,29,1,5,2,4,0,1,1,2,2,0,0.00,1,1737020.00,92,50340.00,156.5,9600.00,4083,640.00,4308,320.00,69189,40.00,45448340
25/070,2025-06-26,9,11,23,24,29,49,30,49,4,2,5,1,1,1,3,0,1,0,0.00,1,1235640.00,92.5,35620.00,221.5,9600.00,4866.7,640.00,6299.9,320.00,82574.8,40.00,38154646
25/069,2025-06-24,3,21,28,33,45,49,29,,2,4,5,1,1,0,2,1,2,1,8000000.00,0.5,751035.00,67,59780.00,141,9600.00,3754.7,640.00,4523,320.00,63467.4,40.00,40045397
25/068,2025-06-21,2,4,19,27,31,39,13,,3,3,4,2,2,1,1,2,0,1,8000000.00,1,1415070.00,57.5,65620.00,96,9600.00,2847,640.00,4198.8,320.00,55998.2,40.00,36523197
25/067,2025-06-19,7,12,13,18,34,35,6,,4,2,3,3,1,3,0,2,0,1,8000000.00,4,293480.00,153.5,20390.00,228.7,9600.00,4983.6,640.00,6589.5,320.00,72380.2,40.00,36692712
25/066,2025-06-17,5,19,30,40,44,45,26,45,2,4,3,3,1,1,1,1,2,1,52649310.00,4.5,1085130.00,206,63210.00,537.5,9600.00,11091.5,640.00,14816.2,320.00,194293.4,40.00,129687177
25/065,2025-06-12,6,25,32,36,39,45,13,45,1,5,3,3,1,0,1,3,1,0,0.00,1,1738820.00,47.5,97610.00,182,9600.00,3375.6,640.00,5304.2,320.00,66996,40.00,45513439
25/064,2025-06-10,9,13,35,40,45,46,26,9,2,4,4,2,1,1,0,2,2,0,0.00,0.5,794520.00,54.5,77750.00,139,9600.00,3356.6,640.00,4111,320.00,55658.8,40.00,40913202
25/063,2025-06-07,9,15,27,30,34,39,19,39,2,4,4,2,1,1,2,2,0,1,12932520.00,1.5,1096110.00,60.5,72470.00,178.5,9600.00,3364.7,640.00,5655.6,320.00,64562.6,40.00,43565282
25/062,2025-06-05,18,22,24,33,39,44,3,,3,3,2,4,0,1,2,2,1,0,0.00,3,469820.00,90,41760.00,227,9600.00,4248.9,640.00,6015.9,320.00,67981.4,40.00,40409117
25/061,2025-06-03,1,2,13,15,41,46,27,,4,2,4,2,2,2,0,0,2,1,8000000.00,0,0.00,37,109980.00,131.5,9600.00,2504.1,640.00,4197.6,320.00,53785.6,40.00,38810229
25/060,2025-06-01,12,16,28,29,38,47,26,16,2,4,2,4,0,2,2,1,1,1,8000000.00,2.5,576920.00,51.5,74680.00,198.4,9600.00,3095.7,640.00,5972.4,320.00,61258.2,40.00,39463091
25/059,2025-05-29,5,6,16,21,24,35,33,6,5,1,3,3,2,1,2,1,0,1,55487500.00,10.5,555150.00,330,47100.00,673.5,9600.00,14939.9,640.00,19969,320.00,270614.2,40.00,159379031
25/058,2025-05-24,6,14,15,19,45,47,17,,4,2,4,2,1,3,0,0,2,0,0.00,1,2453370.00,97,67440.00,203,9600.00,4055.7,640.00,6081.5,320.00,82650.6,40.00,61862642
25/057,2025-05-22,4,11,26,29,34,35,18,34,2,4,3,3,1,1,2,2,0,0,0.00,1.5,1343680.00,82,65540.00,241.2,9600.00,5357.7,640.00,7432.3,320.00,99968.2,40.00,55888551
25/056,2025-05-20,10,15,28,31,34,40,48,34,2,4,2,4,1,1,1,3,0,0,0.00,1,2213000.00,82,71960.00,177.5,9600.00,4056.1,640.00,5085.5,320.00,77910.2,40.00,56058899
25/055,2025-05-17,12,22,27,29,32,34,9,"12,29,32,34",2,4,2,4,0,1,3,2,0,0,0.00,3.5,424930.00,115,34480.00,243,9600.00,6259.9,640.00,6055.8,320.00,76235.1,40.00,44203057
25/054,2025-05-15,6,12,29,32,34,46,16,,2,4,1,5,1,1,1,2,1,0,0.00,4,400110.00,53.5,79770.00,218,9600.00,3363.5,640.00,5099,320.00,64865.9,40.00,42944184
25/053,2025-05-13,13,26,27,41,45,49,46,"26,49",1,5,5,1,0,1,2,0,3,0.5,6612580.00,1,1741720.00,54.5,85220.00,113,9600.00,2680,640.00,3935,320.00,55980.2,40.00,43101551
25/052,2025-05-11,19,26,28,29,46,49,32,,1,5,3,3,0,1,3,0,2,0,0.00,2,785240.00,84.5,49560.00,139,9600.00,3575,640.00,4115,320.00,65844.1,40.00,41219606
25/051,2025-05-08,6,11,17,22,27,43,24,,4,2,4,2,1,2,2,0,1,1,13858970.00,0.5,768400.00,143.5,28550.00,229.5,9600.00,5767.5,640.00,6812.6,320.00,90709.9,40.00,45674138
25/050,2025-05-06,12,15,25,26,29,41,42,,2,4,4,2,0,2,3,0,1,0.5,7424985.00,0,0.00,116,41920.00,164,9600.00,3739.6,640.00,4412.5,320.00,71499.5,40.00,47173705
25/049,2025-05-03,18,20,30,35,47,49,44,47,2,4,3,3,0,2,1,1,2,0,0.00,0,0.00,42.5,86540.00,125,9600.00,2674.5,640.00,3363,320.00,51661.3,40.00,35458033
25/048,2025-05-01,4,7,21,32,41,47,28,"21,32",3,3,4,2,2,0,1,1,2,1,34540820.00,1.5,1647530.00,98.5,66900.00,269,9600.00,5727.5,640.00,7670.7,320.00,102818.7,40.00,65980478
25/047,2025-04-29,20,21,24,30,32,38,47,21,3,3,1,5,0,1,3,2,0,0,0.00,0,0.00,82,70690.00,163,9600.00,6522.4,640.00,5299,320.00,95041.2,40.00,57992137
25/046,2025-04-26,11,15,18,21,29,40,8,21,4,2,4,2,0,3,2,1,0,0,0.00,4,433860.00,81.5,56780.00,253.1,9600.00,3642.3,640.00,7401.4,320.00,75520.3,40.00,47765614
25/045,2025-04-24,12,16,21,35,44,48,32,,3,3,2,4,0,2,1,1,2,0,0.00,3,580590.00,52.5,88470.00,150,9600.00,2890.5,640.00,4562.5,320.00,57224.4,40.00,44023948
25/044,2025-04-22,3,7,11,20,23,27,29,11,5,1,5,1,2,2,2,0,0,0,0.00,3,257460.00,233,19200.00,394,9600.00,7784.2,640.00,7386.5,320.00,103319.8,40.00,38477470
25/043,2025-04-19,1,11,24,37,45,49,22,,3,3,5,1,1,1,1,1,2,1.5,34252320.00,5,891890.00,209.5,56760.00,675,9600.00,11404.7,640.00,18134.2,320.00,206982.6,40.00,124952608
25/042,2025-04-15,10,20,21,22,23,42,49,21,5,1,2,4,1,1,3,0,1,0.5,4000000.00,0.5,748050.00,112,35620.00,173.5,9600.00,4181.5,640.00,4102.5,320.00,65769.1,40.00,40599438
25/041,2025-04-12,19,21,34,36,47,49,14,,2,4,4,2,0,1,1,2,2,1,18481150.00,2,925330.00,62.5,78960.00,130.5,9600.00,3316,640.00,4427.7,320.00,63032.1,40.00,46569726
25/040,2025-04-10,11,22,23,26,32,35,2,11,3,3,3,3,0,1,3,2,0,0,0.00,1.5,1095360.00,79.5,55110.00,189.5,9600.00,4187.6,640.00,5871.4,320.00,73760.2,40.00,44872418
25/039,2025-04-08,11,17,20,27,36,48,21,11,3,3,3,3,0,3,1,1,1,0,0.00,1.5,1010930.00,57,70940.00,230.5,9600.00,3402.7,640.00,5569.2,320.00,62987.4,40.00,41516518
25/038,2025-04-05,7,11,22,26,39,44,8,7,3,3,3,3,1,1,2,1,1,1,27684470.00,3,617140.00,114.5,43110.00,315.7,9600.00,5481,640.00,8952.9,320.00,92888.1,40.00,53806580
25/037,2025-04-03,2,4,7,29,32,40,44,,3,3,2,4,3,0,1,2,0,0,0.00,0,0.00,95.5,52110.00,178,9600.00,5492.5,640.00,5380.5,320.00,97863.5,40.00,51300798
25/036,2025-04-01,6,14,17,30,35,42,49,,3,3,2,4,1,2,1,1,1,0,0.00,0.5,952060.00,63.5,79960.00,148.5,9600.00,3534.4,640.00,4521,320.00,67088.9,40.00,48279928
25/035,2025-03-29,3,5,12,13,45,47,46,47,4,2,5,1,2,2,0,0,2,0,0.00,1,1368740.00,58.5,62390.00,156.5,9600.00,3145,640.00,3961,320.00,64642.2,40.00,36880173
25/034,2025-03-27,10,19,35,44,47,49,15,,2,4,4,2,1,1,0,1,3,1,22766170.00,3.5,616980.00,79.5,72430.00,178,9600.00,4679.5,640.00,5384.7,320.00,81757.9,40.00,55787536
25/033,2025-03-25,8,11,17,36,43,48,25,36,3,3,3,3,1,2,0,1,2,0,0.00,1,2054550.00,68,80570.00,240.5,9600.00,3830.5,640.00,6168.7,320.00,78053.4,40.00,53861448
25/032,2025-03-22,12,23,24,27,36,46,43,24,3,3,2,4,0,1,3,1,1,0.5,8231365.00,0,0.00,108,46730.00,154,9600.00,4410.6,640.00,4384,320.00,84615.1,40.00,49630505
25/031,2025-03-20,16,20,21,24,39,43,34,24,4,2,3,3,0,2,2,1,1,0,0.00,1,1768010.00,43,109640.00,126.5,9600.00,2670.5,640.00,4086.5,320.00,55182.3,40.00,43808218
25/030,2025-03-18,6,8,24,26,29,45,39,29,3,3,2,4,2,0,3,0,1,0.5,4000000.00,0,0.00,88.5,44600.00,144,9600.00,3978.3,640.00,4592.4,320.00,73763.1,40.00,40359983
25/029,2025-03-16,29,30,36,41,48,49,14,29,0,6,3,3,0,0,2,1,3,1,72097390.00,3,1715040.00,149,92080.00,438.5,9600.00,9407,640.00,12418,320.00,178501.4,40.00,130729742
25/028,2025-03-13,4,16,19,21,26,29,13,"4,21",4,2,3,3,1,2,3,0,0,0,0.00,8.5,416330.00,164.5,57360.00,427.2,9600.00,8513.5,640.00,11100,320.00,150353.3,40.00,95434162
25/027,2025-03-11,1,4,9,14,21,37,45,,5,1,4,2,3,1,1,1,0,0,0.00,3,981570.00,215.5,36430.00,377.5,9600.00,10935.1,640.00,10521.5,320.00,171923.4,40.00,85580382
25/026,2025-03-08,19,25,26,29,32,39,4,"19,39",1,5,4,2,0,1,3,2,0,0,0.00,0.5,1238975.00,97,68120.00,238.5,9600.00,5615.2,640.00,7801.5,320.00,101029.8,40.00,65624522
25/025,2025-03-06,4,11,19,20,30,39,45,,4,2,3,3,1,3,1,1,0,0,0.00,3.5,627120.00,103,56820.00,217,9600.00,6045.5,640.00,5948,320.00,107098.7,40.00,59544177
25/024,2025-03-04,1,9,14,38,42,43,23,42,3,3,3,3,2,1,0,1,2,0,0.00,1.5,1521650.00,75.7,80400.00,213.5,9600.00,3882.9,640.00,6834.3,320.00,83528.2,40.00,58733392
25/023,2025-03-01,4,15,22,25,29,42,1,"15,25",3,3,3,3,1,1,3,0,1,0,0.00,0,0.00,62.5,75790.00,219,9600.00,3456.1,640.00,6766.3,320.00,66010,40.00,47315035
25/022,2025-02-27,7,11,15,17,25,28,9,11,4,2,5,1,1,3,2,0,0,0,0.00,3,399970.00,123,26010.00,441,9600.00,5272.7,640.00,9791.1,320.00,86367.9,40.00,40697855
25/021,2025-02-25,1,2,6,11,40,47,32,,4,2,3,3,3,1,0,1,1,1,43865730.00,3.5,888100.00,105,78940.00,313.8,9600.00,8505.3,640.00,9223.1,320.00,167308,40.00,85452267
25/020,2025-02-22,14,15,20,27,41,44,33,"20,27,41,44",3,3,3,3,0,3,1,0,2,0,0.00,4,658210.00,80,87760.00,199.5,9600.00,5661.5,640.00,6612,320.00,83447.6,40.00,66984453
25/019,2025-02-20,13,20,22,27,41,44,36,13,3,3,3,3,0,2,2,0,2,0,0.00,1,2425350.00,69.5,93050.00,193.5,9600.00,4209.7,640.00,5692,320.00,80704.1,40.00,61052432
25/018,2025-02-18,3,7,13,35,37,39,23,,3,3,6,0,2,1,0,3,0,0,0.00,4,512930.00,107,51130.00,364,9600.00,5625.8,640.00,9675.5,320.00,99341.6,40.00,59162960
25/017,2025-02-15,1,8,21,25,29,34,4,29,3,3,4,2,2,0,3,1,0,0,0.00,2.5,694770.00,72.5,63880.00,210.2,9600.00,4073.4,640.00,6942.4,320.00,81746.1,40.00,47753312
25/016,2025-02-13,5,26,29,32,42,45,36,"5,26",1,5,3,3,1,0,2,1,2,0,0.00,1,1735670.00,42,110200.00,101.5,9600.00,2485.7,640.00,3561,320.00,50847.8,40.00,42283057
25/015,2025-02-11,5,15,20,26,30,40,39,,3,3,2,4,1,2,2,1,0,1,27165300.00,3.5,724360.00,289.5,23350.00,340,9600.00,8319,640.00,7711.2,320.00,118732.2,40.00,70993987
25/014,2025-02-08,1,7,21,27,33,45,17,"1,45",3,3,6,0,2,0,2,1,1,0,0.00,6,304930.00,171.5,28440.00,510.4,9600.00,6397.9,640.00,11058,320.00,102359.2,40.00,57728492
25/013,2025-02-06,1,4,18,25,38,45,23,18,3,3,3,3,2,1,1,1,1,0,0.00,1,1783040.00,84,56600.00,287.5,9600.00,5109.4,640.00,8250.9,320.00,97202,40.00,51724315
25/012,2025-02-04,3,13,15,18,19,24,37,18,6,0,4,2,1,4,1,0,0,0,0.00,0.5,721520.00,76,50630.00,180.5,9600.00,5562.6,640.00,5035.1,320.00,91386.3,40.00,42353635
25/011,2025-02-02,14,18,30,36,40,42,1,"14,36",2,4,0,6,0,2,1,2,1,1,193762620.00,12,1215620.00,536.5,72500.00,1358,9600.00,29767.6,640.00,42866.3,320.00,569761.9,40.00,380697962
25/010,2025-01-25,7,14,19,31,36,45,24,,3,3,4,2,1,2,0,2,1,2,7578090.00,1,1580300.00,62,84960.00,204.5,9600.00,3961.2,640.00,5473.9,320.00,75878,40.00,51547722
25/009,2025-01-23,3,6,24,25,34,37,45,,3,3,3,3,2,0,2,2,0,0,0.00,0.5,834970.00,50.5,88180.00,127,9600.00,3505.7,640.00,4022.2,320.00,72790.4,40.00,43343702
25/008,2025-01-21,16,22,33,43,48,49,8,,2,4,3,3,0,1,1,1,3,1,24588320.00,3,873060.00,116.5,59950.00,365,9600.00,6223,640.00,9706.5,320.00,108389.9,40.00,71603316
25/007,2025-01-18,3,4,6,12,18,32,28,"3,4",5,1,1,5,3,2,0,1,0,0.5,16730720.00,6,346480.00,268,20680.00,649.5,9600.00,11180.2,640.00,14642,320.00,164579.8,40.00,70509097
25/006,2025-01-16,1,3,4,19,38,45,39,3,4,2,4,2,3,1,0,1,1,0,0.00,2.5,947930.00,76,83150.00,239.5,9600.00,5678.3,640.00,7272.3,320.00,117535.2,40.00,64108211
25/005,2025-01-14,3,5,11,12,18,48,6,,5,1,3,3,2,3,0,0,1,0,0.00,5,359030.00,164.4,29110.00,654.5,9600.00,8707.5,640.00,15627.4,320.00,139631.6,40.00,60887170
25/004,2025-01-11,8,15,26,27,30,35,2,35,2,4,3,3,1,1,3,1,0,0,0.00,3,576460.00,60,76860.00,187,9600.00,3814.5,640.00,6320.1,320.00,74082,40.00,46488612
25/003,2025-01-09,1,19,28,33,35,41,11,,2,4,5,1,1,1,1,2,1,0,0.00,0,0.00,41,100250.00,168.5,9600.00,2998.8,640.00,6182.1,320.00,61921.6,40.00,41152640
25/002,2025-01-07,8,13,18,23,31,47,16,23,4,2,4,2,1,2,1,1,1,2,69234020.00,14,844560.00,651.5,48390.00,1374.5,9600.00,34521.8,640.00,39843.6,320.00,596018.4,40.00,328821743
25/001,2025-01-02,9,23,42,44,45,46,22,,2,4,3,3,1,0,1,0,4,0,0.00,9.5,982330.00,309.5,80400.00,932,9600.00,18834,640.00,25306,320.00,334380.7,40.00,241793017
24/140,2024-12-28,1,3,5,18,26,35,14,18,4,2,4,2,3,1,1,1,0,0,0.00,5.5,668690.00,207.5,47260.00,531.5,9600.00,12688.6,640.00,14010.3,320.00,213728.5,40.00,107128037
24/139,2024-12-24,8,11,18,23,25,41,45,23,4,2,4,2,1,2,2,0,1,0,0.00,7,476080.00,178.5,49780.00,377.5,9600.00,9755.7,640.00,9650.5,320.00,178035.4,40.00,92452676
24/138,2024-12-21,14,20,21,22,23,30,18,,5,1,2,4,0,2,4,0,0,0,0.00,1,2321600.00,117.5,52680.00,354.5,9600.00,6437.4,640.00,8719.4,320.00,107978.2,40.00,65209192
24/137,2024-12-19,1,2,3,36,37,41,10,,3,3,4,2,3,0,0,2,1,0,0.00,1,2111000.00,84,67010.00,196,9600.00,4262.3,640.00,6956.3,320.00,85110.6,40.00,55481497
24/136,2024-12-17,9,11,23,26,30,48,28,,3,3,3,3,1,1,3,0,1,0,0.00,2,906560.00,125,38680.00,309,9600.00,6031.6,640.00,8624,320.00,101164.1,40.00,53670069
24/135,2024-12-14,1,16,18,36,37,46,38,"16,37",3,3,2,4,1,2,0,2,1,0,0.00,0,0.00,53,80290.00,178,9600.00,3203.2,640.00,4741.5,320.00,59590.5,40.00,41841314
24/134,2024-12-12,10,14,16,21,37,49,22,,4,2,3,3,1,2,1,1,1,0,0.00,0.5,695985.00,83.5,44450.00,121.5,9600.00,3894.4,640.00,3651.3,320.00,54974.8,40.00,36924849
24/133,2024-12-10,3,18,24,33,43,44,4,"18,33",3,3,3,3,1,1,1,1,2,2,19566290.00,7,376040.00,211.5,33180.00,568,9600.00,8316.4,640.00,10321.9,320.00,136277.6,40.00,77591011
24/132,2024-12-07,1,15,18,33,34,39,22,,3,3,4,2,1,2,0,3,0,0,0.00,5,449320.00,66,90770.00,273,9600.00,5067.7,640.00,6956.7,320.00,94715.4,40.00,60265911
24/131,2024-12-05,5,12,27,29,38,40,22,,2,4,3,3,1,1,2,2,0,0,0.00,3.5,576250.00,99.5,54050.00,237,9600.00,5492,640.00,6926,320.00,99433.8,40.00,55745011
24/130,2024-12-03,2,13,15,17,22,28,23,,5,1,3,3,1,3,2,0,0,0,0.00,1.5,1276740.00,80,63830.00,235,9600.00,4891.3,640.00,6491.4,320.00,89792.6,40.00,52529161
24/129,2024-11-30,10,14,23,24,33,41,38,33,4,2,3,3,1,1,2,1,1,0,0.00,1,1566600.00,70,59680.00,164,9600.00,3429.2,640.00,4594.7,320.00,64332.1,40.00,41439147
24/128,2024-11-28,9,15,26,32,33,44,1,44,2,4,3,3,1,1,1,2,1,0,0.00,1,1371390.00,39.5,92580.00,141.2,9600.00,2880.2,640.00,4072.1,320.00,55287,40.00,36119100
24/127,2024-11-26,8,11,12,28,29,44,34,,3,3,2,4,1,2,2,0,1,1.5,31396100.00,4,699950.00,308.5,24200.00,400,9600.00,12457.9,640.00,10203,320.00,185230.4,40.00,84661798
24/126,2024-11-23,1,2,7,14,15,25,35,"1,14",5,1,4,2,3,2,1,0,0,0,0.00,6,387250.00,203.2,30490.00,369.5,9600.00,8427.7,640.00,9023.4,320.00,133191.7,40.00,68386950
24/125,2024-11-21,1,3,6,14,32,34,12,32,4,2,2,4,3,1,0,2,0,0,0.00,3,730100.00,59.2,98660.00,221.5,9600.00,4463.4,640.00,8465.5,320.00,93373.4,40.00,58563862
24/124,2024-11-19,19,32,36,38,39,47,29,"19,38",1,5,3,3,0,1,0,4,1,0,0.00,4,550200.00,81,72450.00,207,9600.00,4452,640.00,6406.1,320.00,80715,40.00,57144818
24/123,2024-11-16,1,3,7,19,31,38,23,,4,2,5,1,3,1,0,2,0,0,0.00,2,763340.00,113.5,35860.00,269.5,9600.00,5987.8,640.00,7747.5,320.00,101386.2,40.00,47025558
24/122,2024-11-14,8,14,20,28,36,39,30,,3,3,1,5,1,2,1,2,0,0,0.00,0,0.00,59.5,66890.00,181,9600.00,3586.1,640.00,4902.2,320.00,66630.3,40.00,40506608
24/121,2024-11-12,5,13,22,27,45,46,7,27,3,3,4,2,1,1,2,0,2,0,0.00,3,474950.00,63,60310.00,155.5,9600.00,2643.9,640.00,4997.4,320.00,50654.3,40.00,37322491
24/120,2024-11-10,3,20,24,27,30,42,17,,3,3,2,4,1,1,3,0,1,1,13105110.00,1,1701700.00,61,74390.00,209,9600.00,3815.7,640.00,5615.7,320.00,74272.2,40.00,45920598
24/119,2024-11-07,11,17,33,36,40,44,2,11,2,4,3,3,0,2,0,3,1,0,0.00,3,501400.00,67,59860.00,134.5,9600.00,3615.7,640.00,4263.9,320.00,64773.5,40.00,39862458
24/118,2024-11-05,7,11,13,24,27,31,35,,4,2,5,1,1,2,2,1,0,1,13569080.00,0,0.00,175.7,24440.00,271.7,9600.00,7338.4,640.00,6491.7,320.00,112081.7,40.00,49859853
24/117,2024-11-02,14,16,25,40,41,45,27,16,2,4,3,3,0,2,1,1,2,0,0.00,1.5,1052680.00,50.5,83380.00,125.5,9600.00,2460.5,640.00,3582,320.00,46952.6,40.00,39191998
24/116,2024-10-31,7,13,16,22,23,31,6,13,5,1,4,2,1,2,2,1,0,0.5,4000000.00,2.5,596540.00,82.5,48200.00,278,9600.00,4171.5,640.00,7522.1,320.00,77407.3,40.00,43683034
24/115,2024-10-28,5,6,13,15,36,49,23,"13,49",4,2,4,2,2,2,0,1,1,3,33625630.00,8,1078200.00,329,69910.00,975,9600.00,17951.4,640.00,27128.9,320.00,345999.1,40.00,228601537
24/114,2024-10-22,13,21,28,30,41,49,3,,2,4,4,2,0,1,3,0,2,0,0.00,3.5,1525990.00,196.5,72480.00,551.5,9600.00,11171.5,640.00,16287.3,320.00,216829.1,40.00,140896033
24/113,2024-10-17,11,17,22,26,33,46,35,,3,3,3,3,0,2,2,1,1,0,0.00,1,2197050.00,146.5,39990.00,258,9600.00,7443.2,640.00,7125,320.00,117738.3,40.00,62186567
24/112,2024-10-15,19,36,37,43,44,49,8,19,1,5,4,2,0,1,0,2,3,0,0.00,2,1148970.00,71,86300.00,146,9600.00,3524,640.00,5312.5,320.00,69882.4,40.00,56670107
24/111,2024-10-12,4,8,9,19,20,48,21,48,5,1,2,4,3,2,0,0,1,0,0.00,7,183560.00,154.5,22170.00,332,9600.00,6468.7,640.00,7411.6,320.00,95566.3,40.00,42836150
24/110,2024-10-10,10,33,35,40,44,48,6,"10,40",1,5,2,4,1,0,0,3,2,0,0.00,1,1545620.00,37.5,109910.00,106.5,9600.00,2569,640.00,3830.2,320.00,51057.8,40.00,38678222
24/109,2024-10-08,10,16,24,32,37,40,19,32,3,3,1,5,1,1,1,3,0,3.5,30972690.00,34.5,274430.00,592.5,42610.00,1688,9600.00,28090.2,640.00,35893.9,320.00,428234.6,40.00,269825272
24/108,2024-10-02,8,15,21,32,43,47,41,,3,3,4,2,1,1,1,1,2,0,0.00,3.5,1889190.00,246.5,71530.00,537.5,9600.00,12845,640.00,15839.5,320.00,239303.5,40.00,168741399
24/107,2024-09-26,2,4,29,35,38,49,14,49,2,4,3,3,2,0,1,2,1,0,0.00,1,2023290.00,45,119890.00,125,9600.00,3067,640.00,4602.7,320.00,67087.6,40.00,50072730
24/106,2024-09-24,9,17,28,31,40,49,25,,2,4,4,2,1,1,1,2,1,0,0.00,1,1700440.00,56.5,80250.00,200,9600.00,3794,640.00,5166,320.00,70645,40.00,45410832
24/105,2024-09-21,2,3,14,25,27,36,45,,3,3,3,3,2,1,2,1,0,0,0.00,1,1386960.00,65.5,56460.00,120.5,9600.00,3270.1,640.00,3437,320.00,60811,40.00,36519524
24/104,2024-09-19,5,18,21,24,44,47,20,"5,18,21,24,44",4,2,3,3,1,1,2,0,2,1,8000000.00,1.5,38400.00,489,19200.00,181.5,9600.00,3665,640.00,4302.2,320.00,53730.3,40.00,37112427
24/103,2024-09-17,5,18,21,24,27,44,10,18,4,2,3,3,1,1,3,0,1,1.5,50366360.00,4.5,1522180.00,251,72770.00,740,9600.00,15578,640.00,24177.1,320.00,297824,40.00,184377147
24/102,2024-09-12,14,18,20,25,32,43,45,20,3,3,2,4,0,3,1,1,1,0,0.00,0,0.00,43.5,94890.00,123.5,9600.00,2515.5,640.00,3072.7,320.00,48524.6,40.00,38457195
24/101,2024-09-10,1,12,16,20,21,30,27,,5,1,2,4,1,3,2,0,0,1,27998840.00,3,693380.00,144,38520.00,305.5,9600.00,7317.4,640.00,8360.4,320.00,120813,40.00,60931072
24/100,2024-09-07,5,24,26,32,35,40,16,,2,4,2,4,1,0,2,3,0,0,0.00,2,1156440.00,72,85660.00,333.5,9600.00,4936.1,640.00,8657.2,320.00,93445.8,40.00,62839177
24/099,2024-09-03,2,3,7,25,46,48,13,2,3,3,3,3,3,0,1,0,2,0,0.00,0,0.00,70.5,64480.00,164,9600.00,3869,640.00,5666.8,320.00,79052.4,40.00,45749297
24/098,2024-08-31,2,21,34,36,41,47,31,,2,4,3,3,1,0,1,2,2,0,0.00,3.5,406740.00,31,122460.00,116.5,9600.00,1907.2,640.00,3389.2,320.00,40049.2,40.00,35077215
24/097,2024-08-29,6,7,18,24,28,29,1,,4,2,2,4,2,1,3,0,0,1.5,13080890.00,6,237320.00,161,23580.00,539.5,9600.00,7453.1,640.00,11752.4,320.00,113796.1,40.00,48296578
24/096,2024-08-27,2,15,23,33,34,39,19,15,3,3,4,2,1,1,1,3,0,0,0.00,0.5,854905.00,57,79990.00,213.5,9600.00,3322.2,640.00,4875.9,320.00,64544.1,40.00,44967321
24/095,2024-08-24,9,15,19,28,31,41,42,9,3,3,5,1,1,2,1,1,1,0,0.00,0,0.00,50,72800.00,106.5,9600.00,2779.3,640.00,3227.5,320.00,53360.2,40.00,35064153
24/094,2024-08-22,8,9,16,21,32,33,34,16,4,2,3,3,2,1,1,2,0,1,8000000.00,3,399020.00,109,29280.00,180.7,9600.00,4583.2,640.00,4499,320.00,78508.4,40.00,35742053
24/093,2024-08-20,1,4,16,26,39,49,7,26,3,3,3,3,2,1,1,1,1,2,4000000.00,1,1062790.00,51.5,68780.00,240,9600.00,3119.7,640.00,6905.9,320.00,59335.6,40.00,37949905
24/092,2024-08-17,6,13,19,21,26,28,9,,4,2,3,3,1,2,3,0,0,1,11836290.00,3,426250.00,67.5,50510.00,372,9600.00,4044,640.00,9415.1,320.00,71096.7,40.00,40838742
24/091,2024-08-15,3,16,33,35,39,44,8,35,2,4,4,2,1,1,0,3,1,0,0.00,3,458500.00,41,89460.00,150,9600.00,2358.7,640.00,4810.1,320.00,48550.4,40.00,35851187
24/090,2024-08-13,7,9,20,21,30,35,26,"21,35",4,2,4,2,2,1,2,1,0,1,8071050.00,1,1357010.00,96.5,37490.00,203.5,9600.00,4696.7,640.00,5501.1,320.00,82061.9,40.00,39918635
24/089,2024-08-10,8,12,21,35,44,45,2,8,3,3,3,3,1,1,1,1,2,0.5,4000000.00,4,330510.00,42,83930.00,176,9600.00,2743,640.00,4756.6,320.00,52557.3,40.00,35562687
24/088,2024-08-08,3,6,7,8,11,29,49,"3,7",5,1,4,2,4,1,1,0,0,4,2000000.00,5.5,38400.00,461.7,19200.00,266,9600.00,13172.1,640.00,6310,320.00,135333.3,40.00,38841130
24/087,2024-08-06,3,4,7,13,27,41,38,,4,2,5,1,3,1,1,0,1,0.5,4000000.00,0.5,319882.50,144.5,23610.00,166,9600.00,5396.9,640.00,4609.4,320.00,85918.1,40.00,38296228
24/086,2024-08-03,5,6,8,22,26,44,40,,4,2,1,5,3,0,2,0,1,1,8000000.00,3.5,329900.00,84.5,36430.00,165.5,9600.00,4826.9,640.00,3740.2,320.00,77615.8,40.00,34549382
24/085,2024-08-01,2,9,16,39,43,46,20,,3,3,3,3,2,1,0,1,2,1,8000000.00,3.5,398780.00,61,61010.00,107,9600.00,2287.5,640.00,3031.7,320.00,46515.4,40.00,34881626
24/084,2024-07-30,6,7,17,20,21,25,26,,5,1,4,2,2,2,2,0,0,1,49808800.00,3,1312080.00,263.5,39830.00,667.5,9600.00,14101.3,640.00,16314,320.00,237045.5,40.00,117186138
24/083,2024-07-25,3,16,18,26,43,45,9,,3,3,3,3,1,2,1,0,2,0,0.00,1.5,1093580.00,82.5,53020.00,242,9600.00,3725.5,640.00,6948.2,320.00,65723.1,40.00,45106130
24/082,2024-07-23,12,13,24,25,27,34,4,,3,3,3,3,0,2,3,1,0,0,0.00,0,0.00,109.5,33760.00,184.2,9600.00,5080.5,640.00,5583.7,320.00,79217.8,40.00,40483478
24/081,2024-07-20,17,18,31,33,39,41,14,18,2,4,5,1,0,2,0,3,1,1,8000000.00,0,0.00,67.7,53840.00,107,9600.00,2879.1,640.00,3078.2,320.00,52386.3,40.00,35078312
24/080,2024-07-18,11,12,18,28,29,30,39,11,3,3,2,4,0,3,3,0,0,2,23269430.00,9.5,247370.00,376,19200.00,482.5,9600.00,12700.1,640.00,11045.5,320.00,181146.6,40.00,79757243
24/079,2024-07-16,11,13,17,34,40,47,21,17,3,3,4,2,0,3,0,2,1,0,0.00,5,568970.00,98.5,77010.00,297.5,9600.00,5654.5,640.00,9569,320.00,110321.4,40.00,74955723
24/078,2024-07-13,17,21,24,27,29,48,8,29,3,3,4,2,0,1,4,0,1,0,0.00,1,2184630.00,110.5,52720.00,310,9600.00,5954.4,640.00,8342.6,320.00,104931.9,40.00,61218507
24/077,2024-07-11,8,20,29,33,34,44,12,,2,4,2,4,1,1,1,2,1,0.5,24400275.00,1.5,2102270.00,123,68360.00,326.5,9600.00,6576.9,640.00,10528.7,320.00,125603.3,40.00,83426066
24/076,2024-07-09,18,25,30,35,36,40,44,,1,5,2,4,0,1,2,3,0,0,0.00,0.5,1299610.00,130,53310.00,236,9600.00,6702.7,640.00,6634,320.00,113722.5,40.00,69082776
24/075,2024-07-07,1,2,17,27,34,41,22,27,3,3,4,2,2,1,1,1,1,0,0.00,1,2836370.00,96.5,78370.00,271,9600.00,5854.2,640.00,8043.3,320.00,116367.5,40.00,74319661
24/074,2024-07-02,5,8,15,21,27,37,2,21,4,2,5,1,2,1,2,1,0,0,0.00,3,603310.00,125.5,38450.00,364.5,9600.00,5369.6,640.00,8946.9,320.00,94018,40.00,53514413
24/073,2024-06-29,7,21,29,30,36,46,42,30,2,4,3,3,1,0,3,1,1,0,0.00,1,1686080.00,58.5,76850.00,191,9600.00,4076.8,640.00,4739.6,320.00,73570.3,40.00,45213609
24/072,2024-06-27,2,17,24,30,32,40,16,"30,40",3,3,1,5,1,1,2,2,0,0.5,11245790.00,1,1930740.00,74.5,69100.00,248.5,9600.00,4011,640.00,6716.3,320.00,78544.8,40.00,51836036
24/071,2024-06-25,21,30,34,40,48,49,16,"34,49",1,5,2,4,0,0,2,2,2,0,0.00,0,0.00,58,84290.00,118,9600.00,3550,640.00,4037.7,320.00,63010.6,40.00,46101446
24/070,2024-06-22,18,25,28,34,42,49,14,42,1,5,2,4,0,1,2,1,2,0,0.00,0,0.00,37.5,97110.00,99.5,9600.00,2124.5,640.00,3196.7,320.00,46407.7,40.00,34112843
24/069,2024-06-20,14,21,26,27,42,46,45,,2,4,2,4,0,1,3,0,2,1,15063020.00,1,1818640.00,65.5,74040.00,142,9600.00,2954.5,640.00,3833.5,320.00,60041.5,40.00,45385596
24/068,2024-06-18,9,16,31,33,38,48,23,,2,4,3,3,1,1,0,3,1,0,0.00,3.5,418240.00,59,66160.00,244,9600.00,3389.4,640.00,5527.6,320.00,64076.5,40.00,40640635
24/067,2024-06-16,3,7,13,17,21,49,4,,5,1,6,0,2,2,1,0,1,0.5,4000000.00,0,0.00,136,23830.00,254,9600.00,5606.9,640.00,7038,320.00,80379.8,40.00,38909305
24/066,2024-06-13,1,5,15,19,25,39,46,19,4,2,6,0,2,2,1,1,0,1,67718480.00,7,752300.00,302.5,46420.00,531.5,9600.00,14944.9,640.00,13842.5,320.00,251302.1,40.00,142887860
24/065,2024-06-09,6,9,12,17,19,42,13,"6,19",5,1,3,3,2,3,0,0,1,0,0.00,10,464000.00,326,37950.00,838.5,9600.00,17871.6,640.00,21614.9,320.00,293214.3,40.00,141383379
24/064,2024-06-04,6,11,19,21,27,43,44,6,4,2,5,1,1,2,2,0,1,0,0.00,2,746840.00,71.5,55700.00,148,9600.00,3787.7,640.00,4027,320.00,69982.2,40.00,40112021
24/063,2024-06-01,6,18,28,33,36,48,11,,2,4,1,5,1,1,1,2,1,1,23177670.00,4.5,358020.00,142.5,30140.00,316.5,9600.00,7597.7,640.00,8244.6,320.00,106109.2,40.00,51010163
24/062,2024-05-30,1,24,25,27,30,32,13,,2,4,3,3,1,0,4,1,0,0,0.00,2,868220.00,78,59360.00,213,9600.00,4503.4,640.00,6784.6,320.00,83021.3,40.00,48119774
24/061,2024-05-28,33,37,38,43,44,46,32,"37,46",0,6,3,3,0,0,0,3,3,0,0.00,2,855840.00,60,76070.00,247.5,9600.00,3263,640.00,5216.4,320.00,57352.1,40.00,45141666
24/060,2024-05-25,7,26,30,37,46,49,25,,1,5,3,3,1,0,2,1,2,0,0.00,2,662240.00,41.5,85100.00,120,9600.00,2316.5,640.00,3946,320.00,48182.4,40.00,34063801
24/059,2024-05-23,5,9,18,21,36,40,13,40,4,2,3,3,2,1,1,2,0,1,36769230.00,1,2291780.00,129.5,47190.00,307.2,9600.00,6782.1,640.00,8499.4,320.00,116855.7,40.00,64669091
24/058,2024-05-21,2,3,4,15,37,40,8,,4,2,3,3,3,1,0,2,0,0,0.00,1,2216200.00,79.5,74330.00,234.7,9600.00,4352.9,640.00,8973.1,320.00,87413.4,40.00,59063126
24/057,2024-05-18,8,17,19,27,33,45,37,,3,3,5,1,1,2,1,1,1,0,0.00,0.5,1064040.00,88.5,64120.00,197,9600.00,4579.5,640.00,6184.2,320.00,83824.1,40.00,47674681
24/056,2024-05-16,21,32,40,43,44,49,1,49,1,5,3,3,0,0,1,2,3,0,0.00,0.5,1113855.00,45,132010.00,149,9600.00,2899.5,640.00,4286.5,320.00,52374.2,40.00,42727716
24/055,2024-05-14,14,37,38,41,45,49,5,41,1,5,4,2,0,1,0,2,3,0,0.00,1,1949710.00,44,118160.00,106,9600.00,2053.7,640.00,3058,320.00,40413.8,40.00,35575441
24/054,2024-05-12,3,9,25,30,36,41,19,,2,4,4,2,2,0,2,1,1,1,21736320.00,1,2502390.00,112.5,59310.00,237.5,9600.00,5164.4,640.00,7229.2,320.00,94212.4,40.00,55554832
24/053,2024-05-09,5,14,15,18,23,48,13,,5,1,3,3,1,3,1,0,1,0,0.00,2,1038190.00,65,85180.00,209.5,9600.00,3716.9,640.00,6063.1,320.00,71689.9,40.00,45202554
24/052,2024-05-07,8,19,27,30,36,42,2,30,2,4,2,4,1,1,2,1,1,0,0.00,1,1801160.00,47,102190.00,206.5,9600.00,3112.8,640.00,5548.3,320.00,60590.8,40.00,39572261
24/051,2024-05-04,1,3,7,21,28,30,45,21,4,2,4,2,3,0,3,0,0,2.5,15089930.00,3.5,656830.00,290.2,21120.00,309,9600.00,10579.4,640.00,7159.7,320.00,149233.7,40.00,64517585
24/050,2024-05-02,6,18,21,39,42,46,17,39,3,3,2,4,1,1,1,1,2,0,0.00,2,1465300.00,61,128110.00,188.5,9600.00,4417.5,640.00,6228.5,320.00,80803.3,40.00,58021809
24/049,2024-04-30,11,12,28,35,37,39,30,28,2,4,4,2,0,2,1,3,0,0,0.00,1,2681260.00,75,95330.00,196.5,9600.00,4357.7,640.00,6205.9,320.00,84702.5,40.00,54985753
24/048,2024-04-27,9,18,28,40,47,48,23,,2,4,2,4,1,1,1,1,2,0,0.00,1,1997480.00,74,71980.00,163,9600.00,3975.5,640.00,4914.3,320.00,69631,40.00,42778772
24/047,2024-04-25,3,17,25,32,36,38,46,,2,4,3,3,1,1,1,3,0,0,0.00,1,1809070.00,47.5,101560.00,149.5,9600.00,3227.9,640.00,4107.5,320.00,62360.3,40.00,38079881
24/046,2024-04-23,5,6,16,27,37,47,24,27,3,3,4,2,2,1,1,1,1,1.5,5333330.00,0,0.00,71,63240.00,151,9600.00,3370.7,640.00,4359.6,320.00,60293.4,40.00,36573781
24/045,2024-04-21,7,8,10,12,17,27,25,17,5,1,3,3,3,2,1,0,0,3.5,7909880.00,7,194190.00,368.2,19200.00,660.4,9600.00,12485.7,640.00,12446.5,320.00,162835.1,40.00,63629164
24/044,2024-04-18,17,25,26,30,38,48,28,17,1,5,2,4,0,1,3,1,1,0,0.00,1,2561350.00,70.5,96880.00,197,9600.00,3917.7,640.00,6365.3,320.00,71865.1,40.00,51989851
24/043,2024-04-16,12,14,17,18,23,44,27,"12,14,17",5,1,2,4,0,4,1,0,1,0,0.00,1.5,1604220.00,50.5,127060.00,191,9600.00,3968.4,640.00,5593.9,320.00,79441.6,40.00,49944294
24/042,2024-04-13,6,10,12,14,17,41,47,,5,1,2,4,2,3,0,0,1,0.5,6822035.00,0,0.00,79.5,63100.00,195.5,9600.00,4344.2,640.00,5998.5,320.00,80148.1,40.00,43639576
24/041,2024-04-11,2,7,9,13,33,35,49,13,4,2,5,1,3,1,0,2,0,0,0.00,2,807420.00,80.5,53490.00,202.5,9600.00,4753.5,640.00,5051,320.00,83330.2,40.00,40307751
24/040,2024-04-09,13,20,29,30,34,48,3,"30,34",2,4,2,4,0,2,2,1,1,1,8000000.00,0,0.00,46,119890.00,147,9600.00,2953,640.00,4507.2,320.00,58086.2,40.00,41144546
24/039,2024-04-06,15,16,17,30,34,35,25,,3,3,3,3,0,3,1,2,0,1,8000000.00,1,1726050.00,64.5,71360.00,169.5,9600.00,2701.4,640.00,4179.8,320.00,50244.9,40.00,35830560
24/038,2024-04-04,4,8,12,22,24,26,1,,5,1,0,6,2,1,3,0,0,2.5,14659460.00,7,233960.00,393,19200.00,952.5,9600.00,13906,640.00,18875.5,320.00,179980.2,40.00,71716401
24/037,2024-04-02,16,25,31,42,43,44,7,,1,5,3,3,0,1,1,1,3,0,0.00,0.5,1601385.00,99,86260.00,235.5,9600.00,4336.5,640.00,7223.4,320.00,82795,40.00,63190696
24/036,2024-03-30,2,6,18,22,36,39,21,"2,39",4,2,1,5,2,1,1,2,0,0.5,20525725.00,1.5,2455870.00,179.2,54810.00,354.5,9600.00,8746.8,640.00,10081.2,320.00,152113.2,40.00,83887661
24/035,2024-03-28,2,9,15,20,39,48,43,,4,2,3,3,2,2,0,1,1,1,22142760.00,1.5,1860740.00,89,83620.00,177.5,9600.00,4641.5,640.00,4883.5,320.00,87264.4,40.00,55880649
24/034,2024-03-26,6,11,12,18,24,42,38,"11,18,24,42",5,1,1,5,1,3,1,0,1,0,0.00,5.5,296140.00,210.5,20630.00,319.5,9600.00,8114.5,640.00,7014.6,320.00,107759.1,40.00,49533360
24/033,2024-03-23,11,18,24,35,42,46,3,42,3,3,2,4,0,2,1,1,2,0,0.00,0.5,883075.00,44,107030.00,176.5,9600.00,3068.7,640.00,4546.3,320.00,55448.9,40.00,37536991
24/032,2024-03-21,6,19,20,34,39,42,44,,3,3,2,4,1,2,0,2,1,2,7675880.00,2,1225290.00,73,89510.00,137.5,9600.00,3363.7,640.00,4017,320.00,67338.5,40.00,47045890
24/031,2024-03-19,7,8,29,30,36,48,28,8,2,4,2,4,2,0,2,1,1,0,0.00,3,492640.00,79.5,49570.00,275.5,9600.00,4081.3,640.00,6889.7,320.00,71404.2,40.00,39157438
24/030,2024-03-17,1,8,13,23,40,44,15,23,4,2,3,3,2,1,1,1,1,1,76086400.00,2.5,2380200.00,182.5,86940.00,446,9600.00,11262.7,640.00,12947.5,320.00,206815.5,40.00,124998398
24/029,2024-03-14,6,23,24,31,34,49,1,24,3,3,3,3,1,0,2,2,1,0,0.00,5,929060.00,133.5,92790.00,596,9600.00,8392.7,640.00,15174.3,320.00,165002.6,40.00,104779023
24/028,2024-03-12,13,16,18,24,32,43,44,32,4,2,2,4,0,3,1,1,1,0.5,44298780.00,5,1464170.00,240.5,81170.00,597,9600.00,12987,640.00,16657.5,320.00,244616.3,40.00,153316396
24/027,2024-03-09,4,5,8,21,32,42,45,"5,32",4,2,2,4,3,0,1,1,1,0,0.00,4,1304640.00,165,84340.00,409,9600.00,8862.2,640.00,10045.5,320.00,167334.1,40.00,106921091
24/026,2024-03-07,5,22,30,31,32,39,44,39,2,4,3,3,1,0,2,3,0,0,0.00,2.5,1747420.00,104,112010.00,292.5,9600.00,7399.1,640.00,8579.5,320.00,136159.5,40.00,88406173
24/025,2024-03-05,11,24,34,36,39,42,38,,2,4,2,4,0,1,1,3,1,0,0.00,2,1654240.00,113,78070.00,325.5,9600.00,6164.7,640.00,9419.1,320.00,112410.7,40.00,71886500
24/024,2024-03-02,7,23,31,35,43,46,10,,2,4,5,1,1,0,1,2,2,0,0.00,0,0.00,84,82150.00,209.5,9600.00,4321.5,640.00,5805.5,320.00,78851.7,40.00,53237610
24/023,2024-02-29,5,13,16,36,39,41,38,,3,3,4,2,1,2,0,2,1,0,0.00,0,0.00,78,82010.00,178.5,9600.00,3361,640.00,5293,320.00,63719.9,40.00,47560353
24/022,2024-02-27,3,11,12,22,24,26,21,24,5,1,2,4,1,2,3,0,0,0,0.00,5.5,232700.00,191,19200.00,324.5,9600.00,7433.9,640.00,7735.7,320.00,106599.9,40.00,44702921
24/021,2024-02-24,2,7,24,29,30,36,6,,3,3,2,4,2,0,3,1,0,0.5,4000000.00,2,704330.00,68.2,55080.00,270.7,9600.00,3829.4,640.00,7350.9,320.00,69961.5,40.00,38000436
24/020,2024-02-22,22,25,33,34,35,39,5,,1,5,4,2,0,0,2,4,0,1,14341020.00,2,1056830.00,70.5,79940.00,233.5,9600.00,4602.6,640.00,5967.6,320.00,77144.3,40.00,47532331
24/019,2024-02-20,10,26,27,29,30,45,37,"26,27",1,5,3,3,1,0,4,0,1,0,0.00,2,1105400.00,64,92110.00,112,9600.00,3859.4,640.00,3736.1,320.00,66470.4,40.00,43696150
24/018,2024-02-17,9,23,26,27,36,41,24,,2,4,4,2,1,0,3,1,1,1,8000000.00,3,684510.00,64,85560.00,166,9600.00,3577.7,640.00,5011.6,320.00,67973,40.00,43055933
24/017,2024-02-14,10,12,13,24,25,48,15,25,4,2,2,4,1,2,2,0,1,1.5,82413940.00,7.5,1716480.00,620,55370.00,1161.5,9600.00,31149.2,640.00,34093.7,320.00,529094.8,40.00,291614875
24/016,2024-02-08,5,7,9,20,22,25,13,,5,1,4,2,3,1,2,0,0,0.5,17237465.00,8.5,290440.00,232.5,28310.00,497.5,9600.00,10389.8,640.00,11531.6,320.00,155845.1,40.00,73029107
24/015,2024-02-06,15,18,19,38,41,49,22,,3,3,4,2,0,3,0,1,2,0,0.00,1,3179570.00,61.5,137860.00,179.2,9600.00,4594.9,640.00,6325,320.00,91035.1,40.00,62259415
24/014,2024-02-03,3,7,21,32,36,47,23,,3,3,4,2,2,0,1,2,1,0,0.00,6.5,308800.00,115.5,46340.00,305.5,9600.00,4662,640.00,6413.9,320.00,77364.5,40.00,47719513
24/013,2024-02-01,4,12,15,23,24,31,43,,5,1,3,3,1,2,2,1,0,0,0.00,4,468470.00,89,56140.00,145.5,9600.00,4417.1,640.00,4011.5,320.00,77070.4,40.00,41330384
24/012,2024-01-30,8,20,21,29,30,49,32,8,3,3,3,3,1,1,3,0,1,0.5,4000000.00,0,0.00,65,77390.00,121,9600.00,3654,640.00,3928.1,320.00,69702,40.00,39565571
24/011,2024-01-27,1,8,13,19,34,47,12,,4,2,4,2,2,2,0,1,1,1,8000000.00,1,1204220.00,76,42250.00,248.4,9600.00,3983.7,640.00,6670.4,320.00,67623.7,40.00,34436697
24/010,2024-01-25,2,5,15,32,45,49,19,2,3,3,4,2,2,1,0,1,2,1,14132260.00,3.5,584020.00,63.5,85840.00,188,9600.00,3697,640.00,4547.9,320.00,66231.8,40.00,43056463
24/009,2024-01-23,2,6,7,14,30,43,15,43,4,2,2,4,3,1,1,0,1,0,0.00,1,1572410.00,51.5,81410.00,207.5,9600.00,3677.9,640.00,6215.8,320.00,67617.3,40.00,38072493
24/008,2024-01-20,3,25,31,40,43,48,45,,1,5,4,2,1,0,1,2,2,1,41969540.00,1,3794320.00,86,117650.00,248.5,9600.00,5180,640.00,7413.5,320.00,99858.6,40.00,73823573
24/007,2024-01-18,2,10,17,46,47,49,3,47,3,3,3,3,2,1,0,0,3,0,0.00,5,566880.00,88.5,85400.00,347.5,9600.00,4871.5,640.00,9567,320.00,93512.7,40.00,63001095
24/006,2024-01-16,1,6,8,27,41,47,29,,3,3,4,2,3,0,1,0,2,0,0.00,1,2421340.00,106,60910.00,222.5,9600.00,4793.4,640.00,6400.4,320.00,97656.1,40.00,53512905
24/005,2024-01-14,3,17,18,36,38,39,21,"3,38",3,3,3,3,1,2,0,3,0,0,0.00,1.5,1515390.00,90.5,66970.00,169,9600.00,5202.6,640.00,5278.3,320.00,87165,40.00,49593433
24/004,2024-01-11,3,6,8,26,29,38,1,3,3,3,2,4,3,0,2,1,0,0,0.00,5,235430.00,138.5,22660.00,452.5,9600.00,5814.4,640.00,10748.8,320.00,86800.2,40.00,39925810
24/003,2024-01-09,3,9,16,19,33,35,39,33,4,2,5,1,2,2,0,2,0,1,8000000.00,1.5,945640.00,106,35680.00,329.2,9600.00,5204.6,640.00,7219.5,320.00,86588.9,40.00,41956898
24/002,2024-01-06,1,4,24,31,33,34,2,34,3,3,3,3,2,0,1,3,0,1.5,73616970.00,12,768210.00,416,59090.00,1054,9600.00,22623.4,640.00,29106.8,320.00,397282.9,40.00,217293715
24/001,2024-01-03,2,3,19,34,37,46,32,19,3,3,3,3,2,1,0,2,1,0,0.00,14,542130.00,318.5,63540.00,877,9600.00,16400.5,640.00,21406.2,320.00,280332.9,40.00,171448460
23/146,2023-12-30,5,8,19,25,41,48,24,,3,3,4,2,2,1,1,0,2,0,0.00,0,0.00,89,88490.00,235,9600.00,5111.7,640.00,7350.4,320.00,99333.2,40.00,62019078
23/145,2023-12-28,11,18,27,29,34,45,28,,2,4,4,2,0,2,2,1,1,0,0.00,1,2696420.00,113.2,63510.00,309.5,9600.00,5615.7,640.00,8980.5,320.00,99180.5,40.00,61407861
23/144,2023-12-24,2,8,16,19,37,49,20,49,4,2,3,3,2,2,0,1,1,0,0.00,1,1943520.00,72.5,71480.00,221.5,9600.00,4172.5,640.00,5985,320.00,78730.6,40.00,44628700
23/143,2023-12-21,1,10,12,33,46,49,32,"33,46",3,3,3,3,2,1,0,1,2,0,0.00,3.5,400200.00,56,66700.00,194.5,9600.00,3477.5,640.00,4557.5,320.00,66299.3,40.00,34194175
23/142,2023-12-19,4,9,13,33,35,46,6,4,3,3,4,2,2,1,0,2,1,1.5,61757860.00,14.5,535020.00,264,78360.00,1103,9600.00,14669.2,640.00,24517.8,320.00,278179.8,40.00,177377384
23/141,2023-12-14,3,4,11,37,44,48,36,3,3,3,3,3,2,1,0,1,2,0,0.00,5,1021500.00,149,91400.00,445,9600.00,8389.7,640.00,11181.2,320.00,166659.8,40.00,106117614
23/140,2023-12-12,3,10,20,24,27,42,45,3,4,2,2,4,2,1,2,0,1,0,0.00,5,878650.00,120,97620.00,294,9600.00,7667.2,640.00,8801,320.00,148599.8,40.00,90138637
23/139,2023-12-09,2,3,4,31,46,49,34,,3,3,3,3,3,0,0,1,2,0,0.00,2.5,1253260.00,95.5,87480.00,197,9600.00,5613.2,640.00,6439,320.00,106742.4,40.00,64383920
23/138,2023-12-07,27,28,37,38,43,45,40,38,0,6,4,2,0,0,2,2,2,0,0.00,1.5,1901560.00,96,79230.00,193.5,9600.00,4364.2,640.00,5197.2,320.00,76834.4,40.00,56080440
23/137,2023-12-05,9,16,23,38,39,41,19,38,3,3,4,2,1,1,1,2,1,0,0.00,2,1190450.00,84.5,75130.00,262,9600.00,4460.6,640.00,7274.4,320.00,82693.8,40.00,52681562
23/136,2023-12-02,3,17,30,36,38,45,8,36,2,4,3,3,1,1,1,2,1,0,0.00,1.5,1353520.00,36,150390.00,188.5,9600.00,2736.7,640.00,5709.7,320.00,54763.4,40.00,41578848
23/135,2023-11-30,7,12,32,34,36,39,5,,2,4,2,4,1,1,0,4,0,0,0.00,0,0.00,46,96860.00,119,9600.00,3097.1,640.00,3683,320.00,54685.4,40.00,34688840
23/134,2023-11-28,3,14,20,30,38,42,13,,3,3,1,5,1,2,1,1,1,1,14213450.00,2,1035570.00,74.5,74130.00,177,9600.00,3214.4,640.00,5409.6,320.00,64678.4,40.00,43051665
23/133,2023-11-25,2,8,12,28,34,47,7,28,3,3,1,5,2,1,1,1,1,0,0.00,2,542310.00,71,40730.00,236.5,9600.00,4081,640.00,6927.7,320.00,67715.2,40.00,32877360
23/132,2023-11-23,11,16,24,27,28,32,48,11,3,3,2,4,0,2,3,1,0,1,13171710.00,2,861950.00,129.5,35490.00,198,9600.00,4523.4,640.00,5060,320.00,76820.1,40.00,40957615
23/131,2023-11-21,9,11,15,17,19,44,7,,5,1,5,1,1,4,0,0,1,0,0.00,7,162990.00,86,35370.00,422,9600.00,4006.9,640.00,8626.5,320.00,68936.3,40.00,37949038
23/130,2023-11-18,6,25,29,30,34,35,20,,1,5,3,3,1,0,3,2,0,1,8000000.00,0,0.00,53.5,77100.00,133,9600.00,3011.5,640.00,4013.8,320.00,51888.8,40.00,33141120
23/129,2023-11-16,3,5,8,16,26,33,24,,4,2,3,3,3,1,1,1,0,2,16459630.00,2.5,748620.00,162.7,30670.00,469.1,9600.00,8345.6,640.00,10059.6,320.00,135122.5,40.00,59591983
23/128,2023-11-14,2,15,27,36,37,48,23,37,2,4,3,3,1,1,1,2,1,0,0.00,3,883970.00,51,138660.00,158,9600.00,3392.4,640.00,5029.5,320.00,68082.2,40.00,50830906
23/127,2023-11-12,19,26,32,34,37,44,11,,1,5,2,4,0,1,1,3,1,0,0.00,1,2407820.00,68.5,93730.00,165,9600.00,3578,640.00,5322.2,320.00,65068.2,40.00,47813946
23/126,2023-11-09,1,4,18,25,30,49,15,49,3,3,3,3,2,1,2,0,1,0.5,9991255.00,0,0.00,95.5,59580.00,188.7,9600.00,4880.7,640.00,5706.6,320.00,88588.6,40.00,48034783
23/125,2023-11-07,7,16,26,31,47,49,44,16,2,4,4,2,1,1,1,1,2,0.5,10921060.00,0,0.00,73,97140.00,140,9600.00,3612.5,640.00,4459.5,320.00,76452.9,40.00,51154758
23/124,2023-11-04,2,13,16,28,40,44,46,,3,3,1,5,1,2,1,1,1,0,0.00,2,977340.00,48,108590.00,133,9600.00,2979.1,640.00,4198,320.00,56508.3,40.00,39087404
23/123,2023-11-02,3,14,32,37,43,47,26,,2,4,4,2,1,1,0,2,2,0,0.00,3,592520.00,55.5,85400.00,135,9600.00,2283.5,640.00,3374.4,320.00,44130,40.00,34490561
23/122,2023-10-31,4,33,35,36,41,49,1,33,1,5,4,2,1,0,0,3,2,1,57679340.00,6.5,1009190.00,163.5,106980.00,409,9600.00,8266.7,640.00,14912.1,320.00,165991.6,40.00,127195633
23/121,2023-10-26,11,16,27,32,33,37,24,,2,4,4,2,0,2,1,3,0,1,15461650.00,0,0.00,117,43570.00,186.2,9600.00,4559.5,640.00,5396.7,320.00,74119,40.00,43341115
23/120,2023-10-24,19,20,29,45,48,49,8,,2,4,4,2,0,2,1,0,3,0,0.00,0,0.00,45.5,101140.00,128.5,9600.00,3030.5,640.00,4285.7,320.00,52564,40.00,35723268
23/119,2023-10-21,6,8,12,31,32,46,4,32,3,3,1,5,2,1,0,2,1,1,30402240.00,1.5,1310280.00,144.5,36270.00,366.5,9600.00,7459.4,640.00,9828.1,320.00,114297.5,40.00,56311109
23/118,2023-10-19,1,13,18,32,34,49,44,"18,34",3,3,3,3,1,2,0,2,1,0,0.00,1,2520000.00,65.5,102590.00,166.5,9600.00,4059.1,640.00,4746.5,320.00,77375.6,40.00,50503187
23/117,2023-10-17,8,18,24,34,41,42,31,42,3,3,1,5,1,1,1,1,2,0,0.00,2,1149860.00,80,76650.00,169.5,9600.00,3883.5,640.00,4524,320.00,71101.7,40.00,46763407
23/116,2023-10-14,1,29,31,42,47,48,40,31,1,5,4,2,1,0,1,1,3,0,0.00,1,2015580.00,36.5,147250.00,102,9600.00,2161.5,640.00,2840,320.00,45461.8,40.00,36770451
23/115,2023-10-12,2,13,23,28,30,31,3,23,3,3,3,3,1,1,3,1,0,0.5,4000000.00,4,348470.00,85,43730.00,282.4,9600.00,3438.5,640.00,7994.7,320.00,62308.6,40.00,37359399
23/114,2023-10-10,1,12,22,23,34,39,30,12,4,2,3,3,1,1,2,2,0,1,8000000.00,0.5,851875.00,65,69890.00,178,9600.00,3748,640.00,4814.3,320.00,65323.3,40.00,38412506
23/113,2023-10-07,4,9,12,36,43,47,26,,3,3,3,3,2,1,0,1,2,1,13755970.00,0,0.00,62,82520.00,163.5,9600.00,3270.5,640.00,5157.9,320.00,65967.7,40.00,40755656
23/112,2023-10-05,2,11,20,29,41,49,45,,3,3,4,2,1,2,1,0,2,0,0.00,1,1891330.00,53,95160.00,105,9600.00,2945,640.00,2990,320.00,57673,40.00,37060046
23/111,2023-10-03,8,16,32,39,40,43,29,8,2,4,2,4,1,1,0,3,1,1.5,47871870.00,2.5,2171150.00,158.4,91370.00,344.5,9600.00,9110.2,640.00,11142.7,320.00,152929.5,40.00,108491306
23/110,2023-09-30,6,8,11,26,35,47,1,,3,3,3,3,2,1,1,1,1,0,0.00,5.5,725950.00,169,63000.00,527,9600.00,9254.6,640.00,16550,320.00,171838.6,40.00,97041946
23/109,2023-09-28,9,12,30,31,45,48,46,,2,4,3,3,1,1,1,1,2,0.5,43545880.00,3.5,2580160.00,269.5,89350.00,634,9600.00,15689.2,640.00,19580,320.00,300332.5,40.00,186230621
23/108,2023-09-23,3,27,28,35,44,46,12,"28,46",1,5,3,3,1,0,2,1,2,0,0.00,2,1607830.00,83.5,102690.00,253.5,9600.00,4619.2,640.00,7588.1,320.00,88193,40.00,64636741
23/107,2023-09-21,1,10,22,28,33,46,37,10,3,3,2,4,2,0,2,1,1,0,0.00,2.5,935300.00,101,61730.00,351.5,9600.00,5729.8,640.00,5903.3,320.00,103279.2,40.00,55910696
23/106,2023-09-19,8,9,10,27,35,38,46,10,3,3,3,3,3,0,1,2,0,0,0.00,2,1110010.00,103,57470.00,228.5,9600.00,5867.6,640.00,5467,320.00,106730.4,40.00,52280526
23/105,2023-09-16,10,24,34,40,41,45,35,,2,4,2,4,1,0,1,2,2,0,0.00,0,0.00,41.5,125130.00,148.5,9600.00,2711,640.00,4464.7,320.00,50888.4,40.00,38689064
23/104,2023-09-14,17,27,30,31,32,38,11,"30,32",1,5,3,3,0,1,2,3,0,0,0.00,2,799280.00,42,101490.00,157,9600.00,2876.8,640.00,4795.4,320.00,49037.2,40.00,34362063
23/103,2023-09-12,4,10,12,16,30,32,14,"4,32",4,2,0,6,2,2,1,1,0,1,34785090.00,6.5,401140.00,169.2,41090.00,352.2,9600.00,7486.1,640.00,9221.8,320.00,124171.7,40.00,65170461
23/102,2023-09-09,4,6,19,32,39,42,34,,3,3,2,4,2,1,0,2,1,0,0.00,2,1171250.00,41.5,150520.00,177,9600.00,3304,640.00,4444,320.00,70013.8,40.00,46662389
23/101,2023-09-07,20,22,24,25,29,49,36,"20,24",3,3,3,3,0,1,4,0,1,0,0.00,2,1196060.00,63.5,100450.00,140.5,9600.00,3321.7,640.00,4022.1,320.00,63332.8,40.00,45962669
23/100,2023-09-05,2,5,20,24,27,32,12,20,4,2,2,4,2,1,2,1,0,0,0.00,1,1586290.00,48.5,87210.00,298.5,9600.00,3650,640.00,8058.3,320.00,69165.1,40.00,41052009
23/099,2023-09-03,15,20,25,39,45,48,28,15,2,4,4,2,0,2,1,1,2,0,0.00,4,440280.00,33.5,140190.00,133.5,9600.00,2359.2,640.00,3338.4,320.00,44070.6,40.00,34305064
23/098,2023-08-31,10,15,17,21,40,44,12,,4,2,3,3,1,2,1,1,1,1,8000000.00,0,0.00,32.5,145510.00,83.5,9600.00,2182.6,640.00,3547.3,320.00,44177.4,40.00,33505359
23/097,2023-08-29,3,6,7,33,36,46,4,46,3,3,3,3,3,0,0,2,1,1,20215930.00,4.5,444020.00,142,37520.00,274.5,9600.00,6181.8,640.00,7916.6,320.00,94948.2,40.00,51038741
23/096,2023-08-26,16,26,31,35,39,46,3,"31,46",1,5,3,3,0,1,1,3,1,0,0.00,1,2073870.00,36.5,151510.00,103,9600.00,2779,640.00,3667.9,320.00,52862.3,40.00,39349610
23/095,2023-08-24,6,18,29,31,44,46,8,,2,4,2,4,1,1,1,1,2,0,0.00,1,1697460.00,33,137160.00,131,9600.00,2349,640.00,4567.9,320.00,46508.4,40.00,34293799
23/094,2023-08-22,1,5,7,12,48,49,16,,4,2,4,2,3,1,0,0,2,1,8000000.00,6,134400.00,214.5,19200.00,322,9600.00,7172,640.00,5866.9,320.00,96462.5,40.00,37363159
23/093,2023-08-19,8,14,18,20,23,25,44,18,5,1,2,4,1,3,2,0,0,2,6369920.00,9,175540.00,135,31200.00,208.5,9600.00,5049.7,640.00,4169.4,320.00,82714.8,40.00,39723946
23/092,2023-08-17,3,9,15,18,21,37,42,37,5,1,5,1,2,2,1,1,0,0,0.00,2,775710.00,80.5,51390.00,145,9600.00,3707.8,640.00,3773,320.00,65219.7,40.00,35086943
23/091,2023-08-15,4,12,17,37,38,39,41,"12,17",3,3,3,3,1,2,0,3,0,2,13292970.00,2.5,1130950.00,95.5,78940.00,193,9600.00,4819.6,640.00,5236.6,320.00,86193.3,40.00,56989344
23/090,2023-08-12,3,12,13,17,24,36,16,"3,13",5,1,3,3,1,3,1,1,0,0,0.00,2,952280.00,72,70530.00,217.4,9600.00,4736.6,640.00,5650.9,320.00,83987.6,40.00,44887425
23/089,2023-08-10,2,3,4,13,18,42,12,"4,18",5,1,2,4,3,2,0,0,1,0,0.00,1,1463350.00,118,33070.00,295.5,9600.00,4567.1,640.00,8026.8,320.00,78380.1,40.00,41081607
23/088,2023-08-08,4,7,18,28,30,40,29,,3,3,1,5,2,1,2,1,0,0,0.00,2,677810.00,74,48850.00,264.5,9600.00,4635.7,640.00,6129.9,320.00,77018,40.00,37925396
23/087,2023-08-05,2,8,24,39,41,44,40,44,3,3,2,4,2,0,1,1,2,1,29063330.00,1.5,1815990.00,65,111750.00,164.5,9600.00,3708.4,640.00,5234.8,320.00,73459,40.00,52818584
23/086,2023-08-03,3,14,23,30,33,44,21,,3,3,3,3,1,1,2,1,1,0,0.00,2,1030020.00,87,63140.00,208.5,9600.00,5369.7,640.00,5872.6,320.00,86590.7,40.00,47912933
23/085,2023-08-01,2,7,25,28,31,35,11,,2,4,4,2,2,0,2,2,0,0,0.00,3.5,503010.00,63,74520.00,321,9600.00,4013.7,640.00,8556.2,320.00,76441.1,40.00,45080955
23/084,2023-07-29,13,23,26,40,41,43,14,"13,43",2,4,4,2,0,1,2,1,2,0,0.00,2,904930.00,42.5,113560.00,103.5,9600.00,2461.9,640.00,3402,320.00,47414.7,40.00,34839965
23/083,2023-07-27,13,15,17,18,20,43,39,13,5,1,4,2,0,5,0,0,1,0.5,4000000.00,1,1786270.00,48.5,98210.00,93.5,9600.00,2774.2,640.00,2881.6,320.00,49272.6,40.00,34541356
23/082,2023-07-25,1,2,10,13,29,47,9,,4,2,4,2,3,1,1,0,1,2.5,21616130.00,7.5,712900.00,310.5,45910.00,850,9600.00,13274.2,640.00,22942.7,320.00,225600.1,40.00,133688280
23/081,2023-07-20,4,16,18,34,35,46,47,"16,34",3,3,1,5,1,2,0,2,1,0,0.00,1.5,1237900.00,50,99030.00,113.5,9600.00,2773.7,640.00,3662,320.00,55845.8,40.00,36803315
23/080,2023-07-18,15,16,34,36,39,40,42,,2,4,2,4,0,2,0,4,0,1,26751000.00,1,2849480.00,73,104090.00,145.5,9600.00,3695.6,640.00,4604.5,320.00,71590.9,40.00,53656300
23/079,2023-07-15,4,9,12,33,37,42,3,,3,3,3,3,2,1,0,2,1,0,0.00,1.5,1369220.00,93,58890.00,190,9600.00,4437,640.00,6483.9,320.00,79572.7,40.00,46236779
23/078,2023-07-13,3,8,11,23,36,38,33,,4,2,3,3,2,1,1,2,0,0.5,12041045.00,16,92110.00,248.5,19200.00,828.7,9600.00,8207.1,640.00,12178.8,320.00,111842.5,40.00,54267777
23/077,2023-07-11,7,19,22,27,40,47,13,22,3,3,4,2,1,1,2,1,1,0,0.00,1.5,1562630.00,63.5,98430.00,171,9600.00,4575,640.00,6237.6,320.00,87894.2,40.00,50468950
23/076,2023-07-08,1,11,22,26,38,39,27,,3,3,3,3,1,1,2,2,0,0.5,12628470.00,2.5,1032460.00,151,45580.00,328,9600.00,7353.6,640.00,8678.7,320.00,123287.6,40.00,63839510
23/075,2023-07-04,5,15,20,29,32,37,18,29,3,3,4,2,1,2,1,2,0,0,0.00,0,0.00,53.5,107460.00,134.7,9600.00,2984.7,640.00,4286.2,320.00,58822.6,40.00,42080362
23/074,2023-07-02,3,6,25,29,35,42,36,6,2,4,4,2,2,0,2,1,1,0,0.00,0.5,889105.00,44,107770.00,124.5,9600.00,2510.1,640.00,3770,320.00,50489.9,40.00,35286851
23/073,2023-06-29,6,10,18,21,22,33,4,"10,18",5,1,2,4,2,1,2,1,0,2.5,19056090.00,6,527550.00,189,44660.00,409.5,9600.00,9752.3,640.00,12217.8,320.00,165253.5,40.00,81262464
23/072,2023-06-27,7,10,16,18,29,45,1,16,4,2,3,3,2,2,1,0,1,0,0.00,4.5,738680.00,125.5,70630.00,341.9,9600.00,6598.7,640.00,10800,320.00,126995.3,40.00,74802703
23/071,2023-06-24,1,11,14,16,26,36,39,14,4,2,2,4,1,3,1,1,0,0.5,28172000.00,3,1385920.00,240.7,46060.00,389.5,9600.00,11346,640.00,11106.5,320.00,182126.4,40.00,96851292
23/070,2023-06-22,14,15,24,30,37,39,26,,3,3,3,3,0,2,2,2,0,0,0.00,3,1541180.00,106,116310.00,317,9600.00,6383.3,640.00,9836.2,320.00,126106.2,40.00,91097328
23/069,2023-06-20,8,18,31,34,35,47,39,"18,31,35",2,4,3,3,1,1,0,3,1,0,0.00,1,2272400.00,53,114330.00,123,9600.00,3417.5,640.00,3854.5,320.00,66680.1,40.00,44289453
23/068,2023-06-17,18,22,31,35,44,48,6,,2,4,2,4,0,1,1,2,2,0,0.00,1,1682740.00,58,77360.00,144,9600.00,2245.2,640.00,3755.7,320.00,45383.2,40.00,33637623
23/067,2023-06-15,5,13,17,20,33,38,14,,4,2,4,2,1,3,0,2,0,0.5,4000000.00,3,475590.00,85,44760.00,180,9600.00,3836,640.00,3765.8,320.00,63511.1,40.00,34039129
23/066,2023-06-13,14,16,22,26,36,42,19,"14,16,22",3,3,0,6,0,2,2,1,1,1,40948040.00,2.5,1337400.00,123,72480.00,251.5,9600.00,5831.1,640.00,6772.9,320.00,103478.6,40.00,68420902
23/065,2023-06-11,14,16,18,22,30,47,11,22,4,2,1,5,0,3,2,0,1,0,0.00,2.5,1135480.00,86.5,87510.00,219.5,9600.00,4709.6,640.00,7307.6,320.00,88682.5,40.00,58895513
23/064,2023-06-08,4,22,24,28,45,46,7,45,3,3,1,5,1,0,3,0,2,0,0.00,0.5,1147080.00,67,91310.00,214.5,9600.00,3719.2,640.00,6001.2,320.00,69201.9,40.00,48027796
23/063,2023-06-06,6,12,34,42,45,48,2,48,2,4,1,5,1,1,0,1,3,0,0.00,2.5,849570.00,57,99360.00,145,9600.00,3042.5,640.00,4513.2,320.00,58038.8,40.00,41972096
23/062,2023-06-03,2,16,24,25,47,48,40,47,3,3,2,4,1,1,2,0,2,0,0.00,1,1644850.00,54.5,80480.00,113.5,9600.00,2523,640.00,3139.7,320.00,46381.5,40.00,32619469
23/061,2023-06-01,14,30,32,42,45,47,4,"30,32",1,5,2,4,0,1,1,1,3,1,8000000.00,2,946810.00,29,174120.00,91,9600.00,1913.7,640.00,3334.2,320.00,39917,40.00,34508646
23/060,2023-05-30,3,9,15,30,32,41,26,32,3,3,4,2,2,1,1,1,1,1,8000000.00,2,850970.00,45.5,99740.00,142.7,9600.00,2814.7,640.00,4182,320.00,55728.4,40.00,35568870
23/059,2023-05-27,11,20,21,22,27,32,12,,4,2,3,3,0,2,3,1,0,1,49073940.00,4.5,600940.00,182,39620.00,657.2,9600.00,8354.4,640.00,15108.1,320.00,142779.9,40.00,77802262
23/058,2023-05-25,3,14,18,26,40,43,15,14,3,3,2,4,1,2,1,1,1,0,0.00,0,0.00,54.5,155090.00,176.5,9600.00,4073.5,640.00,5267.9,320.00,81233.2,40.00,60107941
23/057,2023-05-23,4,14,15,37,41,49,38,,3,3,4,2,1,2,0,1,2,0,0.00,1.5,1851290.00,75.5,98080.00,157.5,9600.00,3902,640.00,4939.9,320.00,71940.5,40.00,53354696
23/056,2023-05-20,1,19,22,26,46,47,39,47,3,3,3,3,1,1,2,0,2,0,0.00,4,553970.00,54,109420.00,99.5,9600.00,2862,640.00,3601.5,320.00,58700.4,40.00,41705550
23/055,2023-05-18,5,6,12,16,41,47,7,,4,2,3,3,2,2,0,0,2,0,0.00,2,883920.00,33,142850.00,179.5,9600.00,3313.7,640.00,6304.9,320.00,64500.9,40.00,39616432
23/054,2023-05-16,2,18,27,31,32,46,44,,2,4,2,4,1,1,1,2,1,0,0.00,1,1770210.00,41,115130.00,142.5,9600.00,2736.2,640.00,3201,320.00,54037,40.00,35691798
23/053,2023-05-14,1,4,9,35,37,48,43,,3,3,4,2,3,0,0,2,1,1,22308760.00,0,0.00,64,103200.00,146,9600.00,3976,640.00,3965.5,320.00,80893.7,40.00,49254796
23/052,2023-05-11,17,18,28,30,32,33,1,32,2,4,2,4,0,2,2,2,0,0,0.00,0.5,860810.00,126.5,36290.00,228.5,9600.00,4787.5,640.00,5592.2,320.00,76116,40.00,42045167
23/051,2023-05-09,7,10,22,25,32,35,27,25,3,3,3,3,2,0,2,2,0,0,0.00,0.5,852025.00,74.2,61240.00,160.2,9600.00,3365.4,640.00,4524,320.00,62588.1,40.00,37272020
23/050,2023-05-06,1,5,14,15,21,25,31,,5,1,5,1,2,2,2,0,0,1,12530890.00,1.5,1006860.00,104,38720.00,199,9600.00,4941.9,640.00,5353.4,320.00,74928.5,40.00,38607230
23/049,2023-05-04,2,10,28,37,47,49,7,"10,49",2,4,3,3,2,0,1,1,2,0,0.00,2,864820.00,45.5,101370.00,143.5,9600.00,2397.5,640.00,5301.9,320.00,47635.7,40.00,35528511
23/048,2023-05-02,4,10,20,32,38,49,7,,3,3,1,5,2,1,0,2,1,1,8000000.00,2,882100.00,57.5,81810.00,133,9600.00,2837.7,640.00,4828.7,320.00,59315.8,40.00,36917434
23/047,2023-04-29,7,8,17,19,27,40,2,8,4,2,4,2,2,2,1,1,0,1,8000000.00,4.5,220070.00,79.5,33210.00,318.7,9600.00,4483.2,640.00,7122.2,320.00,69747.6,40.00,33588472
23/046,2023-04-27,8,12,21,43,44,49,27,43,3,3,3,3,1,1,1,0,3,1,15042030.00,2,1008080.00,41.5,129550.00,149,9600.00,3314.5,640.00,4700,320.00,64691.4,40.00,41507112
23/045,2023-04-25,20,26,38,43,46,47,35,,1,5,2,4,0,1,1,1,3,0,0.00,0.5,993510.00,49.5,107040.00,103.5,9600.00,2214.5,640.00,2940.7,320.00,46090.5,40.00,36578731
23/044,2023-04-22,2,6,7,9,17,19,26,,6,0,4,2,4,2,0,0,0,2,7602480.00,9.5,39370.00,388.7,19200.00,537.5,9600.00,10388.3,640.00,8814.6,320.00,118678.5,40.00,45581152
23/043,2023-04-20,1,20,24,28,38,46,40,"20,28,46",3,3,1,5,1,1,2,1,1,0,0.00,2.5,811020.00,47,115030.00,154.5,9600.00,2832.3,640.00,4430.2,320.00,60891,40.00,40746484
23/042,2023-04-18,20,23,27,28,30,46,29,"20,23",2,4,2,4,0,1,4,0,1,0,0.00,4.5,362550.00,52.5,82860.00,190.5,9600.00,2642,640.00,4506.8,320.00,51083.7,40.00,35106436
23/041,2023-04-16,10,12,18,20,23,36,6,36,5,1,1,5,1,3,1,1,0,1,23293190.00,5,338530.00,193,23380.00,415.5,9600.00,8175.4,640.00,10156.3,320.00,118039.5,40.00,54802224
23/040,2023-04-13,9,14,15,32,36,48,25,,3,3,2,4,1,2,0,2,1,0,0.00,0,0.00,68,82670.00,180.5,9600.00,3287.5,640.00,4910.5,320.00,60473.1,40.00,43095286
23/039,2023-04-11,12,23,29,40,42,43,20,,2,4,3,3,0,1,2,1,2,0,0.00,0,0.00,28.5,166780.00,130.5,9600.00,2693.5,640.00,3967.2,320.00,54030.2,40.00,36048672
23/038,2023-04-08,1,13,17,18,33,36,22,36,4,2,4,2,1,3,0,2,0,3.5,12168880.00,3,1399000.00,202.5,55260.00,555.4,9600.00,10348.2,640.00,14447.1,320.00,186137,40.00,101427219
23/037,2023-04-04,15,19,20,24,36,47,4,19,4,2,3,3,0,3,1,1,1,0,0.00,2,1472330.00,71,110590.00,194.5,9600.00,3912.9,640.00,6484.2,320.00,74610.5,40.00,57413909
23/036,2023-04-01,8,9,12,19,21,40,24,"8,12",5,1,3,3,2,2,1,1,0,0,0.00,2,855870.00,94.5,48300.00,278.7,9600.00,6173.7,640.00,7753.2,320.00,102326.5,40.00,47668512
23/035,2023-03-30,1,8,12,36,42,47,40,,3,3,2,4,2,1,0,1,2,0,0.00,3.5,572830.00,86,62160.00,172,9600.00,3991.4,640.00,5085.5,320.00,79616.5,40.00,43899412
23/034,2023-03-28,9,10,16,41,44,46,39,,3,3,2,4,2,1,0,0,3,0,0.00,0,0.00,39,134180.00,108.5,9600.00,2470.5,640.00,3393.4,320.00,50968.1,40.00,37267945
23/033,2023-03-25,11,15,18,26,31,37,10,,3,3,4,2,0,3,1,2,0,1,15024910.00,3.5,501050.00,87.5,53440.00,199,9600.00,3616.4,640.00,5731.1,320.00,63745.5,40.00,39733832
23/032,2023-03-23,5,14,17,20,22,32,33,,5,1,2,4,1,3,1,1,0,0,0.00,0,0.00,47.5,99020.00,135.5,9600.00,3280,640.00,4591.7,320.00,61137,40.00,37475203
23/031,2023-03-21,8,13,18,30,33,41,20,,3,3,3,3,1,2,1,1,1,1.5,5333330.00,0,0.00,118,30920.00,211.5,9600.00,5758.1,640.00,5204.2,320.00,77515.4,40.00,37973034
23/030,2023-03-18,4,7,17,34,42,48,3,34,3,3,2,4,2,1,0,1,2,1,48270680.00,2,1753790.00,110,85030.00,312.2,9600.00,5606.9,640.00,9059.8,320.00,109615.6,40.00,73270359
23/029,2023-03-16,18,21,28,30,34,40,14,18,2,4,1,5,0,1,3,2,0,0,0.00,2,1553770.00,104,79680.00,191,9600.00,5937.1,640.00,6620.4,320.00,101840.9,40.00,64058233
23/028,2023-03-14,1,2,10,12,18,37,43,12,5,1,2,4,3,2,0,1,0,0,0.00,2,1167030.00,155,40150.00,181,9600.00,7466.9,640.00,5050.5,320.00,120151.7,40.00,55626015
23/027,2023-03-12,11,12,13,20,35,43,44,,4,2,4,2,0,4,0,1,1,0,0.00,1,2478390.00,61.5,107460.00,176,9600.00,4805.3,640.00,5275,320.00,91890.1,40.00,52380284
23/026,2023-03-09,1,4,7,14,31,37,11,"4,37",4,2,4,2,3,1,0,2,0,0.5,13987835.00,19,89910.00,182,25030.00,983.2,9600.00,6773.1,640.00,14431.6,320.00,100439,40.00,57942910
23/025,2023-03-07,4,11,12,26,37,40,7,26,3,3,2,4,1,2,1,2,0,0,0.00,3.5,653350.00,78.2,77970.00,321.5,9600.00,4698,640.00,9908.2,320.00,86013.4,40.00,54550110
23/024,2023-03-04,1,9,15,26,42,44,25,,3,3,3,3,2,1,1,0,2,0,0.00,2,1015520.00,44.5,121710.00,173,9600.00,2968.1,640.00,4725.4,320.00,61949.7,40.00,41536994
23/023,2023-03-02,14,17,19,32,39,46,36,,3,3,3,3,0,3,0,2,1,0,0.00,0,0.00,55.5,91150.00,116.5,9600.00,2691,640.00,3343.5,320.00,50340.5,40.00,36708062
23/022,2023-02-28,8,13,29,33,40,42,3,,2,4,3,3,1,1,1,2,1,1,41228280.00,9,320860.00,224,34370.00,443.5,9600.00,9619.2,640.00,11433.3,320.00,138521.4,40.00,75499361
23/021,2023-02-25,14,25,27,28,44,47,4,47,1,5,3,3,0,1,3,0,2,0,0.00,1,2690600.00,84.5,84910.00,287,9600.00,4396.7,640.00,6953.1,320.00,81498.2,40.00,56972900
23/020,2023-02-23,8,16,32,42,47,48,35,8,2,4,1,5,1,1,0,1,3,0,0.00,0,0.00,69.5,97550.00,151,9600.00,4325,640.00,4649,320.00,72445.1,40.00,50424254
23/019,2023-02-21,8,19,29,30,33,41,4,,2,4,4,2,1,1,2,1,1,0,0.00,2,1053860.00,66.5,84520.00,223,9600.00,4152,640.00,5166.7,320.00,77573,40.00,46288151
23/018,2023-02-18,4,12,20,28,34,49,43,,3,3,1,5,1,2,1,1,1,0,0.00,1,1696540.00,126.5,35760.00,108.5,9600.00,3325.9,640.00,3717,320.00,58440.1,40.00,35418734
23/017,2023-02-16,8,9,13,22,38,39,11,"13,39",4,2,3,3,2,1,1,2,0,2.5,5289720.00,1.5,1044860.00,128.5,35230.00,279.5,9600.00,5486.8,640.00,7966.9,320.00,85104.1,40.00,45531760
23/016,2023-02-14,3,13,19,32,33,39,24,13,3,3,5,1,1,2,0,3,0,0,0.00,5.5,318500.00,94,49690.00,201,9600.00,4689.6,640.00,5232.8,320.00,73909.5,40.00,41472968
23/015,2023-02-11,13,18,22,29,34,41,23,"13,29",3,3,3,3,0,2,2,1,1,1,31022110.00,3,927340.00,96.5,76870.00,301,9600.00,4474,640.00,8255.2,320.00,84580.3,40.00,59553612
23/014,2023-02-09,1,9,13,27,29,40,20,13,3,3,5,1,2,1,2,1,0,0,0.00,2,1203530.00,76.5,83900.00,251,9600.00,5626.1,640.00,7159.2,320.00,105208.1,40.00,55821802
23/013,2023-02-07,4,11,13,14,30,37,20,14,4,2,3,3,1,3,1,1,0,0,0.00,0.5,1064975.00,100.5,56510.00,322.4,9600.00,5245.4,640.00,7638.7,320.00,91588.5,40.00,52155739
23/012,2023-02-04,14,18,25,29,31,42,6,,2,4,3,3,0,2,2,1,1,0,0.00,1,1964580.00,52,100740.00,158.5,9600.00,2702.9,640.00,4476.1,320.00,51608.8,40.00,39149448
23/011,2023-02-02,2,8,23,33,34,35,43,2,3,3,3,3,2,0,1,3,0,1.5,56039410.00,12.5,584560.00,450,43300.00,1067,9600.00,20949.3,640.00,26837.5,320.00,344462.2,40.00,184349737
23/010,2023-01-28,2,12,16,38,45,46,14,2,3,3,1,5,1,2,0,1,2,0,0.00,5.5,965930.00,124,114240.00,391,9600.00,8673.5,640.00,10899.9,320.00,167909.9,40.00,108202412
23/009,2023-01-26,2,3,23,31,32,43,40,,3,3,4,2,2,0,1,2,1,0.5,46200065.00,9,1200000.00,504,57140.00,820,9600.00,22442.9,640.00,22869.2,320.00,374924.6,40.00,229021817
23/008,2023-01-19,17,25,27,29,36,49,23,29,1,5,5,1,0,1,3,1,1,0,0.00,1.5,1413400.00,46,122900.00,191,9600.00,3246.2,640.00,4834.5,320.00,63327.6,40.00,43561547
23/007,2023-01-17,10,15,29,34,38,47,18,38,2,4,3,3,1,1,1,2,1,0,0.00,1,2005750.00,48,111430.00,112.5,9600.00,2431.1,640.00,3882.2,320.00,48240,40.00,37966702
23/006,2023-01-14,3,5,16,26,35,38,9,26,3,3,3,3,2,1,1,2,0,2,14321080.00,3,775770.00,86.2,71990.00,284,9600.00,4396.4,640.00,7817.4,320.00,80636.3,40.00,52439102
23/005,2023-01-12,6,22,26,27,40,45,13,,2,4,2,4,1,0,3,1,1,0,0.00,3,791240.00,51,124110.00,205.5,9600.00,3624.7,640.00,5472.4,320.00,72549.8,40.00,48769832
23/004,2023-01-10,2,21,24,29,35,47,18,,3,3,4,2,1,0,3,1,1,0,0.00,2.5,871860.00,39,149030.00,176,9600.00,3064.5,640.00,4447.9,320.00,59338.1,40.00,43363038
23/003,2023-01-07,10,31,33,34,43,49,40,"34,49",1,5,4,2,1,0,0,3,2,0,0.00,1,1751100.00,45,103760.00,117,9600.00,2447,640.00,3153.2,320.00,47327.8,40.00,34111184
23/002,2023-01-05,5,9,19,34,36,49,23,,3,3,4,2,2,1,0,2,1,1,8000000.00,1.5,937550.00,74.5,50330.00,169,9600.00,3616.9,640.00,5091.8,320.00,63759.3,40.00,34110690
23/001,2023-01-03,7,20,25,27,35,43,1,,2,4,5,1,1,1,2,1,1,1,86256300.00,2.5,3500840.00,273,85490.00,657.5,9600.00,13756.9,640.00,21098.7,320.00,268044.2,40.00,179088381
22/111,2022-12-29,1,2,21,33,41,45,4,45,3,3,5,1,2,0,1,1,2,0,0.00,0,0.00,48,128350.00,134.5,9600.00,3287.7,640.00,4668,320.00,64162.4,40.00,45151430
22/110,2022-12-27,5,13,18,32,39,45,44,"18,39",3,3,4,2,1,2,0,2,1,0,0.00,2,933370.00,47.5,104800.00,119.5,9600.00,2862.5,640.00,3699,320.00,55377.6,40.00,37136775
22/109,2022-12-25,2,7,11,14,18,39,29,18,5,1,3,3,2,3,0,1,0,0,0.00,2,628060.00,88,38060.00,235.5,9600.00,4507.6,640.00,5367.7,320.00,73548.4,40.00,35199454
22/108,2022-12-22,16,18,19,33,41,46,37,41,3,3,3,3,0,3,0,1,2,1,59781380.00,3,1377660.00,168,65600.00,418.5,9600.00,7526,640.00,9722.5,320.00,139581.1,40.00,88531446
22/107,2022-12-20,28,36,37,38,41,45,42,,0,6,3,3,0,0,1,3,2,0,0.00,5.5,664970.00,116,84070.00,290,9600.00,5389.4,640.00,7520.4,320.00,101003.3,40.00,73099838
22/106,2022-12-17,6,14,15,26,35,40,8,26,3,3,2,4,1,2,1,2,0,0,0.00,5.5,507560.00,67,111100.00,204.5,9600.00,3711.8,640.00,6073.1,320.00,71626.5,40.00,54811827
22/105,2022-12-15,5,7,18,26,31,45,30,45,3,3,4,2,2,1,1,1,1,0,0.00,3,762460.00,68,89700.00,212.2,9600.00,4182,640.00,6128.4,320.00,79416.8,40.00,49275593
22/104,2022-12-13,12,38,39,40,45,49,10,"12,39,49",1,5,3,3,0,1,0,3,2,0,0.00,1,2232500.00,64.5,92290.00,150,9600.00,3455.5,640.00,5073,320.00,66195.7,40.00,44959369
22/103,2022-12-10,6,12,20,25,39,49,7,39,3,3,3,3,1,2,1,1,1,0,0.00,2,849940.00,54.5,83170.00,179.5,9600.00,3306.1,640.00,5702.2,320.00,64097.4,40.00,38298392
22/102,2022-12-08,17,19,35,39,44,46,21,"17,44,46",2,4,4,2,0,2,0,2,2,0.5,9376130.00,2,1132040.00,56.5,106850.00,127,9600.00,2943,640.00,3764,320.00,56359,40.00,42867141
22/101,2022-12-06,6,11,17,30,44,46,5,,3,3,2,4,1,2,1,0,2,0,0.00,2,844930.00,54,83450.00,217.5,9600.00,3646.5,640.00,6108.4,320.00,68960.2,40.00,39842318
22/100,2022-12-03,2,15,31,34,38,41,21,,2,4,3,3,1,1,0,3,1,0.5,6890405.00,1,1926930.00,56.5,90940.00,118.5,9600.00,2456.5,640.00,3887.2,320.00,45697.5,40.00,36848745
22/099,2022-12-01,14,18,27,32,39,42,43,18,2,4,2,4,0,2,1,2,1,0,0.00,2,811800.00,47.2,91720.00,85,9600.00,2911.2,640.00,2823.7,320.00,51588.3,40.00,32483170
22/098,2022-11-29,12,18,22,28,31,40,7,28,3,3,1,5,0,2,2,2,0,1,12879910.00,3.5,464750.00,86,50430.00,243.7,9600.00,4115.9,640.00,7299.6,320.00,69984.1,40.00,40788310
22/097,2022-11-26,14,25,28,29,43,44,10,"14,25,28",1,5,3,3,0,1,3,0,2,0,0.00,1,1677580.00,40.5,110450.00,87.5,9600.00,1917.5,640.00,2995.9,320.00,39170.4,40.00,31264295
22/096,2022-11-24,3,12,14,19,25,28,11,,4,2,3,3,1,3,2,0,0,1,19644220.00,3.5,401830.00,111,33780.00,395.9,9600.00,4874.9,640.00,9444.2,320.00,81561.9,40.00,43534602
22/095,2022-11-22,6,10,11,13,32,46,39,"6,11,46",4,2,2,4,2,2,0,1,1,0,0.00,1,1926660.00,65,79040.00,130,9600.00,3887.7,640.00,5017.2,320.00,79834,40.00,41944030
22/094,2022-11-19,6,11,27,39,46,47,15,27,2,4,4,2,1,1,1,1,2,0,0.00,0,0.00,44,99690.00,91,9600.00,2421.2,640.00,3112,320.00,51267,40.00,32445526
22/093,2022-11-17,1,9,27,32,33,35,45,32,2,4,5,1,2,0,1,3,0,2,6965150.00,1,1482570.00,45.5,108610.00,137.5,9600.00,3533.4,640.00,4502,320.00,68944,40.00,39549034
22/092,2022-11-15,17,18,32,38,44,49,19,18,2,4,2,4,0,2,0,2,2,0,0.00,1.5,1126410.00,47.5,94850.00,125.5,9600.00,2637,640.00,3679.5,320.00,48111.5,40.00,34023185
22/091,2022-11-13,5,12,18,19,26,33,46,"12,18",4,2,3,3,1,3,1,1,0,1,19971910.00,1.5,1226720.00,325.2,19200.00,235,9600.00,6037.4,640.00,5419,320.00,94328.7,40.00,49216310
22/090,2022-11-10,11,12,14,18,29,30,31,,4,2,2,4,0,4,2,0,0,0,0.00,4.5,343070.00,117.2,35120.00,256.5,9600.00,5345.7,640.00,5951.5,320.00,87719.3,40.00,41865200
22/089,2022-11-08,10,20,27,32,38,46,4,32,2,4,1,5,1,1,1,2,1,0,0.00,0,0.00,60,80890.00,156.5,9600.00,3017.5,640.00,4310,320.00,55604.2,40.00,37724090
22/088,2022-11-05,7,11,22,23,28,32,29,,4,2,3,3,1,1,3,1,0,1,19627440.00,4,343860.00,176.5,20780.00,329.7,9600.00,8286.3,640.00,8117.3,320.00,117400.9,40.00,46650854
22/087,2022-11-03,10,13,19,21,27,49,35,,4,2,5,1,1,2,2,0,1,0,0.00,1.5,1253510.00,51.5,97360.00,137.5,9600.00,3311.2,640.00,3999.6,320.00,68330.1,40.00,39309446
22/086,2022-11-01,2,12,14,32,41,46,20,12,3,3,1,5,1,2,0,1,2,0,0.00,0,0.00,34,145900.00,124,9600.00,2358.9,640.00,3907.7,320.00,49078.8,40.00,36189124
22/085,2022-10-29,4,5,12,15,28,29,20,28,4,2,3,3,2,2,2,0,0,1,52210140.00,12,394720.00,346.5,36450.00,681.5,9600.00,14468,640.00,16938.3,320.00,223441.9,40.00,120113059
22/084,2022-10-25,27,28,30,34,35,48,11,,0,6,2,4,0,0,3,2,1,0.5,33988910.00,2.5,2016580.00,172.5,77930.00,390,9600.00,8486.7,640.00,13116.4,320.00,159070.3,40.00,104943367
22/083,2022-10-22,12,15,16,42,44,45,4,,3,3,2,4,0,3,0,0,3,0,0.00,0.5,1907365.00,86,118280.00,231.5,9600.00,4904,640.00,7787.9,320.00,96827,40.00,73468382
22/082,2022-10-20,20,24,27,31,32,49,36,,2,4,3,3,0,1,2,2,1,0,0.00,2,1552920.00,74,111920.00,211.5,9600.00,4616.2,640.00,6295.7,320.00,90227.6,40.00,61781365
22/081,2022-10-18,7,25,26,39,44,45,46,"25,44",1,5,4,2,1,0,2,1,2,0,0.00,2,1334310.00,71,100220.00,188.5,9600.00,3632,640.00,5408,320.00,71448.6,40.00,52357252
22/080,2022-10-15,18,21,25,28,38,44,45,38,2,4,2,4,0,1,3,1,1,0,0.00,1.5,1390910.00,76.5,72720.00,139.5,9600.00,3631,640.00,4014.7,320.00,69758.6,40.00,42634934
22/079,2022-10-13,1,10,14,38,47,48,40,"1,10,47",3,3,2,4,2,1,0,1,2,0,0.00,0.5,1017910.00,59,92010.00,105.5,9600.00,3009.5,640.00,3439.5,320.00,59476.2,40.00,39505659
22/078,2022-10-11,1,5,10,25,36,47,23,,3,3,4,2,3,0,1,1,1,0,0.00,0.5,793940.00,76,55710.00,179.5,9600.00,3650.5,640.00,4887.6,320.00,67591.1,40.00,36963014
22/077,2022-10-08,7,11,28,31,43,48,42,"11,28,31",2,4,4,2,1,1,1,1,2,1,10556950.00,1.5,1184340.00,71.5,66250.00,121,9600.00,3158,640.00,3534.2,320.00,61313.6,40.00,36631394
22/076,2022-10-06,4,11,21,28,31,47,5,,3,3,4,2,1,1,2,1,1,0.5,5227420.00,1.5,1052120.00,98.5,42720.00,201.5,9600.00,4051.1,640.00,5631,320.00,66723.6,40.00,38073758
22/075,2022-10-04,7,8,12,13,26,43,3,7,4,2,3,3,2,2,1,0,1,0.5,5720265.00,2.5,458730.00,99,30890.00,389,9600.00,5097.3,640.00,9577.3,320.00,81246.3,40.00,38897182
22/074,2022-10-02,1,7,11,24,27,38,17,,4,2,4,2,2,1,2,1,0,0,0.00,7.5,132190.00,122.5,21580.00,508.5,9600.00,5485.8,640.00,9756.1,320.00,81310.7,40.00,33627101
22/073,2022-09-29,6,8,18,36,37,44,30,18,3,3,1,5,2,1,0,2,1,1,8000000.00,1,1714440.00,45,101590.00,134.9,9600.00,2992.9,640.00,3883.1,320.00,57355.2,40.00,35754279
22/072,2022-09-27,2,18,29,30,32,47,46,29,2,4,2,4,1,1,2,1,1,1,8000000.00,0.5,931960.00,29.5,168490.00,129.5,9600.00,2436.6,640.00,3647,320.00,51102.1,40.00,36423869
22/071,2022-09-24,4,6,10,27,29,46,17,,3,3,2,4,3,0,2,0,1,1,34648370.00,7,398970.00,137.5,54160.00,259.5,9600.00,5479,640.00,7333.5,320.00,101190.4,40.00,60837506
22/070,2022-09-22,8,11,31,32,33,36,46,31,2,4,3,3,1,1,0,4,0,0,0.00,1,2402310.00,110.7,57860.00,220.5,9600.00,5752.2,640.00,6046,320.00,97195.7,40.00,54111404
22/069,2022-09-20,4,7,14,18,27,31,48,,4,2,3,3,2,2,1,1,0,0,0.00,2,1022850.00,117.5,46420.00,231,9600.00,5447.5,640.00,5603,320.00,90324.8,40.00,48327547
22/068,2022-09-17,5,17,22,24,34,38,13,,4,2,2,4,1,1,2,2,0,0,0.00,2,820970.00,63,69500.00,186,9600.00,3467.9,640.00,4931,320.00,65176.6,40.00,37442505
22/067,2022-09-15,21,23,29,30,33,49,40,,2,4,5,1,0,0,4,1,1,0,0.00,1,1661820.00,38,116610.00,103.5,9600.00,2745.2,640.00,3185.6,320.00,53647.6,40.00,33500720
22/066,2022-09-13,2,4,20,38,40,46,11,20,3,3,0,6,2,1,0,2,1,3,29226960.00,4.5,2050430.00,186.5,131930.00,694.5,9600.00,12494.7,640.00,19929.7,320.00,248833.7,40.00,182576789
22/065,2022-09-08,8,14,15,20,41,44,3,14,4,2,2,4,1,3,0,0,2,0,0.00,0,0.00,70.5,99600.00,202.5,9600.00,3606,640.00,5946.2,320.00,73436.8,40.00,52561188
22/064,2022-09-06,14,22,35,37,42,46,24,35,2,4,2,4,0,1,1,2,2,0,0.00,1.5,1610210.00,61,105580.00,193,9600.00,3608.5,640.00,5355.3,320.00,66476.7,40.00,48573532
22/063,2022-09-03,2,8,12,19,35,45,33,45,4,2,3,3,2,2,0,1,1,0,0.00,1,1419720.00,127,29810.00,163.5,9600.00,5252.9,640.00,4645.4,320.00,79108.6,40.00,37006024
22/062,2022-09-01,23,24,30,31,45,46,26,24,2,4,3,3,0,0,3,1,2,0,0.00,4,417610.00,82.5,53990.00,81.5,9600.00,2787,640.00,2974.4,320.00,45311.8,40.00,32533897
22/061,2022-08-30,7,8,9,17,24,25,20,,5,1,4,2,3,1,2,0,0,1,8000000.00,2,425160.00,193.5,19200.00,281.7,9600.00,6727,640.00,6199.5,320.00,94548.3,40.00,36205482
22/060,2022-08-27,12,22,34,35,39,45,7,,2,4,3,3,0,1,1,3,1,1,8000000.00,0.5,814000.00,49,88590.00,126,9600.00,2438.4,640.00,4168.5,320.00,46982.2,40.00,33167024
22/059,2022-08-25,16,19,32,33,42,46,34,42,2,4,2,4,0,2,0,2,2,1.5,18078230.00,0,0.00,56.5,110950.00,147,9600.00,3191.5,640.00,4785,320.00,62403.8,40.00,45747959
22/058,2022-08-23,4,8,9,10,30,42,22,8,4,2,1,5,4,0,1,0,1,0,0.00,5.5,261130.00,148.5,25790.00,484.5,9600.00,7441.7,640.00,10134.1,320.00,108962.9,40.00,48713465
22/057,2022-08-20,8,17,19,28,31,35,46,"8,19",3,3,4,2,1,2,1,2,0,0,0.00,1,1920700.00,55.7,91950.00,139.5,9600.00,3368.9,640.00,3823.5,320.00,65544.1,40.00,39651234
22/056,2022-08-18,2,8,19,21,24,47,4,47,5,1,3,3,2,1,2,0,1,0.5,9993710.00,4.5,383780.00,88.5,52030.00,266,9600.00,4152,640.00,6965.3,320.00,78366.2,40.00,43012629
22/055,2022-08-16,7,20,31,35,41,47,42,47,2,4,5,1,1,1,0,2,2,0.5,12150565.00,0,0.00,54,131140.00,176,9600.00,3606.5,640.00,4770,320.00,71324,40.00,51542307
22/054,2022-08-13,6,22,25,33,38,47,10,22,2,4,3,3,1,0,2,2,1,0,0.00,0,0.00,62,74700.00,180.5,9600.00,3235.6,640.00,4982.1,320.00,59877.7,40.00,37996322
22/053,2022-08-11,7,12,22,26,43,49,5,12,3,3,3,3,1,1,2,0,2,0,0.00,0,0.00,53,69740.00,158.5,9600.00,3072.5,640.00,4662,320.00,55420,40.00,32132482
22/052,2022-08-09,1,12,25,28,36,46,13,36,2,4,2,4,1,1,2,1,1,3,18489150.00,10.5,554520.00,174.5,88970.00,562,9600.00,10456.2,640.00,15009.9,320.00,200845.7,40.00,125147677
22/051,2022-08-04,13,24,30,35,36,39,29,,2,4,3,3,0,1,2,3,0,0,0.00,1,1849760.00,56,88080.00,184.2,9600.00,3498.1,640.00,4893.7,320.00,63514.7,40.00,40120548
22/050,2022-08-02,4,8,9,11,42,46,47,46,4,2,2,4,3,1,0,0,2,0,0.00,0,0.00,62,64150.00,104,9600.00,3709.9,640.00,3674.5,320.00,72092.3,40.00,33998792
22/049,2022-07-30,21,25,34,37,41,46,14,21,1,5,4,2,0,0,2,2,2,1,21531600.00,2.5,885990.00,37.5,157500.00,124.5,9600.00,2694,640.00,3577.5,320.00,50742.4,40.00,41334851
22/048,2022-07-28,8,13,16,21,23,49,44,23,5,1,4,2,1,2,2,0,1,0,0.00,0,0.00,37,124080.00,97.5,9600.00,2960.4,640.00,3379.5,320.00,62308.4,40.00,35217338
22/047,2022-07-26,6,14,23,31,38,48,1,38,3,3,2,4,1,1,1,2,1,0,0.00,2.5,710540.00,57.5,82380.00,127.5,9600.00,2739.7,640.00,4411.2,320.00,52757.8,40.00,36135000
22/046,2022-07-22,5,12,21,30,34,38,3,,3,3,2,4,1,1,2,2,0,1,47333350.00,2,1961180.00,168,62250.00,421.5,9600.00,9023,640.00,12506.5,320.00,156298.9,40.00,90389776
22/045,2022-07-15,19,20,25,29,46,47,35,47,2,4,4,2,0,2,2,0,2,0,0.00,0,0.00,68.5,115450.00,171.5,9600.00,4029.5,640.00,5637,320.00,76542.5,40.00,57069234
22/044,2022-07-12,4,13,22,27,43,47,23,,3,3,4,2,1,1,2,0,2,0,0.00,2,1351460.00,66.5,108380.00,185,9600.00,3526.4,640.00,5868.6,320.00,72507.3,40.00,52986580
22/043,2022-07-08,7,10,28,30,32,36,27,"30,32",2,4,1,5,2,0,2,2,0,0,0.00,1,1950720.00,83.5,62290.00,184.2,9600.00,4352.5,640.00,5677.3,320.00,80431.2,40.00,44220208
22/042,2022-07-05,9,30,31,32,37,40,25,37,1,5,3,3,1,0,1,4,0,0,0.00,0,0.00,37.5,123910.00,122,9600.00,2509.9,640.00,3720.3,320.00,47854.1,40.00,34534407
22/041,2022-07-03,19,21,23,26,37,39,13,"19,26,37",3,3,5,1,0,1,3,2,0,1,8000000.00,0.5,1115600.00,65.5,90830.00,186,9600.00,3407.4,640.00,5786.5,320.00,61036,40.00,45565392
22/040,2022-06-27,1,13,19,26,29,37,15,,3,3,5,1,1,2,2,1,0,1.5,58730450.00,4.5,2081160.00,299,83520.00,712,9600.00,17587.5,640.00,20707.1,320.00,332453.7,40.00,197454377
22/039,2022-06-21,2,15,20,30,47,48,44,,3,3,2,4,1,2,1,0,2,0,0.00,0,0.00,38,148360.00,103.5,9600.00,2782,640.00,3373,320.00,56067.4,40.00,39970913
22/038,2022-06-17,9,17,24,27,33,39,48,,3,3,5,1,1,1,2,2,0,2,19797720.00,9.5,261670.00,183,36220.00,443.5,9600.00,8621.3,640.00,8994.5,320.00,133173.5,40.00,67022158
22/037,2022-06-14,7,16,21,30,34,38,41,,3,3,2,4,1,1,2,2,0,0,0.00,0.5,1378155.00,71.5,102790.00,185.5,9600.00,4415.4,640.00,5359,320.00,87470.9,40.00,55579863
22/036,2022-06-10,11,17,24,26,37,41,34,,3,3,4,2,0,2,2,1,1,0,0.00,1,2296470.00,83,73780.00,200,9600.00,4639.2,640.00,5934.9,320.00,80065.1,40.00,49657075
22/035,2022-06-07,9,16,21,35,47,48,36,35,3,3,4,2,1,1,1,1,2,0,0.00,0.5,1085900.00,45.5,127280.00,126.5,9600.00,2787,640.00,4109.7,320.00,54975.5,40.00,41523842
22/034,2022-06-03,1,27,32,35,38,44,24,35,1,5,3,3,1,0,1,3,1,0,0.00,1,1805860.00,37,130150.00,66.5,9600.00,2053.5,640.00,2972.1,320.00,40801.5,40.00,32899147
22/033,2022-05-31,2,13,35,39,43,48,9,,2,4,4,2,1,1,0,2,2,1.5,25632360.00,1,2994200.00,99,80650.00,292,9600.00,4496,640.00,7961,320.00,83700.9,40.00,62058835
22/032,2022-05-27,1,17,25,29,42,46,8,17,2,4,4,2,1,1,2,0,2,0,0.00,0.5,1286970.00,49.5,138660.00,166.5,9600.00,3232,640.00,5761.7,320.00,66489.5,40.00,50049897
22/031,2022-05-24,5,7,8,17,47,49,34,,4,2,5,1,3,1,0,0,2,0,0.00,1,1882330.00,94.5,53110.00,153,9600.00,5721.2,640.00,4684.2,320.00,93022,40.00,44704001
22/030,2022-05-20,27,30,36,38,45,46,34,46,0,6,2,4,0,0,2,2,2,0,0.00,1,1988520.00,50,106050.00,141,9600.00,2711.5,640.00,3861.7,320.00,51885.4,40.00,38829817
22/029,2022-05-17,4,7,29,35,40,46,17,,2,4,3,3,2,0,1,2,1,0,0.00,0.5,844550.00,38,118530.00,134,9600.00,2410.5,640.00,3694.1,320.00,47349.5,40.00,33851150
22/028,2022-05-13,1,5,10,22,30,34,42,,4,2,2,4,3,0,2,1,0,1,12146300.00,0,0.00,113.2,32550.00,140,9600.00,5075.3,640.00,3906.7,320.00,83682.9,40.00,35768397
22/027,2022-05-10,12,14,19,39,41,48,33,41,3,3,3,3,0,3,0,1,2,0,0.00,1,1474770.00,30.5,128940.00,85.5,9600.00,1636.5,640.00,2449.2,320.00,34709.6,40.00,27489794
22/026,2022-05-06,2,15,41,42,44,46,40,15,2,4,2,4,1,1,0,0,4,1,42745410.00,1.5,1959590.00,54.5,143820.00,221,9600.00,3294.5,640.00,5170.6,320.00,63577.6,40.00,55484827
22/025,2022-05-03,3,8,11,15,18,40,41,,5,1,3,3,2,3,0,1,0,0,0.00,4,456250.00,118.5,41060.00,179,9600.00,6603.9,640.00,5015.9,320.00,110377.4,40.00,46917024
22/024,2022-04-29,1,7,16,28,31,48,18,,3,3,3,3,2,1,1,1,1,0,0.00,2,817380.00,68.5,63640.00,272.5,9600.00,4106,640.00,6503,320.00,75068.4,40.00,41303475
22/023,2022-04-26,9,23,30,32,34,40,25,34,2,4,2,4,1,0,2,3,0,0,0.00,0,0.00,45,102990.00,186.5,9600.00,3194.1,640.00,4213.6,320.00,59201.4,40.00,37562137
22/022,2022-04-22,8,11,15,19,34,37,25,34,4,2,4,2,1,3,0,2,0,0,0.00,1.5,1077920.00,44,97990.00,117.5,9600.00,2581.4,640.00,3948.2,320.00,53093.7,40.00,33356654
22/021,2022-04-19,12,23,28,34,39,46,44,,2,4,2,4,0,1,2,2,1,0,0.00,0,0.00,51,70610.00,99,9600.00,2494.5,640.00,2682.5,320.00,44282.4,40.00,27908717
22/020,2022-04-15,21,25,30,36,37,47,42,30,1,5,4,2,0,0,3,2,1,0.5,6343050.00,1.5,1092240.00,67,65200.00,90,9600.00,2075,640.00,2515.7,320.00,36839.5,40.00,30506071
22/019,2022-04-12,8,11,12,20,26,30,28,20,4,2,1,5,1,3,2,0,0,0.5,7771010.00,5.5,140520.00,188,19200.00,462.1,9600.00,7065.3,640.00,8706,320.00,90434.6,40.00,34091737
22/018,2022-04-08,10,20,36,38,43,48,30,,2,4,1,5,1,1,0,2,2,0,0.00,2,701750.00,36,103960.00,171,9600.00,2470.5,640.00,4590,320.00,43476.7,40.00,30949464
22/017,2022-04-05,9,11,12,22,29,42,3,,4,2,3,3,1,2,2,0,1,0.5,9012890.00,5.5,174630.00,149,19200.00,416.5,9600.00,5958,640.00,8870.1,320.00,83595.9,40.00,34100846
22/016,2022-04-01,4,8,21,40,46,49,34,"8,21",3,3,2,4,2,0,1,1,2,0,0.00,0.5,852070.00,27,168310.00,57,9600.00,1907.5,640.00,2576.7,320.00,41588.4,40.00,31001265
22/015,2022-03-29,8,18,21,35,37,38,10,,3,3,3,3,1,1,1,3,0,0,0.00,0,0.00,27.5,114390.00,114.5,9600.00,2354.2,640.00,3473.3,320.00,44748.9,40.00,26203620
22/014,2022-03-25,15,20,26,28,29,46,12,28,2,4,2,4,0,2,3,0,1,1,19936240.00,0,0.00,54,86200.00,106,9600.00,2002.8,640.00,3634.2,320.00,42651.4,40.00,33253445
22/013,2022-03-22,6,28,32,33,40,45,1,40,1,5,2,4,1,0,1,3,1,0,0.00,0,0.00,32,134950.00,81.3,9600.00,2153.2,640.00,3168.2,320.00,42420.7,40.00,30987235
22/012,2022-03-18,12,18,22,30,40,49,15,12,3,3,1,5,0,2,2,1,1,0.5,8221665.00,2.5,568790.00,108.5,34940.00,135,9600.00,3736.2,640.00,3462.9,320.00,62949.4,40.00,32834894
22/011,2022-03-15,3,10,12,28,39,48,17,,3,3,2,4,2,1,1,1,1,0.5,12177340.00,1,1437790.00,90.5,42360.00,193.5,9600.00,4690.6,640.00,5096.7,320.00,75553,40.00,37122142
22/010,2022-03-11,11,20,23,29,38,47,12,23,3,3,4,2,0,2,2,1,1,0,0.00,1,1527900.00,128.5,31700.00,188,9600.00,3106.9,640.00,5200.5,320.00,54166.6,40.00,34847236
22/009,2022-03-08,1,5,23,42,46,49,11,,3,3,4,2,2,0,1,0,3,0,0.00,0,0.00,38,103380.00,120,9600.00,2071,640.00,4518.4,320.00,43539,40.00,30478158
22/008,2022-03-03,12,19,21,22,40,43,46,12,4,2,3,3,0,2,2,1,1,0,0.00,0,0.00,26,160450.00,69,9600.00,1955.2,640.00,2153.5,320.00,43365.1,40.00,29256378
22/007,2022-02-24,2,9,11,12,16,24,43,,6,0,2,4,2,3,1,0,0,1,9812450.00,2,173900.00,288,19200.00,191,9600.00,8887.6,640.00,4577,320.00,112189.8,40.00,35209894
22/006,2022-02-17,6,7,22,34,35,46,8,"6,35",3,3,2,4,2,0,1,2,1,0,0.00,0.5,769010.00,44.5,92160.00,191.5,9600.00,2524.5,640.00,4958.5,320.00,50052.8,40.00,33908375
22/005,2022-02-10,6,13,17,28,35,44,5,,3,3,3,3,1,2,1,1,1,1,21313080.00,0,0.00,69.5,75830.00,194,9600.00,3652.2,640.00,6184.3,320.00,66054.7,40.00,43149524
22/004,2022-02-05,15,18,21,25,39,43,33,18,3,3,5,1,0,2,2,1,1,0,0.00,2,1230600.00,51,128690.00,132,9600.00,2789.5,640.00,4572.6,320.00,58211,40.00,46064752
22/003,2022-01-27,10,18,20,29,32,33,2,10,3,3,2,4,1,2,1,2,0,0,0.00,2,824960.00,71.5,61530.00,216,9600.00,3412.2,640.00,5370.5,320.00,60419.1,40.00,37926197
22/002,2022-01-20,1,3,10,11,30,42,39,,4,2,3,3,3,1,1,0,1,7,17446020.00,6,2083190.00,844.5,39460.00,1346,9600.00,42689.7,640.00,36260,320.00,670456.5,40.00,315247031
22/001,2022-01-04,2,8,12,14,20,47,36,20,5,1,1,5,2,3,0,0,1,0,0.00,4.5,1824050.00,349.5,62620.00,661,9600.00,19225.6,640.00,20417.2,320.00,332422.3,40.00,182618372
21/123,2021-12-30,20,21,22,29,34,35,7,21,3,3,3,3,0,1,3,2,0,0,0.00,5,374240.00,89,56060.00,369,9600.00,4572.7,640.00,8660.6,320.00,74930.2,40.00,48048327
21/122,2021-12-28,21,25,30,33,36,49,3,30,1,5,4,2,0,0,3,2,1,0,0.00,3,700510.00,47.5,117980.00,150,9600.00,2897.6,640.00,4737.7,320.00,58167.9,40.00,41727918
21/121,2021-12-25,8,11,20,30,35,40,27,11,3,3,2,4,1,2,1,2,0,0,0.00,2,671920.00,82.6,43380.00,132.7,9600.00,4509.8,640.00,3769.2,320.00,62224,40.00,32778401
21/120,2021-12-23,3,9,11,17,22,44,23,"11,44",5,1,4,2,2,2,1,0,1,1.5,35231080.00,3.5,862760.00,222.5,36190.00,524,9600.00,10052.3,640.00,13377.2,320.00,158886.8,40.00,81892835
21/119,2021-12-21,11,12,16,32,43,44,41,12,3,3,2,4,0,3,0,1,2,0,0.00,2,1542380.00,113,72790.00,247.5,9600.00,5845,640.00,7667.9,320.00,107379.3,40.00,65675419
21/118,2021-12-19,12,20,21,26,33,42,9,,3,3,2,4,0,2,2,1,1,0,0.00,4,576750.00,117.5,52350.00,304,9600.00,6028.7,640.00,9555.4,320.00,104213.1,40.00,57230309
21/117,2021-12-16,5,6,19,43,47,49,39,43,3,3,5,1,2,1,0,0,3,0,0.00,1.5,1554070.00,59.5,104470.00,208,9600.00,3916.5,640.00,6185,320.00,73771,40.00,49094689
21/116,2021-12-14,7,24,29,36,41,43,35,7,2,4,4,2,1,0,2,1,2,0,0.00,1.5,1552600.00,56.5,109910.00,160.5,9600.00,3257.7,640.00,4421.9,320.00,63841.9,40.00,45659354
21/115,2021-12-11,7,21,34,35,42,48,41,7,2,4,3,3,1,0,1,2,2,0,0.00,2,938690.00,47,106510.00,144,9600.00,3252.6,640.00,3407.5,320.00,50083.6,40.00,37614030
21/114,2021-12-09,4,7,9,13,15,43,1,"4,13,43",5,1,5,1,3,2,0,0,1,0,0.00,6,165960.00,78.5,33820.00,396,9600.00,3883.6,640.00,8962.7,320.00,64779.7,40.00,33773073
21/113,2021-12-07,4,13,19,21,35,43,27,21,4,2,5,1,1,2,1,1,1,1,35204920.00,4,715320.00,80.5,94780.00,219,9600.00,4186.9,640.00,6283.5,320.00,83938.3,40.00,57615068
21/112,2021-12-04,1,21,24,29,44,46,19,21,3,3,3,3,1,0,3,0,2,0,0.00,0,0.00,43.5,142480.00,134.5,9600.00,2658,640.00,4584.5,320.00,57661.3,40.00,44061675
21/111,2021-12-02,3,21,26,36,38,49,9,"26,38",2,4,3,3,1,0,2,2,1,0.5,17324030.00,1,2429630.00,79,82010.00,278.7,9600.00,3987.4,640.00,7945.9,320.00,75811.5,40.00,52966895
21/110,2021-11-30,1,17,22,26,38,44,8,44,3,3,2,4,1,1,2,1,1,0,0.00,2,1169340.00,78.5,79440.00,259.5,9600.00,3890.5,640.00,7503.1,320.00,77217.6,40.00,51118764
21/109,2021-11-27,2,14,30,41,42,44,22,,2,4,1,5,1,1,1,0,3,0,0.00,3,704790.00,50.5,111650.00,155,9600.00,2685.5,640.00,4382.5,320.00,53932.8,40.00,41215513
21/108,2021-11-25,10,28,36,39,47,48,44,,1,5,2,4,1,0,1,2,2,0.5,13999935.00,3.5,688990.00,71,90570.00,172.5,9600.00,3713.5,640.00,4894,320.00,70275.9,40.00,48289325
21/107,2021-11-23,2,6,11,22,34,38,7,38,4,2,1,5,2,1,1,2,0,0,0.00,2.5,689880.00,104.5,44010.00,304.5,9600.00,5193.9,640.00,9203.7,320.00,90642,40.00,47135894
21/106,2021-11-20,18,19,24,38,39,42,41,38,3,3,2,4,0,2,1,2,1,0,0.00,0,0.00,64.5,70950.00,171,9600.00,3635.5,640.00,4352.6,320.00,61985.9,40.00,37801638
21/105,2021-11-18,2,16,23,25,29,38,18,25,3,3,3,3,1,1,3,1,0,0,0.00,0.5,726860.00,54,71780.00,237,9600.00,3199.6,640.00,5844.4,320.00,57965.2,40.00,35484723
21/104,2021-11-16,9,13,25,27,33,36,35,,2,4,5,1,1,1,2,2,0,1,23567110.00,0,0.00,117.5,45750.00,199,9600.00,5429,640.00,6030.6,320.00,91699.1,40.00,47690457
21/103,2021-11-14,1,11,15,21,24,28,8,,5,1,4,2,1,2,3,0,0,0,0.00,4.5,300710.00,104,34690.00,498.2,9600.00,5580.6,640.00,10320.6,320.00,92163.4,40.00,45897344
21/102,2021-11-11,10,13,31,37,40,46,15,,2,4,3,3,1,1,0,3,1,0,0.00,2,1071380.00,40.5,141080.00,116,9600.00,2734.2,640.00,3302.7,320.00,55354.2,40.00,40430400
21/101,2021-11-09,3,11,15,25,30,45,33,15,3,3,5,1,1,2,2,0,1,0.5,7030745.00,2,946450.00,94.2,53580.00,218,9600.00,4507.7,640.00,5530.2,320.00,77530.6,40.00,43918795
21/100,2021-11-06,13,15,40,41,42,49,21,40,2,4,4,2,0,2,0,1,3,0,0.00,2,951860.00,28.5,178120.00,75,9600.00,2211,640.00,2702.5,320.00,40564,40.00,34387168
21/099,2021-11-04,3,22,30,32,40,43,5,,2,4,2,4,1,0,2,2,1,1,33197770.00,0,0.00,109,65350.00,175,9600.00,5213.4,640.00,5554.1,320.00,90122.3,40.00,55501482
21/098,2021-11-02,4,5,24,33,44,49,41,,3,3,3,3,2,0,1,1,2,0,0.00,0,0.00,117.5,52000.00,151.5,9600.00,6107,640.00,4538.5,320.00,95979.4,40.00,50815089
21/097,2021-10-30,3,14,37,41,42,45,4,,2,4,4,2,1,1,0,1,3,0,0.00,3,699880.00,39,143560.00,138,9600.00,2338.2,640.00,3897.3,320.00,46102.5,40.00,39434258
21/096,2021-10-28,1,5,17,26,34,48,42,"34,48",3,3,3,3,2,1,1,1,1,0,0.00,0,0.00,40,114600.00,122,9600.00,2464.2,640.00,3298.5,320.00,51074.6,40.00,34149467
21/095,2021-10-26,9,14,23,28,34,48,36,9,3,3,2,4,1,1,2,1,1,1,83352030.00,6.5,1197540.00,257.5,80610.00,722.5,9600.00,14099,640.00,18212.6,320.00,271572.9,40.00,166066708
21/094,2021-10-21,6,9,11,13,15,47,38,"13,15",5,1,5,1,2,3,0,0,1,0,0.00,2,1169130.00,97,64280.00,268,9600.00,6183.4,640.00,7506.5,320.00,109441.2,40.00,56370441
21/093,2021-10-19,7,13,15,19,24,37,2,,5,1,5,1,1,3,1,1,0,0,0.00,1,2023820.00,90.5,59630.00,257,9600.00,5518.2,640.00,7406.3,320.00,90379.5,40.00,49649202
21/092,2021-10-16,3,14,16,23,38,46,2,,4,2,2,4,1,2,1,1,1,0.5,15501425.00,0.5,1230060.00,76.5,85750.00,167.5,9600.00,3868.6,640.00,5878,320.00,74544.7,40.00,49943620
21/091,2021-10-14,2,6,9,27,43,45,35,,3,3,4,2,3,0,1,0,2,0,0.00,0.5,1481555.00,76.5,103280.00,196,9600.00,5950,640.00,6649.5,320.00,113843.3,40.00,63109147
21/090,2021-10-07,8,11,19,21,24,47,23,19,5,1,4,2,1,2,2,0,1,0,0.00,1,1750520.00,76,61420.00,196,9600.00,3832.6,640.00,5932.8,320.00,71325.7,40.00,40574782
21/089,2021-10-05,19,20,26,29,32,48,38,"19,48",2,4,2,4,0,2,2,1,1,0,0.00,1.5,1288340.00,47.5,108490.00,106,9600.00,2245.5,640.00,3601,320.00,47050.2,40.00,36382712
21/088,2021-10-02,6,12,19,31,47,48,41,47,3,3,3,3,1,2,0,1,2,1,43856210.00,1,3024980.00,88,91660.00,195.5,9600.00,5138,640.00,5717.5,320.00,96120,40.00,61112232
21/087,2021-09-30,2,3,11,20,24,47,48,2,5,1,3,3,2,2,1,0,1,0,0.00,1.5,1787770.00,78.5,91090.00,178,9600.00,5241.1,640.00,6412,320.00,96019.3,40.00,56669596
21/086,2021-09-28,2,23,31,38,43,45,40,"43,45",2,4,4,2,1,0,1,2,2,0,0.00,0,0.00,51.5,139050.00,123.5,9600.00,3587.2,640.00,4185.2,320.00,70995,40.00,50619232
21/085,2021-09-25,15,18,32,43,45,47,12,,2,4,4,2,0,2,0,1,3,0,0.00,1,2135110.00,56,101670.00,104.5,9600.00,2327.5,640.00,3754,320.00,48025.9,40.00,39364722
21/084,2021-09-23,2,4,10,17,38,41,47,,4,2,2,4,3,1,0,1,1,0,0.00,0,0.00,17,249250.00,87.5,9600.00,2373,640.00,3029,320.00,51159.4,40.00,31509826
21/083,2021-09-21,14,15,25,26,32,45,2,32,2,4,3,3,0,2,2,1,1,1,85976090.00,2.5,3463470.00,243.5,94820.00,667,9600.00,14677.5,640.00,19169.2,320.00,267607.1,40.00,177905377
21/082,2021-09-16,1,6,11,20,32,35,22,32,4,2,3,3,2,2,0,2,0,0,0.00,1.5,969880.00,53,73190.00,165.5,9600.00,3364.9,640.00,5043.2,320.00,64153,40.00,34407969
21/081,2021-09-14,7,8,32,33,39,49,23,,2,4,4,2,2,0,0,3,1,3,9629500.00,4.5,516170.00,157.5,39320.00,292.7,9600.00,5117.9,640.00,8372.7,320.00,91319.8,40.00,54507496
21/080,2021-09-11,12,26,31,37,38,44,16,"31,37",1,5,2,4,0,1,1,3,1,0,0.00,2.5,915740.00,56,109010.00,150.5,9600.00,3390.5,640.00,4538.3,320.00,63168.7,40.00,45121486
21/079,2021-09-09,7,22,24,31,33,37,39,7,3,3,4,2,1,0,2,3,0,0.5,13836130.00,0.5,1216005.00,83.9,77290.00,212,9600.00,4636.5,640.00,6167.4,320.00,89665.7,40.00,52555055
21/078,2021-09-07,2,7,21,23,27,36,40,36,4,2,4,2,2,0,3,1,0,0,0.00,1,2133920.00,80.7,70510.00,190,9600.00,5476.1,640.00,4718.4,320.00,95678.6,40.00,48701656
21/077,2021-09-04,5,8,29,31,32,36,12,,2,4,3,3,2,0,1,3,0,0,0.00,0.5,853490.00,67,67930.00,204.5,9600.00,3195.7,640.00,6169.3,320.00,61929.7,40.00,38824391
21/076,2021-09-02,10,28,39,45,48,49,15,45,1,5,3,3,1,0,1,1,3,0,0.00,1,1694220.00,62.5,72280.00,108.5,9600.00,2882,640.00,3200,320.00,54286.6,40.00,34247100
21/075,2021-08-31,1,12,23,29,45,46,48,45,3,3,4,2,1,1,2,0,2,1,14105370.00,2,1017560.00,160.5,33810.00,144,9600.00,4423.9,640.00,4034.5,320.00,70576.5,40.00,43031732
21/074,2021-08-28,2,14,15,16,33,45,19,,4,2,3,3,1,3,0,1,1,0,0.00,1,1571830.00,49.2,85190.00,112.5,9600.00,2747.5,640.00,3398.6,320.00,50209.3,40.00,32314122
21/073,2021-08-26,5,10,17,30,43,44,40,5,3,3,3,3,2,1,1,0,2,1,91247640.00,2.5,2911170.00,178.5,108720.00,646.5,9600.00,11346.5,640.00,18445.9,320.00,221910.3,40.00,151047187
21/072,2021-08-21,2,5,18,21,42,48,46,,4,2,2,4,2,1,1,0,2,0,0.00,3,1414670.00,127,89110.00,435.5,9600.00,8138,640.00,10126.5,320.00,156880.7,40.00,92586446
21/071,2021-08-19,4,26,28,31,32,33,8,,1,5,2,4,1,0,2,3,0,0,0.00,4.5,955670.00,174,65900.00,448.5,9600.00,8373.4,640.00,13958,320.00,150374.1,40.00,95651831
21/070,2021-08-14,11,12,19,38,39,41,6,,3,3,4,2,0,3,0,2,1,0,0.00,1,2603380.00,152.5,45520.00,280.5,9600.00,5622.3,640.00,7776.2,320.00,101034.7,40.00,59061589
21/069,2021-08-12,20,21,30,34,36,37,29,,2,4,2,4,0,1,2,3,0,0,0.00,2,1348300.00,71.5,100570.00,201.2,9600.00,4318.1,640.00,5289.3,320.00,78782.2,40.00,54248894
21/068,2021-08-10,4,12,14,17,22,32,41,14,5,1,1,5,1,3,1,1,0,0,0.00,3.5,717120.00,83.2,80440.00,192.5,9600.00,4430.2,640.00,5089,320.00,86167.6,40.00,52122938
21/067,2021-08-07,13,14,26,34,35,44,12,,2,4,2,4,0,2,1,2,1,0,0.00,3.5,567090.00,73,72500.00,175,9600.00,3648.2,640.00,4719.5,320.00,62458.9,40.00,41785637
21/066,2021-08-05,10,17,19,25,36,39,31,"10,39",3,3,4,2,1,2,1,2,0,0,0.00,2,937150.00,50.5,98970.00,143.5,9600.00,2640.8,640.00,3768.2,320.00,51102.5,40.00,37127431
21/065,2021-08-03,10,13,15,29,31,39,47,,3,3,5,1,1,2,1,2,0,0,0.00,0.5,772845.00,32,128800.00,109,9600.00,2373,640.00,2688.5,320.00,46118.4,40.00,30729572
21/064,2021-08-01,1,4,9,21,36,42,3,,4,2,3,3,3,0,1,1,1,1.5,33424220.00,3.5,1155840.00,215.5,50050.00,551.9,9600.00,10449.6,640.00,17165.2,320.00,182511.6,40.00,100770911
21/063,2021-07-27,8,11,19,22,29,44,14,11,4,2,3,3,1,2,2,0,1,0,0.00,3,468050.00,84,44570.00,157.5,9600.00,3920.9,640.00,4366,320.00,67397.2,40.00,34076454
21/062,2021-07-24,11,12,25,27,28,34,46,,2,4,3,3,0,2,3,1,0,1.5,5333330.00,0,0.00,71.5,49770.00,97.5,9600.00,3329.3,640.00,2754,320.00,58472,40.00,29747956
21/061,2021-07-22,2,3,4,5,8,23,27,2,6,0,3,3,5,0,1,0,0,3.5,2362510.00,7,38400.00,635.3,19200.00,444,9600.00,14144.8,640.00,7686.3,320.00,110616.7,40.00,36705647
21/060,2021-07-20,2,7,15,19,31,49,46,,4,2,5,1,2,2,0,1,1,0,0.00,1.5,885140.00,82.5,42910.00,187.5,9600.00,4016.4,640.00,3486.5,320.00,67428.7,40.00,33166927
21/059,2021-07-17,1,6,16,30,32,47,12,6,3,3,2,4,2,1,1,1,1,1,42438580.00,1,2578770.00,67,102630.00,234.5,9600.00,4411,640.00,7859.8,320.00,86910.5,40.00,55477589
21/058,2021-07-15,6,19,22,23,28,49,20,,4,2,3,3,1,1,3,0,1,0,0.00,0.5,1160065.00,78,79320.00,180,9600.00,4996,640.00,5764.6,320.00,93558.6,40.00,50944039
21/057,2021-07-13,9,13,21,35,38,48,20,,3,3,4,2,1,1,1,2,1,0,0.00,2.5,871120.00,86,67520.00,228.9,9600.00,4556.2,640.00,6179.5,320.00,80840.7,40.00,48664960
21/056,2021-07-10,25,28,34,37,40,49,33,,0,6,3,3,0,0,2,3,1,0,0.00,1.5,1412130.00,33,171160.00,114,9600.00,2369.5,640.00,3912,320.00,50207.6,40.00,39609288
21/055,2021-07-08,7,9,13,27,39,43,42,,3,3,6,0,2,1,1,1,1,0,0.00,0.5,813395.00,68.5,63330.00,141,9600.00,3965.4,640.00,3966.2,320.00,71689.4,40.00,36937249
21/054,2021-07-06,2,6,15,16,26,34,14,,4,2,1,5,2,2,1,1,0,0,0.00,1.5,930270.00,61.5,60500.00,164.5,9600.00,4129.3,640.00,4603.4,320.00,65970.9,40.00,34364266
21/053,2021-07-03,7,9,24,29,37,48,17,24,3,3,4,2,2,0,2,1,1,1,13120260.00,1.5,1137830.00,79.5,57240.00,230,9600.00,4337.2,640.00,6519.5,320.00,76635.7,40.00,41924408
21/052,2021-06-29,10,16,24,39,44,47,28,,3,3,2,4,1,1,1,1,2,0,0.00,1,1640140.00,42.5,102910.00,121.5,9600.00,2082,640.00,3121.5,320.00,41488.5,40.00,31801856
21/051,2021-06-27,2,7,11,27,37,42,28,11,3,3,4,2,2,1,1,1,1,1,26050660.00,1,1717180.00,118,38800.00,336,9600.00,5729.4,640.00,7677.8,320.00,89907.8,40.00,47269835
21/050,2021-06-24,4,11,14,21,38,48,31,,4,2,2,4,1,2,1,1,1,0,0.00,0,0.00,53,95740.00,152,9600.00,3387.3,640.00,4371.4,320.00,62641,40.00,39764355
21/049,2021-06-22,1,5,7,24,26,30,8,,4,2,3,3,3,0,3,0,0,0,0.00,6,203820.00,128.2,25430.00,522,9600.00,5605.8,640.00,11236.7,320.00,86953.1,40.00,41479405
21/048,2021-06-19,4,15,17,32,38,43,30,,3,3,3,3,1,2,0,2,1,0,0.00,0,0.00,37,116630.00,94.5,9600.00,1985.5,640.00,2522.2,320.00,41146.1,40.00,30530545
21/047,2021-06-17,1,25,31,34,42,48,20,,1,5,3,3,1,0,1,2,2,1,37883790.00,2,1233250.00,57,115390.00,170.5,9600.00,3367.5,640.00,4798.5,320.00,68130.3,40.00,48374806
21/046,2021-06-15,3,11,13,22,44,45,4,3,4,2,4,2,1,2,1,0,2,0.5,30484265.00,2.5,1407060.00,117.5,79830.00,353.5,9600.00,7308.7,640.00,10631.8,320.00,130295.1,40.00,78621308
21/045,2021-06-11,2,3,15,29,41,43,7,,3,3,5,1,2,1,1,0,2,0,0.00,3,1184200.00,64,148020.00,247.5,9600.00,4607.5,640.00,7419.4,320.00,92655.9,40.00,69317963
21/044,2021-06-08,7,13,21,24,28,30,10,,4,2,3,3,1,1,4,0,0,0,0.00,5.5,401870.00,141.5,41650.00,483.5,9600.00,6553.7,640.00,11151.7,320.00,112299.8,40.00,61276144
21/043,2021-06-04,2,6,16,22,34,49,45,"6,16",4,2,1,5,2,1,1,1,1,0,0.00,0,0.00,62.5,109780.00,143.5,9600.00,4333.6,640.00,4792.5,320.00,85358.4,40.00,51757606
21/042,2021-06-01,1,6,16,28,33,36,8,,3,3,2,4,2,1,1,2,0,0,0.00,8,180470.00,167.5,22980.00,672.9,9600.00,7024.4,640.00,12411,320.00,100186.2,40.00,48969186
21/041,2021-05-28,5,12,30,43,44,45,21,,2,4,3,3,1,1,1,0,3,0,0.00,0,0.00,38.5,148910.00,161.5,9600.00,2933,640.00,4670.3,320.00,61402.9,40.00,42830097
21/040,2021-05-25,1,7,19,22,27,49,20,,4,2,5,1,2,1,2,0,1,0.5,9903745.00,1,1562650.00,147,28340.00,264,9600.00,6479.2,640.00,6748,320.00,101833.9,40.00,45114491
21/039,2021-05-21,8,14,31,37,44,47,38,,2,4,3,3,1,1,0,2,2,0,0.00,0.5,1017075.00,37.5,144650.00,113.5,9600.00,2544,640.00,3606.2,320.00,51331.3,40.00,38568911
21/038,2021-05-18,2,9,26,34,35,36,4,,2,4,2,4,2,0,1,3,0,0,0.00,3,550760.00,61.2,71990.00,149,9600.00,2811.6,640.00,3924.6,320.00,52203.7,40.00,34589888
21/037,2021-05-14,5,14,28,29,31,37,11,31,2,4,4,2,1,1,2,2,0,2,14831010.00,3,609180.00,134,36360.00,279,9600.00,4679.4,640.00,6599.7,320.00,71882.2,40.00,44535503
21/036,2021-05-11,15,22,30,31,35,45,6,22,2,4,4,2,0,1,2,2,1,0.5,22829870.00,0.5,1349470.00,91.5,78650.00,223,9600.00,4128.2,640.00,6013.4,320.00,77540.4,40.00,54780065
21/035,2021-05-07,5,8,22,26,40,41,46,8,3,3,2,4,2,0,2,1,1,0,0.00,0.5,1213315.00,70.5,91780.00,123.5,9600.00,3723,640.00,3845,320.00,74298.1,40.00,47311439
21/034,2021-05-04,8,9,10,19,38,45,6,9,4,2,3,3,3,1,0,1,1,0,0.00,0,0.00,115.5,33990.00,278,9600.00,4978,640.00,9236.3,320.00,85034.6,40.00,42587540
21/033,2021-04-30,7,9,29,33,36,49,41,,2,4,5,1,2,0,1,2,1,0,0.00,1,1614910.00,85.5,50360.00,143.5,9600.00,4660.2,640.00,4032.5,320.00,79553.5,40.00,38265895
21/032,2021-04-27,2,13,15,19,38,41,30,15,4,2,4,2,1,3,0,1,1,0,0.00,1,1882270.00,46.5,107940.00,110.5,9600.00,2426.7,640.00,3574.4,320.00,48211.9,40.00,36066196
21/031,2021-04-23,15,18,20,23,31,47,12,,4,2,4,2,0,3,1,1,1,0,0.00,2,781530.00,34,122590.00,134,9600.00,2517,640.00,4037.5,320.00,48125,40.00,32528370
21/030,2021-04-20,12,32,40,42,48,49,27,,1,5,1,5,0,1,0,2,3,0,0.00,1.5,925790.00,56,66120.00,113,9600.00,2566.5,640.00,3170,320.00,42269.8,40.00,28900309
21/029,2021-04-16,5,6,17,23,29,38,24,,4,2,4,2,2,1,2,1,0,1,19281120.00,3,532870.00,81,52620.00,209.5,9600.00,4503.1,640.00,5836.3,320.00,75830.1,40.00,39824924
21/028,2021-04-13,7,10,13,14,20,35,49,"7,13,14",5,1,3,3,2,3,0,1,0,0.5,14485280.00,3.5,589580.00,81,67930.00,193,9600.00,5240.5,640.00,5226,320.00,87919.4,40.00,47247039
21/027,2021-04-09,7,9,12,13,14,16,23,7,6,0,3,3,2,4,0,0,0,0,0.00,3,422280.00,166,20350.00,322.5,9600.00,6495.9,640.00,8177.6,320.00,93311.5,40.00,42377097
21/026,2021-04-06,4,7,8,20,22,41,21,,5,1,2,4,3,1,1,0,1,0,0.00,5,278050.00,46,80590.00,279,9600.00,3781.6,640.00,6933.9,320.00,74245.4,40.00,37912073
21/025,2021-04-02,1,2,33,34,42,49,39,,2,4,3,3,2,0,0,2,2,0,0.00,1.5,1059040.00,62.5,67770.00,168.5,9600.00,3415.7,640.00,4046,320.00,61111,40.00,35519840
21/024,2021-03-30,24,26,36,37,41,43,31,"24,26,43",1,5,3,3,0,0,2,2,2,0.5,10042790.00,2,1033390.00,41,134420.00,139,9600.00,2202.9,640.00,4019.4,320.00,46469.2,40.00,38945364
21/023,2021-03-26,6,12,24,26,30,43,20,,3,3,1,5,1,1,3,0,1,0,0.00,3,492660.00,70.7,55740.00,179.5,9600.00,3719.6,640.00,4631.2,320.00,64381,40.00,35164581
21/022,2021-03-23,11,14,16,19,38,41,6,14,4,2,3,3,0,4,0,1,1,0,0.00,0,0.00,34,113820.00,106.5,9600.00,2160.1,640.00,3834.8,320.00,43148.1,40.00,29610245
21/021,2021-03-19,3,8,9,14,23,25,35,,5,1,4,2,3,1,2,0,0,1.5,76287420.00,10.5,774000.00,641.5,33780.00,1018,9600.00,30004.3,640.00,24937.5,320.00,459280.1,40.00,212714434
21/020,2021-03-12,16,17,21,24,43,47,30,43,4,2,4,2,0,2,2,0,2,0,0.00,0.5,2890155.00,163.5,94270.00,371,9600.00,7968,640.00,11684,320.00,163330.5,40.00,113481168
21/019,2021-03-05,1,23,32,38,43,46,5,,2,4,3,3,1,0,1,2,2,0,0.00,0.5,1820250.00,66,147090.00,229,9600.00,5333.5,640.00,7283.4,320.00,104035.3,40.00,71804210
21/018,2021-03-02,6,15,16,21,27,28,43,,4,2,3,3,1,2,3,0,0,0,0.00,3,920510.00,147,50090.00,240,9600.00,7215.7,640.00,6550,320.00,117943.7,40.00,62901664
21/017,2021-02-26,14,17,35,37,39,46,2,14,2,4,4,2,0,2,0,3,1,0,0.00,0,0.00,72.5,106100.00,123.5,9600.00,3878.4,640.00,4002.4,320.00,70138,40.00,53494124
21/016,2021-02-23,2,14,18,28,34,44,21,"14,44",3,3,0,6,1,2,1,1,1,0,0.00,0.5,1147815.00,72,85020.00,188,9600.00,3726,640.00,5080.6,320.00,71104.6,40.00,47180072
21/015,2021-02-19,4,5,13,14,25,44,16,13,4,2,3,3,2,2,1,0,1,0,0.00,0,0.00,64,84270.00,102.5,9600.00,3583,640.00,4002.7,320.00,65294.8,40.00,40716305
21/014,2021-02-16,3,13,28,30,31,45,22,31,2,4,4,2,1,1,2,1,1,0,0.00,1,1914820.00,69,74000.00,167,9600.00,3483.7,640.00,5017.8,320.00,65713,40.00,40916701
21/013,2021-02-12,6,25,31,36,41,47,10,31,1,5,4,2,1,0,1,2,2,0,0.00,2.5,788650.00,50.5,104110.00,142.5,9600.00,2661.5,640.00,3622.4,320.00,48989.7,40.00,38211618
21/012,2021-02-09,1,2,16,20,31,38,7,16,4,2,2,4,2,2,0,2,0,0,0.00,0,0.00,33.5,108850.00,129.5,9600.00,2132.8,640.00,4302.7,320.00,45215.1,40.00,29280634
21/011,2021-02-05,10,16,22,40,44,45,49,,3,3,1,5,1,1,1,1,2,0.5,4000000.00,1,1276730.00,31.5,108080.00,112.5,9600.00,2231.7,640.00,3097,320.00,38370.3,40.00,26643557
21/010,2021-02-02,18,21,24,26,30,35,48,"30,35",3,3,2,4,0,1,4,1,0,1,63275870.00,0.5,1608280.00,88.5,96920.00,271,9600.00,5971.6,640.00,6880,320.00,109346.7,40.00,67710117
21/009,2021-01-29,2,10,30,31,35,46,3,,2,4,2,4,2,0,1,2,1,0,0.00,4,720540.00,52.5,146390.00,209,9600.00,3909.4,640.00,6257.4,320.00,81060.6,40.00,57163282
21/008,2021-01-26,5,9,16,21,44,49,15,"16,21",4,2,4,2,2,1,1,0,2,0,0.00,0.5,1219575.00,72,90330.00,157,9600.00,3469,640.00,4933.5,320.00,73180.9,40.00,48338079
21/007,2021-01-22,15,16,18,21,24,31,22,21,5,1,3,3,0,3,2,1,0,0,0.00,1,2014910.00,55,97690.00,173,9600.00,3127,640.00,4761.8,320.00,60796.6,40.00,41442617
21/006,2021-01-19,14,21,22,38,40,45,17,45,3,3,2,4,0,1,2,2,1,0,0.00,2,981510.00,76,68870.00,114.5,9600.00,3598.7,640.00,3327.7,320.00,58483.7,40.00,39236623
21/005,2021-01-15,4,24,39,41,42,45,6,,2,4,3,3,1,0,1,1,3,0,0.00,0,0.00,60,73400.00,112.5,9600.00,3221.8,640.00,3258,320.00,51297.9,40.00,33954469
21/004,2021-01-12,5,19,22,26,35,40,2,"5,19",3,3,3,3,1,1,2,2,0,0.5,15843325.00,0,0.00,63,87160.00,94.5,9600.00,2742.8,640.00,4024.1,320.00,53205.2,40.00,39195164
21/003,2021-01-08,5,19,29,32,33,34,43,,2,4,4,2,1,1,1,3,0,0,0.00,2,817950.00,51.5,84700.00,137.5,9600.00,2874.5,640.00,4253,320.00,55168.5,40.00,34652069
21/002,2021-01-05,22,24,30,36,38,46,33,46,2,4,0,6,0,0,3,2,1,0,0.00,2.5,644110.00,36.5,117640.00,156.2,9600.00,2290.7,640.00,4542.6,320.00,44906.1,40.00,33356224
21/001,2021-01-02,3,9,14,21,45,46,34,,4,2,4,2,2,1,1,0,2,0.5,14765660.00,0.5,1004335.00,46,116440.00,114.5,9600.00,2723.5,640.00,3602.5,320.00,54484.5,40.00,38685150
20/030,2020-12-29,10,11,24,39,41,42,22,"24,41",3,3,3,3,1,1,1,1,2,0,0.00,4,427430.00,51,89390.00,130.5,9600.00,2675.5,640.00,3834.7,320.00,52970.7,40.00,34882554
20/029,2020-12-25,14,18,24,27,28,41,45,,3,3,2,4,0,2,3,0,1,0,0.00,0,0.00,39.5,103500.00,63.5,9600.00,2158.2,640.00,2878.7,320.00,45428.5,40.00,29557188
20/028,2020-12-22,11,20,36,37,39,48,21,11,2,4,3,3,0,2,0,3,1,0,0.00,1,1414530.00,30,125730.00,85.5,9600.00,1446.2,640.00,2327.2,320.00,31431.5,40.00,26131837
20/027,2020-12-18,8,11,12,23,34,49,28,11,4,2,3,3,1,2,1,1,1,0,0.00,1,766250.00,64,31920.00,149,9600.00,2917.9,640.00,4091.9,320.00,48694,40.00,22534419
20/026,2020-12-15,2,11,13,20,21,33,14,11,5,1,4,2,1,3,1,1,0,1,8000000.00,3.5,245280.00,100,22890.00,121.5,9600.00,3517,640.00,3497.8,320.00,54750.5,40.00,24103839
20/025,2020-12-11,1,11,23,29,41,46,44,,3,3,5,1,1,1,2,0,2,1,13089780.00,0.5,644390.00,33.5,102590.00,98,9600.00,2455.6,640.00,3091,320.00,46635.4,40.00,27423312
20/024,2020-12-08,7,32,34,35,48,49,23,,1,5,3,3,1,0,0,3,2,0,0.00,0,0.00,44.5,73310.00,88.5,9600.00,1751.5,640.00,3135.2,320.00,33932.9,40.00,24618411
20/023,2020-12-04,11,13,19,38,39,41,47,,3,3,5,1,0,3,0,2,1,1,22100500.00,3,537170.00,84.5,50850.00,97,9600.00,3238.5,640.00,3080.5,320.00,57541.7,40.00,33513419
20/022,2020-12-01,24,27,29,31,42,47,22,27,1,5,4,2,0,0,3,1,2,0,0.00,2,894640.00,36,132540.00,104.5,9600.00,1987.5,640.00,2964.7,320.00,41335.4,40.00,33306904
20/021,2020-11-27,5,12,13,23,27,38,39,12,4,2,4,2,1,2,2,1,0,0,0.00,2,649670.00,77.4,44760.00,180.5,9600.00,4096.6,640.00,4418.5,320.00,69587.9,40.00,33465077
20/020,2020-11-24,7,12,16,22,45,47,25,22,4,2,3,3,1,2,1,0,2,0,0.00,1,1802750.00,47,102280.00,144,9600.00,2927.5,640.00,4083.2,320.00,57836,40.00,37190857
20/019,2020-11-20,22,25,30,33,34,43,24,33,1,5,3,3,0,0,3,2,1,1,52526520.00,6.5,515490.00,142.5,62700.00,433.5,9600.00,6653,640.00,10638.2,320.00,119711.9,40.00,76221844
20/018,2020-11-17,13,19,20,21,33,49,45,,4,2,5,1,0,3,1,1,1,0,0.00,3,945850.00,124,61020.00,306.5,9600.00,6664.5,640.00,7925.5,320.00,113656.1,40.00,64959292
20/017,2020-11-13,6,15,17,18,28,47,32,"15,28",4,2,3,3,1,3,1,0,1,0,0.00,2.5,1065440.00,95,74760.00,227,9600.00,4854.5,640.00,6278.8,320.00,92604.5,40.00,56505771
20/016,2020-11-10,13,15,25,28,45,49,24,,2,4,5,1,0,2,2,0,2,0,0.00,2.5,912940.00,84,72450.00,235,9600.00,4551.5,640.00,6080.7,320.00,78003.4,40.00,49917600
20/015,2020-11-06,11,17,35,36,38,40,6,"11,38,40",2,4,3,3,0,2,0,4,0,0,0.00,1,2706510.00,71,101650.00,196.5,9600.00,4054.1,640.00,7024.5,320.00,76561.9,40.00,54850509
20/014,2020-10-29,6,11,33,38,40,43,2,,2,4,3,3,1,1,0,3,1,0.5,11004180.00,3,829780.00,74,89700.00,178.5,9600.00,4412,640.00,5594.4,320.00,84367.7,40.00,51739483
20/013,2020-10-22,1,13,19,24,29,45,26,,4,2,5,1,1,2,2,0,1,0,0.00,1.5,1453390.00,107,54330.00,161,9600.00,4671.9,640.00,4873.9,320.00,81550,40.00,46904829
20/012,2020-10-15,9,26,28,33,38,46,44,"28,33",1,5,2,4,1,0,2,2,1,0,0.00,2,683380.00,54,67490.00,153.5,9600.00,3239.6,640.00,3705,320.00,56959.1,40.00,31525574
20/011,2020-10-08,21,28,33,34,40,47,49,"21,28",1,5,3,3,0,0,2,3,1,1,16196490.00,1,2216100.00,58,101880.00,117.5,9600.00,2416.5,640.00,3921.5,320.00,48896.3,40.00,40963844
20/010,2020-09-29,9,21,26,27,28,48,45,26,2,4,3,3,1,0,4,0,1,0,0.00,0,0.00,44.5,92770.00,83.5,9600.00,3026.2,640.00,2792,320.00,56603.4,40.00,31922174
20/009,2020-09-24,11,24,26,35,42,44,20,,2,4,2,4,0,1,2,1,2,1,8000000.00,1,2353760.00,62.5,100420.00,134,9600.00,3159.1,640.00,4359,320.00,62018.4,40.00,45236174
20/008,2020-02-01,3,5,30,31,43,48,13,,2,4,4,2,2,0,1,1,2,1.5,38895010.00,5,1356160.00,225.5,80180.00,746.5,9600.00,12442.5,640.00,20421,320.00,239830.4,40.00,149877805
20/007,2020-01-23,2,11,13,45,46,49,42,11,3,3,4,2,1,2,0,0,3,0,0.00,1.5,1932270.00,72.5,106600.00,195.5,9600.00,4135.5,640.00,5240,320.00,83056.3,40.00,56956207
20/006,2020-01-21,11,14,21,28,37,44,36,,3,3,3,3,0,2,2,1,1,0,0.00,4,624040.00,78,85330.00,208,9600.00,4479,640.00,5050.6,320.00,85123.8,40.00,52169435
20/005,2020-01-18,18,29,32,33,36,40,38,32,1,5,2,4,0,1,1,4,0,0,0.00,3,607520.00,48,101250.00,176.5,9600.00,2891.6,640.00,4765.4,320.00,53950.9,40.00,38111373
20/004,2020-01-16,2,20,24,30,32,46,1,,3,3,0,6,1,1,2,1,1,2,65041090.00,7.5,1520900.00,401,75850.00,1139,9600.00,22665.7,640.00,34455.1,320.00,411196.4,40.00,252741025
20/003,2020-01-12,5,17,35,37,42,49,39,37,2,4,5,1,1,1,0,2,2,0,0.00,6.5,1193790.00,212,97600.00,553.5,9600.00,11671,640.00,16557.2,320.00,226151.2,40.00,155508613
20/002,2020-01-07,1,24,25,27,31,37,8,37,2,4,5,1,1,0,3,2,0,0,0.00,4.5,1327140.00,188.5,84480.00,516,9600.00,11376.6,640.00,15982.7,320.00,204804.9,40.00,128320773
20/001,2020-01-02,15,17,29,30,34,37,40,,2,4,4,2,0,2,2,2,0,0,0.00,6,925910.00,184.5,80290.00,396.5,9600.00,8680.5,640.00,12376,320.00,166014.5,40.00,112337702
19/144,2019-12-31,5,10,18,20,28,33,17,,4,2,2,4,2,2,1,1,0,0,0.00,1.5,1029510.00,99.5,41380.00,224.5,9600.00,5415.3,640.00,5874.8,320.00,89202.8,40.00,41448970
19/143,2019-12-28,1,22,25,27,31,36,47,,2,4,4,2,1,0,3,2,0,1,8000000.00,2,1042650.00,50,111210.00,149,9600.00,3499.2,640.00,4142.5,320.00,68299.9,40.00,42600865
19/142,2019-12-24,5,11,14,23,30,32,20,11,4,2,3,3,1,2,2,1,0,1,30307270.00,2,1239740.00,129.4,51090.00,280.5,9600.00,5637.3,640.00,7323.6,320.00,94437,40.00,56641726
19/141,2019-12-22,11,22,24,26,41,42,2,"22,24",3,3,2,4,0,1,3,0,2,0,0.00,3,832790.00,74.5,89420.00,229.5,9600.00,4017,640.00,6521.7,320.00,77461.2,40.00,52338095
19/140,2019-12-19,22,24,28,31,35,39,12,,2,4,3,3,0,0,3,3,0,0,0.00,0.5,1053375.00,61,92090.00,172.7,9600.00,3193.5,640.00,5476.1,320.00,60807,40.00,43186166
19/139,2019-12-17,3,20,23,30,34,41,47,,3,3,3,3,1,1,2,1,1,0,0.00,1,1987590.00,42.5,124710.00,122,9600.00,2909.1,640.00,3478.5,320.00,61235.1,40.00,39179095
19/138,2019-12-14,2,4,6,8,28,29,5,6,4,2,1,5,4,0,2,0,0,5.5,6886530.00,22,39520.00,478,19200.00,1384.2,9600.00,12944.3,640.00,21544.3,320.00,138949.1,40.00,64385671
19/137,2019-12-12,6,21,32,35,39,49,15,"6,35",2,4,4,2,1,0,1,3,1,0,0.00,1,3103360.00,71,116550.00,202,9600.00,4307.1,640.00,5572.9,320.00,81581.5,40.00,60143755
19/136,2019-12-10,5,6,11,12,28,35,17,,4,2,3,3,2,2,1,1,0,0,0.00,4.5,390300.00,185.5,25240.00,432,9600.00,8426.2,640.00,9561.2,320.00,126861.4,40.00,56557805
19/135,2019-12-07,14,25,26,30,32,47,4,,1,5,2,4,0,1,3,1,1,0,0.00,0,0.00,58,103250.00,173.7,9600.00,3288,640.00,4701.6,320.00,62208.9,40.00,44848278
19/134,2019-12-05,2,6,8,16,23,31,1,23,5,1,2,4,3,1,1,1,0,0,0.00,2.5,493950.00,110,29930.00,458,9600.00,5823,640.00,10917.1,320.00,88822.5,40.00,41883295
19/133,2019-12-03,1,15,23,29,45,47,6,1,3,3,6,0,1,1,2,0,2,0,0.00,2,953390.00,42.5,119640.00,159.5,9600.00,3112,640.00,4423.1,320.00,55792.6,40.00,39146475
19/132,2019-11-30,1,10,18,24,40,49,7,,4,2,2,4,2,1,1,1,1,1,28543660.00,9.5,175040.00,214,20720.00,553,9600.00,8994.2,640.00,12034.7,320.00,113770.4,40.00,56401001
19/131,2019-11-28,22,23,29,36,41,44,2,,2,4,3,3,0,0,3,1,2,0.5,23554880.00,1.5,2305310.00,136.5,67550.00,255,9600.00,6352.4,640.00,7980.9,320.00,113610.4,40.00,72120258
19/130,2019-11-26,5,9,15,25,42,45,38,,3,3,5,1,2,1,1,0,2,0,0.00,4.5,534710.00,233.5,27480.00,352.7,9600.00,9915.3,640.00,7140.5,320.00,103700.1,40.00,62579159
19/129,2019-11-24,1,20,28,30,35,46,15,35,2,4,2,4,1,1,2,1,1,0,0.00,2,1407040.00,61,123020.00,181.5,9600.00,4116.4,640.00,6062.9,320.00,86194.7,40.00,56260824
19/128,2019-11-21,3,4,5,10,35,38,7,4,4,2,3,3,4,0,0,2,0,0,0.00,3,533830.00,79.5,53710.00,445,9600.00,5570.7,640.00,11547.2,320.00,96063.4,40.00,50199159
19/127,2019-11-19,1,4,12,13,24,42,48,,5,1,2,4,2,2,1,0,1,0,0.00,2.5,705850.00,115,40910.00,208.5,9600.00,6015.1,640.00,5548.5,320.00,95996.8,40.00,45174770
19/126,2019-11-16,10,23,28,39,44,47,13,,2,4,3,3,1,0,2,1,2,0.5,10976475.00,1,2174440.00,58.5,99120.00,207.5,9600.00,3347.5,640.00,4956.2,320.00,63369,40.00,44787343
19/125,2019-11-14,2,3,13,18,31,49,14,"18,31",4,2,4,2,2,2,0,1,1,0,0.00,1,2170210.00,76.5,75650.00,163,9600.00,3962.9,640.00,5082.1,320.00,78414.7,40.00,45857254
19/124,2019-11-10,6,17,18,23,31,46,44,,4,2,3,3,1,2,1,1,1,0,0.00,0.5,918975.00,47,104280.00,127.5,9600.00,2845.4,640.00,3285,320.00,56474.9,40.00,36703959
19/123,2019-11-07,7,20,30,33,34,44,46,30,2,4,2,4,1,1,1,2,1,3,45319750.00,8,1562200.00,473.5,70380.00,1126,9600.00,25307.7,640.00,29895.5,320.00,444800,40.00,270227069
19/122,2019-11-02,13,15,25,30,40,46,26,13,2,4,3,3,0,2,2,1,1,0,0.00,9,841640.00,210,96180.00,571.5,9600.00,11795.2,640.00,16433.1,320.00,217457.9,40.00,152750657
19/121,2019-10-29,2,10,13,19,20,24,17,24,6,0,2,4,2,3,1,0,0,0,0.00,6,874550.00,310.5,45060.00,720.9,9600.00,16501.5,640.00,16631.7,320.00,251547.9,40.00,132051302
19/120,2019-10-26,1,17,24,30,40,49,48,,3,3,3,3,1,1,2,1,1,1,16070680.00,4.5,423830.00,64,79460.00,201.5,9600.00,4227.5,640.00,5955.5,320.00,67017.6,40.00,42961269
19/119,2019-10-24,7,10,16,23,27,34,24,,4,2,3,3,2,1,2,1,0,0.5,10348900.00,3.5,579800.00,103,52530.00,232.5,9600.00,5314.8,640.00,7698,320.00,92147,40.00,49350847
19/118,2019-10-22,1,6,11,31,41,47,32,"1,6",3,3,5,1,2,1,0,1,2,0,0.00,1,1932660.00,234,22020.00,194,9600.00,6866.2,640.00,4515.2,320.00,78710.4,40.00,46312559
19/117,2019-10-19,1,6,19,22,42,44,25,19,4,2,2,4,2,1,1,0,2,0,0.00,0.5,811875.00,59.5,72770.00,105,9600.00,3118.2,640.00,3380.2,320.00,60394.3,40.00,34067945
19/116,2019-10-17,14,18,19,21,45,47,49,,4,2,4,2,0,3,1,0,2,2,42731540.00,6,1061030.00,181.5,93530.00,460.5,9600.00,8943,640.00,14380.5,320.00,176372.4,40.00,126740567
19/115,2019-10-13,10,16,27,29,37,42,44,,2,4,3,3,1,1,2,1,1,0,0.00,4.5,1130870.00,147,92310.00,359,9600.00,7660.2,640.00,10131.5,320.00,149952.6,40.00,101612510
19/114,2019-10-08,13,23,35,36,43,47,16,13,2,4,5,1,0,1,1,2,2,0,0.00,2,1727070.00,149,61810.00,367,9600.00,7905.2,640.00,10131,320.00,130838,40.00,78450179
19/113,2019-10-03,1,12,13,15,19,45,44,,5,1,5,1,1,4,0,0,1,0,0.00,3.5,885170.00,127,65050.00,279.5,9600.00,7582.6,640.00,7903,320.00,132549.3,40.00,70488672
19/112,2019-09-29,2,3,7,10,18,48,33,"2,3",5,1,2,4,4,1,0,0,1,0,0.00,1.5,1506440.00,156.5,38500.00,294.5,9600.00,7560.6,640.00,7980.2,320.00,126021.5,40.00,58916367
19/111,2019-09-26,2,3,11,20,27,46,4,46,4,2,3,3,2,2,1,0,1,0,0.00,5,435610.00,78,74460.00,285.5,9600.00,4469.1,640.00,7859.8,320.00,79701.8,40.00,50482820
19/110,2019-09-24,6,17,44,45,46,49,41,44,2,4,3,3,1,1,0,0,4,0,0.00,0,0.00,50.5,107760.00,201,9600.00,4264.5,640.00,4775,320.00,62833,40.00,43799501
19/109,2019-09-22,3,28,39,40,42,44,37,"39,42,44",1,5,2,4,1,0,1,2,2,0,0.00,0,0.00,49,106880.00,106.5,9600.00,2369,640.00,2913.6,320.00,46540.2,40.00,36520954
19/108,2019-09-19,8,17,34,39,42,44,7,,2,4,2,4,1,1,0,2,2,1.5,9528260.00,1,2097460.00,66.5,84100.00,173.5,9600.00,3340,640.00,4834.4,320.00,62998.9,40.00,43030039
19/107,2019-09-17,12,20,22,26,30,36,2,12,3,3,0,6,0,2,3,1,0,0,0.00,4.5,340800.00,87.5,46730.00,260.7,9600.00,4119,640.00,6130.5,320.00,68394.4,40.00,39022038
19/106,2019-09-14,1,4,7,12,19,28,43,,5,1,3,3,3,2,1,0,0,2.5,3200000.00,0.5,92670.00,291.7,19200.00,163,9600.00,8705.9,640.00,3876.5,320.00,98209.9,40.00,34151015
19/105,2019-09-12,5,23,24,25,31,33,7,,3,3,5,1,1,0,3,2,0,1,51826970.00,1.5,2463080.00,176.5,55820.00,428.5,9600.00,8543.6,640.00,11896.6,320.00,146997.9,40.00,85805994
19/104,2019-09-10,11,12,13,28,43,49,47,"12,43",3,3,4,2,0,3,1,0,2,0.5,40743080.00,7,1023150.00,293.5,65070.00,774.5,9600.00,14966.5,640.00,17831.5,320.00,274788.1,40.00,159593779
19/103,2019-09-07,7,8,12,25,43,45,13,,3,3,4,2,2,1,1,0,2,0,0.00,3,411060.00,58.5,56210.00,245,9600.00,3992.7,640.00,5865.6,320.00,71088.5,40.00,34559909
19/102,2019-09-05,3,4,18,29,41,44,39,,3,3,3,3,2,1,1,0,2,1,38053270.00,1,2836580.00,75,100850.00,175,9600.00,4278,640.00,5045.2,320.00,84613.8,40.00,55921774
19/101,2019-09-03,2,8,17,24,27,39,10,24,4,2,3,3,2,1,2,1,0,0,0.00,0.5,1176390.00,74.5,84210.00,255.9,9600.00,4665.4,640.00,7528.9,320.00,90472.3,40.00,53161464
19/100,2019-08-31,1,6,14,24,32,44,5,"24,44",4,2,1,5,2,1,1,1,1,0,0.00,2,1016770.00,73,74280.00,168,9600.00,4181.8,640.00,5823,320.00,72398.9,40.00,44345050
19/099,2019-08-29,8,24,26,37,38,44,18,,2,4,1,5,1,0,2,2,1,0,0.00,0,0.00,81.5,58960.00,198.5,9600.00,3878,640.00,5693.7,320.00,68840.3,40.00,41045851
19/098,2019-08-27,6,18,29,33,43,46,16,,2,4,3,3,1,1,1,1,2,0,0.00,3.5,489370.00,64,71360.00,176,9600.00,3153.5,640.00,5493.8,320.00,58210.4,40.00,37671120
19/097,2019-08-24,1,10,21,31,47,49,13,1,3,3,5,1,2,0,1,1,2,1,17193110.00,0.5,917790.00,83.5,58620.00,179,9600.00,4662,640.00,5162.2,320.00,72625.2,40.00,42049085
19/096,2019-08-22,1,4,5,6,42,43,8,,4,2,3,3,4,0,0,0,2,0,0.00,7.5,163830.00,85,38550.00,495.7,9600.00,6098.5,640.00,10603.4,320.00,72931.9,40.00,41676385
19/095,2019-08-20,12,15,16,23,32,35,2,32,4,2,3,3,0,3,1,2,0,0,0.00,2,878660.00,79,59310.00,156.5,9600.00,3394.7,640.00,5091.2,320.00,61888.4,40.00,38247961
19/094,2019-08-17,4,9,20,26,32,44,11,,3,3,1,5,2,1,1,1,1,1,20469990.00,0.7,1967114.80,73,73320.00,188,9600.00,4105.5,640.00,6417.1,320.00,72364.3,40.00,44602900
19/093,2019-08-15,2,13,23,35,38,46,17,,3,3,3,3,1,1,1,2,1,0.5,14448210.00,3.5,646580.00,142,42490.00,302.5,9600.00,5754,640.00,6946,320.00,88393.7,40.00,53563246
19/092,2019-08-13,10,14,16,29,30,43,11,,3,3,2,4,1,2,2,0,1,0.5,22107275.00,5,566000.00,145.5,51860.00,392.5,9600.00,6548.6,640.00,10029.9,320.00,109309.6,40.00,67173592
19/091,2019-08-10,15,22,42,44,48,49,6,44,2,4,2,4,0,1,1,0,4,0,0.00,0,0.00,64,111510.00,176,9600.00,4174.5,640.00,5554.5,320.00,73886,40.00,53151958
19/090,2019-08-08,8,9,19,25,30,44,37,,3,3,3,3,2,1,2,0,1,0,0.00,2.5,798030.00,157,33880.00,205.5,9600.00,6756.3,640.00,5671.6,320.00,110628.6,40.00,50283064
19/089,2019-08-06,5,6,15,21,22,37,36,37,5,1,4,2,2,1,2,1,0,0,0.00,2,1072770.00,79,72420.00,171,9600.00,4075.8,640.00,5598.9,320.00,74627.8,40.00,45824552
19/088,2019-08-03,23,24,27,28,37,43,16,43,2,4,4,2,0,0,4,1,1,0,0.00,1,1991680.00,49.5,107290.00,130.5,9600.00,3279.5,640.00,4063.2,320.00,60840.1,40.00,40141822
19/087,2019-08-01,13,18,20,21,43,49,30,,4,2,4,2,0,3,1,0,2,0.5,6621645.00,4.5,388390.00,62,75170.00,167.5,9600.00,3224,640.00,4379.8,320.00,58670.3,40.00,37451568
19/086,2019-07-30,3,16,19,22,41,44,29,19,4,2,3,3,1,2,1,0,2,0,0.00,1,2033230.00,34.5,157150.00,102,9600.00,2517.2,640.00,3302.4,320.00,48883.6,40.00,37958977
19/085,2019-07-27,4,14,19,24,39,45,8,,4,2,3,3,1,2,1,1,1,1,48857920.00,3,1077060.00,95,90700.00,295.5,9600.00,5877.1,640.00,8753.2,320.00,103523.5,40.00,68910770
19/084,2019-07-25,7,10,11,16,18,35,43,,5,1,3,3,2,3,0,1,0,0.5,39164360.00,5.5,1110830.00,281,57970.00,531,9600.00,14976,640.00,15569,320.00,270405.6,40.00,139332117
19/083,2019-07-23,14,19,25,38,39,42,46,,2,4,3,3,0,2,1,2,1,0,0.00,0,0.00,63.5,93730.00,136.5,9600.00,3318.8,640.00,4865,320.00,63655.9,40.00,44240595
19/082,2019-07-20,26,27,30,33,44,47,37,,0,6,3,3,0,0,3,1,2,0,0.00,0,0.00,37.5,118910.00,140,9600.00,2392,640.00,3620,320.00,47017.1,40.00,33637960
19/081,2019-07-18,2,4,8,11,17,31,19,,5,1,3,3,3,2,0,1,0,1.5,23564150.00,6.5,284230.00,183,26920.00,423.2,9600.00,7545.2,640.00,10065.5,320.00,118925.6,40.00,56304815
19/080,2019-07-16,6,16,22,28,37,45,13,,3,3,2,4,1,1,2,1,1,0,0.00,1.5,1721370.00,102.5,67170.00,254.5,9600.00,4421.6,640.00,6583.3,320.00,84187.6,40.00,54932189
19/079,2019-07-13,12,14,32,35,38,46,16,32,2,4,1,5,0,2,0,3,1,0,0.00,4,592710.00,55,114950.00,160.5,9600.00,3251,640.00,4744.9,320.00,62495,40.00,46311996
19/078,2019-07-11,3,6,26,27,32,49,29,3,2,4,3,3,2,0,2,1,1,0,0.00,1,1983270.00,68.2,77540.00,152.5,9600.00,3760.8,640.00,5199.2,320.00,74055.3,40.00,42641377
19/077,2019-07-09,3,5,20,31,39,42,25,42,3,3,4,2,2,1,0,2,1,0,0.00,0.5,995115.00,39.5,134360.00,139.5,9600.00,2698,640.00,4239.6,320.00,54932.7,40.00,39259991
19/076,2019-07-06,7,8,10,11,28,42,29,,4,2,2,4,3,1,1,0,1,1,11600520.00,10,120010.00,149,21470.00,363.9,9600.00,7329.1,640.00,7729.6,320.00,106097.7,40.00,40705997
19/075,2019-07-04,1,2,12,15,24,44,14,15,5,1,2,4,2,2,1,0,1,0,0.00,3.5,403860.00,76.5,49270.00,191,9600.00,3835.4,640.00,5561.7,320.00,65618.9,40.00,35274402
19/074,2019-07-02,13,14,15,42,45,48,2,13,3,3,3,3,0,3,0,0,3,1,69037880.00,5.5,814200.00,92.5,129090.00,281,9600.00,5579.5,640.00,7886.5,320.00,112585,40.00,85374919
19/073,2019-06-29,9,13,22,29,31,46,45,46,3,3,4,2,1,1,2,1,1,0,0.00,2,1686990.00,100,89970.00,279,9600.00,5804.5,640.00,7685,320.00,115514,40.00,70723992
19/072,2019-06-27,12,20,33,42,46,47,27,46,2,4,2,4,0,2,0,1,3,0,0.00,2.5,1301800.00,97.5,89010.00,230,9600.00,4361.5,640.00,6777.5,320.00,85645.3,40.00,63771451
19/071,2019-06-25,23,25,29,32,40,46,13,29,1,5,3,3,0,0,3,2,1,0,0.00,1.5,1838800.00,68.5,107370.00,268.5,9600.00,4368.4,640.00,6744.6,320.00,82971.3,40.00,57513294
19/070,2019-06-22,13,29,30,33,43,47,16,33,1,5,5,1,0,1,2,1,2,0,0.00,1.5,1508340.00,81,74480.00,192.5,9600.00,4650,640.00,4940.2,320.00,77312,40.00,48282428
19/069,2019-06-20,9,11,15,21,25,33,46,,4,2,6,0,1,2,2,1,0,0.5,20655760.00,3.5,737130.00,153.7,44760.00,265,9600.00,7352.8,640.00,7527,320.00,121626.1,40.00,61897105
19/068,2019-06-18,18,23,26,29,35,48,36,,2,4,3,3,0,1,3,1,1,0,0.00,4.5,550260.00,87.5,75460.00,307,9600.00,5710,640.00,7649.8,320.00,97816,40.00,57597729
19/067,2019-06-15,7,8,17,30,42,44,24,,3,3,2,4,2,1,1,0,2,0,0.00,1.5,1483980.00,67.5,87930.00,205,9600.00,3948.2,640.00,6382.5,320.00,78077.5,40.00,48088558
19/066,2019-06-13,3,6,21,31,33,38,45,21,3,3,4,2,2,0,1,3,0,0,0.00,2,1020220.00,73.5,74020.00,168.5,9600.00,4404.8,640.00,4714.5,320.00,81839.2,40.00,44754043
19/065,2019-06-11,8,19,20,21,25,37,13,8,4,2,4,2,1,2,2,1,0,0.5,13343770.00,1,2322390.00,72.5,85420.00,192.5,9600.00,3899.2,640.00,6645.8,320.00,77334.8,40.00,49217420
19/064,2019-06-09,3,8,24,27,28,49,44,24,3,3,3,3,2,0,3,0,1,0.5,19720365.00,1,2761510.00,125.5,58670.00,253,9600.00,6706.3,640.00,6567.5,320.00,118417.2,40.00,62574092
19/063,2019-06-06,6,13,21,24,32,47,38,"21,24",4,2,3,3,1,1,2,1,1,0,0.00,2,1368120.00,94,77620.00,228.9,9600.00,4174.5,640.00,5983.8,320.00,81105.5,40.00,55692553
19/062,2019-06-04,16,21,24,28,37,40,48,,3,3,2,4,0,1,3,2,0,0,0.00,1.5,1813250.00,70,103610.00,167.5,9600.00,3714.3,640.00,5312,320.00,70622.5,40.00,52658818
19/061,2019-06-01,3,13,19,23,35,43,26,,4,2,6,0,1,2,1,1,1,0,0.00,2.5,386400.00,252,19200.00,254.5,9600.00,10034.8,640.00,5226.3,320.00,88176.3,40.00,43755700
19/060,2019-05-30,12,15,16,31,36,46,3,,3,3,2,4,0,3,0,2,1,0,0.00,1,1630860.00,118,36850.00,225.7,9600.00,5747.5,640.00,5850.7,320.00,73142.1,40.00,41834692
19/059,2019-05-28,22,29,37,42,45,49,47,,1,5,4,2,0,0,2,1,3,0.5,6997150.00,1.5,1332060.00,70,76110.00,263.5,9600.00,3466.5,640.00,5972.5,320.00,63861.6,40.00,44170262
19/058,2019-05-25,12,14,23,30,40,48,1,14,3,3,1,5,0,2,2,1,1,0,0.00,1,1697140.00,46,98380.00,116.5,9600.00,2370.1,640.00,3799.8,320.00,48828.4,40.00,33773390
19/057,2019-05-23,11,13,14,17,33,43,27,,4,2,5,1,0,4,0,1,1,1,29224510.00,3.5,654570.00,117.5,51990.00,297.5,9600.00,5528.7,640.00,7548.6,320.00,98337,40.00,54680195
19/056,2019-05-21,4,7,21,24,35,41,18,41,4,2,4,2,2,0,2,1,1,0,0.00,0.5,1171160.00,75,83280.00,164,9600.00,4084.5,640.00,5155.3,320.00,78513.5,40.00,48404885
19/055,2019-05-19,1,2,9,16,30,41,35,1,4,2,3,3,3,1,1,0,1,0,0.00,3,683700.00,92,59450.00,148,9600.00,4452.9,640.00,3961.4,320.00,80551.5,40.00,44049784
19/054,2019-05-16,1,4,7,23,37,38,34,37,4,2,4,2,3,0,1,2,0,0,0.00,2,748490.00,123.5,32320.00,165.5,9600.00,4638.9,640.00,4232.7,320.00,74802,40.00,36798568
19/053,2019-05-14,10,12,14,30,37,41,5,,3,3,2,4,1,2,1,1,1,1,72889260.00,9,635210.00,193,78990.00,471,9600.00,9663.7,640.00,14525.9,320.00,181516.3,40.00,119440093
19/052,2019-05-09,3,4,5,24,29,32,2,,4,2,3,3,3,0,2,1,0,0,0.00,3.5,911520.00,138,61640.00,510.9,9600.00,7705.4,640.00,15768.4,320.00,139392,40.00,81166924
19/051,2019-05-07,6,12,35,39,42,44,22,"6,35",2,4,2,4,1,1,0,2,2,0,0.00,1.5,2489190.00,78.5,126830.00,253,9600.00,4550.7,640.00,8045.7,320.00,92997.2,40.00,72202961
19/050,2019-05-04,6,13,19,20,24,35,43,"6,19",5,1,3,3,1,3,1,1,0,0,0.00,0,0.00,69.5,107020.00,186,9600.00,4882,640.00,5196.7,320.00,88574.5,40.00,56573717
19/049,2019-05-02,1,6,19,23,45,47,49,"1,45",4,2,5,1,2,1,1,0,2,0,0.00,5,473000.00,68.5,92060.00,248.5,9600.00,4017,640.00,7372.5,320.00,79589.5,40.00,51528504
19/048,2019-04-30,1,29,32,43,45,49,5,32,1,5,5,1,1,0,1,1,3,0,0.00,2.5,931580.00,59,105260.00,177.5,9600.00,4353,640.00,5628.5,320.00,80668.1,40.00,49221733
19/047,2019-04-27,2,8,14,21,32,35,4,21,4,2,2,4,2,1,1,2,0,0,0.00,0,0.00,41.5,110980.00,146.8,9600.00,2879,640.00,4550.6,320.00,56352,40.00,36325619
19/046,2019-04-25,11,13,18,21,28,34,19,28,4,2,3,3,0,3,2,1,0,1.5,50106390.00,6.5,979980.00,262,64830.00,667,9600.00,13334.9,640.00,18604.8,320.00,241892,40.00,143023921
19/045,2019-04-20,28,30,32,37,39,47,23,"30,32",0,6,3,3,0,0,2,3,1,0.5,56049805.00,7.5,1382780.00,283,97720.00,846,9600.00,15257.7,640.00,23845.2,320.00,291002.8,40.00,209508461
19/044,2019-04-16,11,20,30,32,33,43,34,,2,4,3,3,0,2,1,2,1,0,0.00,6,1165930.00,220,84790.00,659.5,9600.00,13852.7,640.00,19779.1,320.00,248635.2,40.00,153188091
19/043,2019-04-13,3,15,22,35,40,49,39,,3,3,4,2,1,1,1,2,1,0,0.00,0,0.00,75.5,88150.00,280.5,9600.00,4173.1,640.00,7483.3,320.00,81117,40.00,54237186
19/042,2019-04-11,6,18,32,38,41,45,33,32,2,4,2,4,1,1,0,2,2,0,0.00,3.5,723070.00,60.5,111540.00,203.9,9600.00,3979,640.00,6132.5,320.00,71949.7,40.00,51638562
19/041,2019-04-09,3,14,17,23,32,43,36,,4,2,4,2,1,2,1,1,1,0,0.00,2.5,875720.00,125.5,46510.00,248,9600.00,5038.2,640.00,5741,320.00,85146.6,40.00,49790907
19/040,2019-04-06,8,21,34,37,41,45,49,34,2,4,4,2,1,0,1,2,2,0,0.00,0.5,1036595.00,48.5,113990.00,116.5,9600.00,2495.4,640.00,3621,320.00,49436.9,40.00,38962780
19/039,2019-04-04,29,34,38,42,44,47,36,,0,6,2,4,0,0,1,2,3,0,0.00,1,1855930.00,40.5,122200.00,132,9600.00,2270,640.00,3693.9,320.00,45870.2,40.00,35802711
19/038,2019-04-02,6,10,15,21,24,28,49,15,5,1,2,4,2,1,3,0,0,2,18427630.00,1,2278240.00,142.5,53290.00,232,9600.00,6290.2,640.00,6516,320.00,108683.9,40.00,62126741
19/037,2019-03-30,15,17,18,37,39,49,31,17,3,3,5,1,0,3,0,2,1,0,0.00,1,2414840.00,75,85860.00,182,9600.00,3551.4,640.00,4426.4,320.00,68127.2,40.00,47875528
19/036,2019-03-28,3,5,17,23,41,44,40,3,4,2,5,1,2,1,1,0,2,0,0.00,3,792220.00,63,100600.00,137.5,9600.00,3446,640.00,4301.4,320.00,70721.1,40.00,46559924
19/035,2019-03-26,2,3,10,21,31,35,11,10,4,2,4,2,3,0,1,2,0,0.5,13367710.00,6.5,345010.00,76,78680.00,351.7,9600.00,4520.4,640.00,9468,320.00,86126.8,40.00,54025291
19/034,2019-03-23,10,11,15,39,46,49,21,,3,3,4,2,1,2,0,1,2,0,0.00,2,1067810.00,47,121170.00,183.5,9600.00,3242.7,640.00,5726.5,320.00,66681.9,40.00,44411661
19/033,2019-03-21,7,12,22,32,37,45,47,,3,3,3,3,1,1,1,2,1,0,0.00,2,953700.00,95.5,53260.00,172.5,9600.00,3978.5,640.00,4941.5,320.00,73156.2,40.00,42006379
19/032,2019-03-19,4,18,23,38,40,46,15,23,3,3,1,5,1,1,1,2,1,0.5,7878470.00,2,1176430.00,57,110070.00,151.5,9600.00,3352.4,640.00,4207.4,320.00,64732.9,40.00,45875409
19/031,2019-03-16,5,9,12,23,31,43,29,43,4,2,5,1,2,1,1,1,1,0,0.00,0.5,698350.00,107.5,34640.00,173,9600.00,4038.5,640.00,5235.3,320.00,67027.3,40.00,34878023
19/030,2019-03-14,4,10,25,28,40,43,39,,2,4,2,4,2,0,2,1,1,1,23215520.00,8,305240.00,88,73990.00,158.5,9600.00,3710.7,640.00,4536.3,320.00,74193.4,40.00,48529402
19/029,2019-03-12,6,21,27,33,38,47,46,,2,4,4,2,1,0,2,2,1,0,0.00,1,2197350.00,84,69750.00,167.5,9600.00,4398.5,640.00,4441,320.00,78946.9,40.00,46481276
19/028,2019-03-09,13,32,34,35,41,46,30,,1,5,3,3,0,1,0,3,2,0,0.00,2.5,706320.00,72,65400.00,136,9600.00,3291.7,640.00,4187.4,320.00,52354,40.00,36634886
19/027,2019-03-07,8,15,17,23,39,44,40,,4,2,4,2,1,2,1,1,1,0.5,4000000.00,2,937540.00,52,96150.00,92,9600.00,2736.7,640.00,3115.7,320.00,54554.8,40.00,36205355
19/026,2019-03-05,10,16,28,32,34,49,45,,2,4,1,5,1,1,1,2,1,1,14621280.00,1,2207090.00,61.5,95700.00,134.5,9600.00,3233.3,640.00,4274.5,320.00,64018.7,40.00,43441300
19/025,2019-03-03,21,24,26,35,44,47,8,24,2,4,3,3,0,0,3,1,2,0,0.00,2,1009090.00,42,128130.00,156.5,9600.00,2480,640.00,4097.6,320.00,48721.4,40.00,39138745
19/024,2019-02-28,22,24,25,30,32,43,11,,2,4,2,4,0,0,4,1,1,1,22009110.00,2.5,978920.00,96,67980.00,182,9600.00,4328.9,640.00,6038.1,320.00,76690.1,40.00,50826751
19/023,2019-02-26,9,12,13,19,21,46,15,"13,21",5,1,4,2,1,3,1,0,1,0,0.00,2,1111200.00,66.5,89110.00,168,9600.00,4341.2,640.00,5502.9,320.00,86124.3,40.00,47922981
19/022,2019-02-23,13,14,15,21,33,49,1,49,4,2,5,1,0,3,1,1,1,0,0.00,2,921500.00,52,94510.00,172,9600.00,2493,640.00,4740.4,320.00,51593.7,40.00,37646852
19/021,2019-02-21,16,29,36,39,42,49,34,16,1,5,3,3,0,1,1,2,2,1,8000000.00,0,0.00,68,76340.00,133,9600.00,3150,640.00,3964.5,320.00,57968.3,40.00,39151016
19/020,2019-02-19,2,5,8,13,16,33,41,8,5,1,3,3,3,2,0,1,0,2,9456870.00,2,992510.00,244,21690.00,263,9600.00,8435.3,640.00,5852.9,320.00,124304.5,40.00,54279391
19/019,2019-02-16,3,7,8,17,19,23,12,8,6,0,5,1,3,2,1,0,0,0,0.00,8,165680.00,175.5,20140.00,633.2,9600.00,7452,640.00,12472.6,320.00,110653,40.00,44956024
19/018,2019-02-14,5,8,16,20,43,46,11,,4,2,2,4,2,2,0,0,2,0,0.00,0.5,982190.00,55.5,94380.00,174,9600.00,3234,640.00,4922.9,320.00,64379,40.00,41262549
19/017,2019-02-12,9,17,26,31,32,40,27,,2,4,3,3,1,1,1,3,0,1,8000000.00,3,712930.00,76,75040.00,179.5,9600.00,3357.5,640.00,4904.4,320.00,62975.6,40.00,43758050
19/016,2019-02-09,1,19,29,34,39,49,43,"19,29",2,4,5,1,1,1,1,2,1,6,16661140.00,19.5,426780.00,2470,19200.00,1437,9600.00,43397,640.00,30893.2,320.00,481568.8,40.00,295210446
19/015,2019-02-06,2,4,11,15,19,29,1,19,5,1,4,2,2,3,1,0,0,0,0.00,5,238450.00,116.5,27290.00,430.2,9600.00,4764.3,640.00,10338.3,320.00,75011.5,40.00,40438840
19/014,2019-02-03,5,6,13,19,34,35,39,,4,2,4,2,2,2,0,2,0,1,57113160.00,2,2259450.00,157.9,76310.00,342,9600.00,9286.7,640.00,10279.7,320.00,165382.6,40.00,96735350
19/013,2019-01-31,18,22,26,31,33,41,27,,2,4,3,3,0,1,2,2,1,0,0.00,6.5,491550.00,127,67080.00,316.5,9600.00,6825,640.00,8134.2,320.00,120932.9,40.00,70840561
19/012,2019-01-29,3,10,14,24,32,45,29,"14,45",4,2,2,4,2,1,1,1,1,0,0.00,3,1059880.00,82,103400.00,189.5,9600.00,4487.9,640.00,6163.5,320.00,89523.7,40.00,62109172
19/011,2019-01-26,14,27,29,41,45,46,21,"41,46",1,5,4,2,0,1,2,0,3,0,0.00,4.5,564250.00,45,150460.00,142,9600.00,2944,640.00,4370.2,320.00,57281,40.00,47294425
19/010,2019-01-24,11,18,33,41,43,46,36,33,2,4,4,2,0,2,0,1,3,0,0.00,1,2293390.00,42.5,143890.00,137.5,9600.00,2916.5,640.00,4525.5,320.00,61296,40.00,44236976
19/009,2019-01-22,3,19,25,30,33,48,44,,2,4,4,2,1,1,2,1,1,0,0.00,0,0.00,50,103170.00,128.5,9600.00,3242,640.00,3608.5,320.00,65297.7,40.00,39346968
19/008,2019-01-19,13,24,31,34,44,47,8,,2,4,3,3,0,1,1,2,2,2,11627890.00,3,765870.00,114.5,53510.00,214,9600.00,4040.5,640.00,5708.8,320.00,69701.6,40.00,48310598
19/007,2019-01-17,16,18,28,35,36,41,37,16,2,4,2,4,0,2,1,2,1,0,0.00,3.5,624610.00,75.5,77210.00,174.5,9600.00,3627,640.00,4659.4,320.00,65190.4,40.00,44649754
19/006,2019-01-15,10,16,17,33,44,48,7,"10,48",3,3,2,4,1,2,0,1,2,0,0.00,0,0.00,49,98190.00,150,9600.00,2569,640.00,4331.7,320.00,49354.5,40.00,36414274
19/005,2019-01-13,10,18,35,37,48,49,27,,2,4,3,3,1,1,0,2,2,1,16750570.00,3.5,656920.00,62,98890.00,200.5,9600.00,3760,640.00,5244.4,320.00,72156.8,40.00,47666641
19/004,2019-01-10,6,7,28,31,36,43,23,,2,4,3,3,2,0,1,2,1,0.5,9852830.00,3,745290.00,74,80570.00,214.4,9600.00,4297,640.00,5965.6,320.00,81804,40.00,48832550
19/003,2019-01-08,4,5,12,23,30,40,10,"12,23",4,2,2,4,2,1,2,1,0,0,0.00,4.5,370220.00,87.5,50770.00,371.5,9600.00,4683.3,640.00,9811.2,320.00,80449.2,40.00,46530412
19/002,2019-01-05,12,13,16,19,23,45,2,"23,45",5,1,4,2,0,4,1,0,1,0,0.00,1,1570090.00,41.5,100880.00,196.5,9600.00,2943.1,640.00,4666.1,320.00,54330.6,40.00,35071980
19/001,2019-01-03,8,23,25,30,32,45,24,,2,4,3,3,1,0,3,1,1,1.5,56073510.00,10.5,765400.00,311,68910.00,750,9600.00,16038.5,640.00,22276.2,320.00,295264.1,40.00,176446163
18/149,2018-12-30,6,7,13,33,35,46,43,35,3,3,4,2,2,1,0,2,1,0,0.00,3,892540.00,80,89250.00,241.5,9600.00,5047.1,640.00,6287.5,320.00,96070.2,40.00,57443763
18/148,2018-12-27,1,4,17,22,23,35,37,,5,1,4,2,2,1,2,1,0,0,0.00,0,0.00,80.5,72990.00,170,9600.00,4489.8,640.00,4749.5,320.00,81979.4,40.00,47126979
18/147,2018-12-25,2,14,16,32,41,47,23,,3,3,2,4,1,2,0,1,2,0,0.00,0,0.00,59.5,94400.00,212.5,9600.00,3167.6,640.00,4881.6,320.00,57466.5,40.00,43260043
18/146,2018-12-22,7,20,33,46,48,49,4,7,2,4,3,3,1,1,0,1,3,0,0.00,2,826620.00,50.5,87300.00,142,9600.00,3108.5,640.00,3887,320.00,56475.5,40.00,35124564
18/145,2018-12-20,4,7,8,12,13,26,42,13,5,1,2,4,3,2,1,0,0,1,8000000.00,2,464330.00,193,19200.00,139.9,9600.00,7593.2,640.00,4355.8,320.00,96243,40.00,36297083
18/144,2018-12-18,1,10,11,13,30,33,45,"10,30,33",4,2,4,2,2,2,1,1,0,2,13029820.00,0.5,847225.00,186,30360.00,233.5,9600.00,7995.3,640.00,5823.2,320.00,116725.3,40.00,54459223
18/143,2018-12-15,5,10,30,33,36,37,22,33,2,4,3,3,2,0,1,3,0,0,0.00,0.5,1013225.00,49.5,109160.00,182,9600.00,3484.7,640.00,5711.3,320.00,67035.3,40.00,43207848
18/142,2018-12-13,1,15,21,23,24,33,39,33,5,1,5,1,1,1,3,1,0,0,0.00,3.5,522700.00,86.5,56400.00,151.5,9600.00,4868.9,640.00,4075.5,320.00,75938.6,40.00,41324095
18/141,2018-12-11,7,8,10,20,33,42,22,20,4,2,2,4,3,1,0,1,1,0.5,6700815.00,2,746180.00,84.5,47090.00,358.5,9600.00,5229.1,640.00,8691.8,320.00,88767.8,40.00,44543443
18/140,2018-12-08,20,27,29,40,45,48,43,"20,40",1,5,3,3,0,1,2,1,2,0,0.00,0.5,924510.00,43.5,113350.00,82.5,9600.00,1805.5,640.00,2680,320.00,39840.5,40.00,33230965
18/139,2018-12-06,8,20,32,40,44,46,34,"8,20",2,4,0,6,1,1,0,2,2,1,68983460.00,2,2247990.00,128.5,93300.00,413.5,9600.00,7175.5,640.00,11153.4,320.00,133184.1,40.00,93325843
18/138,2018-12-04,8,11,14,20,22,31,19,20,5,1,2,4,1,3,1,1,0,0,0.00,9.5,396630.00,150,66980.00,372.5,9600.00,8029.1,640.00,10793.3,320.00,152307.7,40.00,84935893
18/137,2018-12-01,2,20,29,32,38,39,47,,2,4,2,4,1,1,1,3,0,0,0.00,1.5,1995980.00,95,84040.00,361,9600.00,4897.1,640.00,6318,320.00,95113.8,40.00,63629516
18/136,2018-11-29,14,25,31,34,36,43,35,,1,5,3,3,0,1,1,3,1,0,0.00,2.5,1129210.00,86.5,87030.00,209,9600.00,4503.9,640.00,6518.9,320.00,83280.4,40.00,57384811
18/135,2018-11-27,7,8,15,27,29,38,39,8,3,3,4,2,2,1,2,1,0,0,0.00,4,495790.00,275.2,19210.00,260.5,9600.00,6688.6,640.00,6446,320.00,102779,40.00,50896557
18/134,2018-11-24,3,8,13,25,30,34,32,,3,3,3,3,2,1,2,1,0,0,0.00,2.5,719920.00,98,48970.00,225.5,9600.00,4867.4,640.00,5389.3,320.00,85874.5,40.00,43749802
18/133,2018-11-22,15,16,18,22,26,48,34,,4,2,1,5,0,3,2,0,1,0,0.00,0,0.00,60.5,81440.00,154.5,9600.00,3807.3,640.00,4663.9,320.00,70132.1,40.00,40287125
18/132,2018-11-20,4,12,14,17,29,35,38,"12,14",4,2,3,3,1,3,1,1,0,0,0.00,1,1873350.00,44.5,112260.00,121.5,9600.00,2920.3,640.00,3572.7,320.00,56869.4,40.00,37366055
18/131,2018-11-17,5,9,12,14,42,43,45,,4,2,3,3,2,2,0,0,2,1,8000000.00,0.5,751220.00,51.5,77790.00,147,9600.00,3086.5,640.00,3868.7,320.00,59444.4,40.00,33350413
18/130,2018-11-15,2,10,29,32,40,41,44,,2,4,2,4,2,0,1,2,1,2,11485480.00,1,2013190.00,48.5,138360.00,128.5,9600.00,3282.4,640.00,4127.2,320.00,66305.1,40.00,47672483
18/129,2018-11-13,8,22,30,34,35,37,29,,2,4,2,4,1,0,2,3,0,0,0.00,1,2029230.00,52,104060.00,159,9600.00,3272.4,640.00,4371.9,320.00,63393.5,40.00,41521595
18/128,2018-11-11,6,24,26,36,44,49,8,24,2,4,1,5,1,0,2,1,2,0,0.00,0.5,830480.00,48,92270.00,111,9600.00,3110.9,640.00,5022.2,320.00,56144.9,40.00,35329061
18/127,2018-11-08,9,16,22,24,40,47,17,"22,47",4,2,2,4,1,1,2,1,1,1,33142540.00,4,733610.00,65.5,119460.00,184,9600.00,3940.5,640.00,5475,320.00,78909.7,40.00,56841719
18/126,2018-11-06,1,8,22,23,46,47,12,,4,2,3,3,2,0,2,0,2,0,0.00,0,0.00,100.5,58080.00,245.5,9600.00,4755.7,640.00,7589.1,320.00,83048.3,40.00,50349422
18/125,2018-11-03,4,19,24,38,39,44,46,,3,3,2,4,1,1,1,2,1,0,0.00,0,0.00,69.5,72730.00,130.5,9600.00,3313,640.00,4003,320.00,60623.1,40.00,38826786
18/124,2018-11-01,9,13,15,16,20,32,12,,5,1,3,3,1,4,0,1,0,0,0.00,1,1586360.00,61,69340.00,143.2,9600.00,2821.5,640.00,4798.7,320.00,54816.1,40.00,34315573
18/123,2018-10-30,4,7,10,22,34,42,38,,4,2,1,5,3,0,1,1,1,1,77995180.00,4,1499590.00,314,50940.00,642,9600.00,14783.1,640.00,16659.6,320.00,259539.6,40.00,139409881
18/122,2018-10-27,1,5,15,39,45,47,43,,3,3,6,0,2,1,0,1,2,0,0.00,0,0.00,50.5,99520.00,106,9600.00,3137.6,640.00,3662,320.00,57428.8,40.00,37596128
18/121,2018-10-25,6,13,20,25,27,29,21,"6,20",3,3,4,2,1,2,3,0,0,0,0.00,1,1649920.00,62.5,70390.00,142.5,9600.00,2962,640.00,3748.2,320.00,52935.4,40.00,34570196
18/120,2018-10-23,6,17,20,34,36,44,15,,3,3,1,5,1,2,0,2,1,1,32435310.00,2,1454710.00,83,93470.00,208,9600.00,4794.6,640.00,6091.2,320.00,89905.9,40.00,59120983
18/119,2018-10-20,10,13,22,25,40,42,5,,3,3,2,4,1,1,2,1,1,0,0.00,3,852890.00,82,83200.00,284,9600.00,4815.4,640.00,7728.2,320.00,89441.6,40.00,56673773
18/118,2018-10-16,7,11,19,32,45,46,37,,3,3,4,2,1,2,0,1,2,0,0.00,0,0.00,69,77590.00,129.5,9600.00,3264,640.00,3996.9,320.00,60782.7,40.00,40280013
18/117,2018-10-14,8,14,21,24,34,43,1,,4,2,2,4,1,1,2,1,1,0,0.00,4,378230.00,84.5,47740.00,196.5,9600.00,3992.7,640.00,5505.4,320.00,61514.7,40.00,36569904
18/116,2018-10-11,7,9,19,29,39,42,41,"7,9",3,3,5,1,2,1,1,1,1,3,10274390.00,4.5,363180.00,380.7,19200.00,276.5,9600.00,10775.4,640.00,5615,320.00,100304.9,40.00,56622185
18/115,2018-10-09,7,9,18,27,44,45,15,44,3,3,4,2,2,1,1,0,2,0,0.00,2.5,935340.00,226,27590.00,208,9600.00,6611.7,640.00,6016,320.00,96568.1,40.00,53975783
18/114,2018-10-06,2,10,35,39,44,49,8,35,2,4,3,3,2,0,0,2,2,0,0.00,1,2309630.00,47.5,129660.00,149,9600.00,2659.7,640.00,4738.2,320.00,55104.2,40.00,44024832
18/113,2018-10-04,13,19,34,35,45,46,27,13,2,4,4,2,0,2,0,2,2,0,0.00,0,0.00,102,52130.00,115,9600.00,3299,640.00,3606.1,320.00,50780.5,40.00,38905297
18/112,2018-10-02,13,18,23,28,33,49,19,,3,3,4,2,0,2,2,1,1,0.5,4000000.00,2.5,542950.00,195.9,19200.00,183.4,9600.00,5436.8,640.00,4691.6,320.00,73711,40.00,36647793
18/111,2018-09-29,9,31,34,35,37,38,16,,1,5,4,2,1,0,0,5,0,1,29648760.00,1,2425630.00,150,43120.00,201,9600.00,5329.8,640.00,5806,320.00,84238.2,40.00,52478385
18/110,2018-09-27,14,17,30,46,48,49,36,"14,48",2,4,2,4,0,2,1,0,3,0,0.00,1,2438550.00,53.5,121540.00,178,9600.00,3525.5,640.00,5047.5,320.00,67629.1,40.00,48426612
18/109,2018-09-25,5,14,20,22,24,48,4,,5,1,1,5,1,2,2,0,1,0,0.00,0,0.00,44,106910.00,238.5,9600.00,3085.2,640.00,5979.4,320.00,57508.4,40.00,39632034
18/108,2018-09-23,2,13,21,23,32,40,30,40,4,2,3,3,1,1,2,2,0,0,0.00,1.5,1198130.00,52.5,91280.00,150.5,9600.00,3021.2,640.00,4259.3,320.00,54639.5,40.00,37209774
18/107,2018-09-20,5,6,17,26,40,41,46,,3,3,3,3,2,1,1,1,1,2,41457630.00,6,1273070.00,251.5,80990.00,485.5,9600.00,12249.5,640.00,15018,320.00,230221.6,40.00,152730121
18/106,2018-09-18,9,11,18,23,32,48,26,"11,48",4,2,3,3,1,2,1,1,1,0.5,9544460.00,2,904080.00,103,46810.00,225.5,9600.00,5206.7,640.00,6032.5,320.00,87581.9,40.00,44773126
18/105,2018-09-15,4,6,11,33,37,48,41,48,3,3,3,3,2,1,0,2,1,0,0.00,1,1888120.00,64.5,78060.00,122,9600.00,3248.7,640.00,3312.5,320.00,66795.2,40.00,38545605
18/104,2018-09-13,14,20,22,39,41,48,35,,3,3,2,4,0,2,1,1,2,0,0.00,1,1958130.00,47,111100.00,107.5,9600.00,2247.5,640.00,3184.7,320.00,44383,40.00,36315128
18/103,2018-09-11,31,36,38,45,47,49,37,,0,6,4,2,0,0,0,3,3,1.5,41665410.00,8.5,498470.00,206.5,54710.00,583,9600.00,7966,640.00,13571.4,320.00,139606.2,40.00,95671770
18/102,2018-09-08,7,9,12,18,41,46,33,,4,2,3,3,2,2,0,0,2,0,0.00,2,1574870.00,107,78490.00,259.5,9600.00,6520.5,640.00,8303.2,320.00,129641.3,40.00,69596473
18/101,2018-09-06,17,26,30,33,38,49,47,33,1,5,3,3,0,1,2,2,1,0,0.00,3,968550.00,69,112290.00,267,9600.00,5294,640.00,7073,320.00,98937.1,40.00,61961408
18/100,2018-09-04,4,5,33,36,44,47,13,,2,4,3,3,2,0,0,2,2,0,0.00,4,701220.00,70,106850.00,219.5,9600.00,4351.3,640.00,6314.8,320.00,88143.7,40.00,57383519
18/099,2018-09-01,10,13,20,26,35,45,37,,3,3,3,3,1,2,1,1,1,0,0.00,2,1126340.00,74,81170.00,154.5,9600.00,3721.3,640.00,4163.2,320.00,67359,40.00,45175138
18/098,2018-08-30,4,15,21,23,44,46,13,46,4,2,3,3,1,1,2,0,2,0,0.00,0,0.00,51.5,109350.00,127.5,9600.00,2533,640.00,3615.4,320.00,52196.6,40.00,39930583
18/097,2018-08-28,9,18,26,30,36,46,2,,2,4,1,5,1,1,2,1,1,0,0.00,5,303780.00,70.5,57450.00,215,9600.00,4021.4,640.00,5352.2,320.00,66536,40.00,37295219
18/096,2018-08-25,3,4,19,28,31,48,27,,3,3,3,3,2,1,1,1,1,1,17372290.00,0,0.00,49.5,108840.00,168,9600.00,3722.4,640.00,5333.4,320.00,74805.6,40.00,43510767
18/095,2018-08-23,12,14,22,30,38,44,34,,3,3,0,6,0,2,2,1,1,0.5,11310975.00,2.5,874620.00,101,57730.00,202.9,9600.00,4380.4,640.00,6232.3,320.00,77537.1,40.00,47899633
18/094,2018-08-21,3,10,18,28,40,47,4,47,3,3,2,4,2,1,1,1,1,0,0.00,0,0.00,64.5,83330.00,187.5,9600.00,3877.7,640.00,6038.7,320.00,76549.7,40.00,44522637
18/093,2018-08-18,2,14,24,37,42,47,20,,3,3,2,4,1,1,1,1,2,0,0.00,1,1957200.00,41.5,125760.00,83.5,9600.00,2431,640.00,2830.4,320.00,47064.2,40.00,36081968
18/092,2018-08-16,9,13,16,27,29,41,37,,3,3,5,1,1,2,2,0,1,1.5,9202840.00,1,1934750.00,97,53180.00,161,9600.00,4256.4,640.00,4452.7,320.00,76568.9,40.00,42465474
18/091,2018-08-14,32,37,38,42,43,49,24,"38,49",0,6,3,3,0,0,0,3,3,0,0.00,2,1011740.00,85.5,63110.00,100.5,9600.00,2861.5,640.00,3520.5,320.00,51361,40.00,38520803
18/090,2018-08-11,1,11,25,38,47,49,37,11,2,4,5,1,1,1,1,1,2,1.5,51333300.00,6,737250.00,251,46990.00,611,9600.00,11103,640.00,13878,320.00,188676.1,40.00,106234298
18/089,2018-08-09,8,10,11,20,21,34,13,21,5,1,2,4,2,2,1,1,0,0,0.00,3,1233410.00,188,52480.00,409,9600.00,10063.8,640.00,11697.6,320.00,167488,40.00,88736859
18/088,2018-08-07,4,21,25,39,46,47,12,4,2,4,4,2,1,0,2,1,2,0,0.00,2,1982660.00,86.5,122240.00,248.5,9600.00,5776.5,640.00,7916.4,320.00,105030.8,40.00,77531707
18/087,2018-08-04,4,15,23,34,37,48,30,34,3,3,3,3,1,1,1,2,1,0,0.00,0,0.00,82,97070.00,152.5,9600.00,4498,640.00,5141.9,320.00,84766.9,40.00,57867403
18/086,2018-08-02,3,5,11,34,35,45,28,,3,3,5,1,2,1,0,2,1,0,0.00,0.5,1136715.00,116,52260.00,253,9600.00,5140.7,640.00,7372.4,320.00,89134.1,40.00,52404823
18/085,2018-07-31,24,27,36,43,44,46,30,43,1,5,2,4,0,0,2,1,3,0,0.00,1,2645330.00,61.5,114700.00,157.5,9600.00,3353,640.00,4081,320.00,63819.7,40.00,49808124
18/084,2018-07-28,5,7,11,26,30,43,17,,3,3,4,2,2,1,2,0,1,0.5,12898760.00,2,987460.00,106,49680.00,234.5,9600.00,5596.7,640.00,7198.1,320.00,98157,40.00,49131719
18/083,2018-07-26,22,32,37,44,46,49,38,"32,37",1,5,2,4,0,0,1,2,3,0,0.00,0,0.00,48,129730.00,136,9600.00,2695.5,640.00,4340.5,320.00,53756.6,40.00,43847504
18/082,2018-07-24,2,16,17,27,32,37,12,37,3,3,3,3,1,2,1,2,0,0.5,10531925.00,6,368360.00,96,61390.00,276.9,9600.00,4537.4,640.00,6433.1,320.00,76267.2,40.00,49746773
18/081,2018-07-21,13,14,15,37,38,44,40,,3,3,3,3,0,3,0,2,1,0,0.00,1,1596690.00,178,23920.00,193.5,9600.00,7461.4,640.00,3732.8,320.00,67678.2,40.00,41170279
18/080,2018-07-19,12,16,23,25,40,42,20,,3,3,2,4,0,2,2,1,1,0,0.00,0,0.00,53.5,81900.00,138.5,9600.00,2881.2,640.00,3939.9,320.00,53555.9,40.00,34471808
18/079,2018-07-17,6,10,32,36,41,48,47,36,2,4,1,5,2,0,0,2,2,1,82939250.00,4.5,1699200.00,236.5,86210.00,539.5,9600.00,11559.2,640.00,15976,320.00,223700.8,40.00,153065101
18/078,2018-07-14,7,13,22,27,33,36,45,"7,33",3,3,4,2,1,1,2,2,0,0,0.00,3,699910.00,116,48260.00,217.5,9600.00,5407.4,640.00,5349.5,320.00,91232.8,40.00,48689954
18/077,2018-07-12,1,5,7,8,30,33,22,8,4,2,4,2,4,0,1,1,0,0,0.00,4.5,308270.00,183,20210.00,457.4,9600.00,9192.9,640.00,10540.8,320.00,127009.2,40.00,47050151
18/076,2018-07-10,6,8,29,38,41,49,2,8,2,4,3,3,2,0,1,1,2,0,0.00,1.5,1423250.00,63.5,89650.00,175.5,9600.00,3811,640.00,5782.5,320.00,71930.1,40.00,45354928
18/075,2018-07-07,8,17,20,26,40,46,19,"20,40",3,3,1,5,1,2,1,1,1,0,0.00,0,0.00,37.5,118200.00,119.5,9600.00,2337.2,640.00,3628,320.00,44979.1,40.00,32927491
18/074,2018-07-05,1,13,20,34,38,40,29,,3,3,2,4,1,2,0,3,0,2,17198000.00,2,1364520.00,87,83640.00,181.2,9600.00,4508.8,640.00,5575.7,320.00,87996.3,40.00,55411514
18/073,2018-07-03,3,21,22,41,45,49,10,,3,3,5,1,1,0,2,0,3,0,0.00,1,2546760.00,69,98420.00,176.5,9600.00,3666.5,640.00,5403.9,320.00,72517.4,40.00,50608349
18/072,2018-06-30,5,6,16,18,30,32,27,6,4,2,1,5,2,2,1,1,0,0,0.00,1,1634120.00,137.5,31690.00,219.5,9600.00,5270.6,640.00,5825.6,320.00,84195.8,40.00,42007464
18/071,2018-06-28,6,13,23,29,38,45,41,,3,3,4,2,1,1,2,1,1,0,0.00,4,472180.00,70.5,71440.00,125.5,9600.00,3721.6,640.00,3723.5,320.00,66613.4,40.00,39406627
18/070,2018-06-26,7,8,12,17,33,42,26,,4,2,3,3,2,2,0,1,1,0,0.00,2,648870.00,72,48060.00,254,9600.00,4228.2,640.00,6497.6,320.00,77968.3,40.00,36758876
18/069,2018-06-23,2,9,16,18,24,46,47,"16,24",5,1,1,5,2,2,1,0,1,1,8000000.00,1,1484890.00,50.5,78410.00,111.5,9600.00,3001.5,640.00,2704.5,320.00,56044.8,40.00,31438747
18/068,2018-06-21,16,23,24,31,33,34,18,"31,33",3,3,3,3,0,1,2,3,0,1,15061670.00,3,605700.00,83.5,58030.00,172.5,9600.00,3901.2,640.00,4850.9,320.00,66071.7,40.00,40111452
18/067,2018-06-19,2,7,21,31,33,42,24,"7,21",3,3,4,2,2,0,1,2,1,0,0.00,0,0.00,47.5,90400.00,102.5,9600.00,2695.8,640.00,3482.9,320.00,52768.4,40.00,32836452
18/066,2018-06-17,1,7,20,21,35,48,22,35,4,2,4,2,2,1,1,1,1,1,8000000.00,1,1432920.00,74.5,51290.00,217,9600.00,3984.4,640.00,5601.9,320.00,68542.2,40.00,36416856
18/065,2018-06-14,2,10,24,28,35,39,27,,3,3,2,4,2,0,2,2,0,1,20389220.00,7.7,277480.00,71.5,79680.00,194,9600.00,3964.1,640.00,5711.9,320.00,71819.1,40.00,45839309
18/064,2018-06-12,30,31,34,40,41,42,33,41,0,6,2,4,0,0,1,3,2,0,0.00,3.5,569440.00,110,48310.00,230.5,9600.00,3388.4,640.00,5115.5,320.00,54285.5,40.00,42205621
18/063,2018-06-09,11,23,35,41,46,49,47,,2,4,5,1,0,1,1,1,3,0,0.00,2,853450.00,39.5,115230.00,135.5,9600.00,2276.5,640.00,3602,320.00,44844.1,40.00,33720272
18/062,2018-06-07,5,32,34,36,38,43,25,34,1,5,2,4,1,0,0,4,1,1,22308460.00,1.5,1431870.00,72.5,79000.00,209.5,9600.00,3832.7,640.00,5273.4,320.00,66735.6,40.00,45474002
18/061,2018-06-05,6,10,24,34,40,45,9,,3,3,1,5,2,0,1,2,1,0,0.00,2,1021360.00,62,87850.00,204.5,9600.00,3534.5,640.00,6690.6,320.00,68551.7,40.00,44580299
18/060,2018-06-02,4,15,30,33,38,41,16,33,2,4,3,3,1,1,1,2,1,0,0.00,0,0.00,38.5,120300.00,97.7,9600.00,2149.8,640.00,3446.4,320.00,43783.5,40.00,33133513
18/059,2018-05-31,3,5,28,33,40,49,32,3,2,4,4,2,2,0,1,2,1,1,19705620.00,2,1025320.00,62,88200.00,166.5,9600.00,4095.9,640.00,5235.3,320.00,79235.7,40.00,44606628
18/058,2018-05-29,3,6,11,22,45,46,1,22,4,2,3,3,2,1,1,0,2,0,0.00,1,1851220.00,54,91410.00,219.2,9600.00,3549,640.00,7448.6,320.00,70092.6,40.00,42824104
18/057,2018-05-26,1,12,22,40,42,44,28,12,3,3,1,5,1,1,1,1,2,0,0.00,1,1538710.00,46.5,88240.00,125,9600.00,2491.4,640.00,3981,320.00,49330.6,40.00,32063463
18/056,2018-05-24,4,5,7,11,12,13,18,"7,12",6,0,4,2,3,3,0,0,0,6.5,3722560.00,9,52770.00,417.2,19200.00,578.5,9600.00,11353.1,640.00,10718.9,320.00,132442.9,40.00,50418111
18/055,2018-05-22,7,12,14,22,31,33,38,14,4,2,3,3,1,2,1,2,0,0,0.00,0.5,1004190.00,70.5,75960.00,215.7,9600.00,5066.4,640.00,6338.7,320.00,95165.9,40.00,47892008
18/054,2018-05-19,14,23,29,36,37,47,25,23,2,4,4,2,0,1,2,2,1,0,0.00,3,670390.00,51,105160.00,164.5,9600.00,2707.6,640.00,4107,320.00,54641,40.00,39899866
18/053,2018-05-17,3,16,23,30,43,46,26,,3,3,3,3,1,1,2,0,2,0,0.00,0,0.00,60,75940.00,150.5,9600.00,2853.6,640.00,3956.5,320.00,52417,40.00,35467897
18/052,2018-05-15,5,8,9,19,32,44,39,"9,19",4,2,3,3,3,1,0,1,1,1,8000000.00,3,518890.00,60,69180.00,105,9600.00,3832.8,640.00,4004,320.00,72123,40.00,35243584
18/051,2018-05-13,1,6,9,19,21,23,43,19,6,0,5,1,3,1,2,0,0,3.5,4279170.00,0.5,317720.00,237.5,19200.00,234.5,9600.00,8680.5,640.00,5632.5,320.00,113570,40.00,45831918
18/050,2018-05-10,12,19,25,31,36,49,11,31,2,4,4,2,0,2,1,2,1,0,0.00,1,1877040.00,57,87810.00,167.7,9600.00,3066.5,640.00,4759,320.00,57231.1,40.00,39140482
18/049,2018-05-08,3,14,18,28,31,40,38,"3,40",3,3,2,4,1,2,1,2,0,0.5,4000000.00,0.5,897845.00,42.5,112670.00,179,9600.00,2814.2,640.00,5764.2,320.00,57677.5,40.00,38567396
18/048,2018-05-05,3,24,40,44,45,49,8,24,2,4,3,3,1,0,1,1,3,1,8000000.00,4,389940.00,62.5,66540.00,195,9600.00,2568,640.00,4848.8,320.00,47756.3,40.00,34081871
18/047,2018-05-03,12,24,30,31,32,34,41,,2,4,1,5,0,1,2,3,0,1,34037480.00,3,885210.00,83,85320.00,239.4,9600.00,5654.4,640.00,6017.9,320.00,96068.2,40.00,57668253
18/046,2018-05-01,1,5,10,20,21,25,43,21,5,1,4,2,3,1,2,0,0,0,0.00,3.5,510860.00,247.7,19240.00,258.5,9600.00,9483.1,640.00,6690.5,320.00,128367.7,40.00,53566003
18/045,2018-04-28,2,15,17,18,21,44,14,,5,1,3,3,1,3,1,0,1,0,0.00,1,2240180.00,53.5,111660.00,188,9600.00,3267.9,640.00,4762.4,320.00,63982.3,40.00,45168809
18/044,2018-04-26,8,12,20,33,35,45,42,"12,20,33",3,3,3,3,1,2,0,2,1,0,0.00,1.5,1330180.00,64,83130.00,152,9600.00,3684.9,640.00,4393,320.00,70199.4,40.00,41942057
18/043,2018-04-24,12,20,21,28,33,41,9,28,3,3,3,3,0,2,2,1,1,0,0.00,2,819210.00,61.5,71040.00,190,9600.00,2840.2,640.00,5072.3,320.00,53855.4,40.00,35967154
18/042,2018-04-22,10,14,28,30,42,44,35,,2,4,0,6,1,1,2,0,2,1,8000000.00,1,1819260.00,41.5,116900.00,137.5,9600.00,2720,640.00,4640,320.00,56207.2,40.00,37262668
18/041,2018-04-19,20,21,33,40,45,49,43,,2,4,4,2,0,1,1,2,2,1,32329980.00,4,715700.00,61,125150.00,274,9600.00,4637,640.00,6610,320.00,88819.4,40.00,59701923
18/040,2018-04-17,3,8,16,22,28,32,24,,4,2,1,5,2,1,2,1,0,0.5,23741545.00,9.5,232340.00,368.5,19200.00,712.7,9600.00,13620.4,640.00,14687.5,320.00,184537.4,40.00,80912775
18/039,2018-04-14,12,14,15,36,38,40,42,,3,3,1,5,0,3,0,3,0,0,0.00,4.5,670480.00,81.9,98230.00,250,9600.00,4777.1,640.00,6541.8,320.00,90121.2,40.00,61591369
18/038,2018-04-12,1,2,9,11,37,41,18,1,4,2,5,1,3,1,0,1,1,0,0.00,3.5,676940.00,125,50540.00,268,9600.00,6941.3,640.00,8778.3,320.00,119613.4,40.00,59196875
18/037,2018-04-10,1,15,23,34,43,48,25,"23,43",3,3,4,2,1,1,1,1,2,0,0.00,1,2745580.00,66,110930.00,155,9600.00,4000,640.00,5620.5,320.00,76537.4,40.00,53744915
18/036,2018-04-07,4,20,23,27,31,43,3,,3,3,4,2,1,1,2,1,1,0,0.00,1,2000140.00,61.5,86720.00,179,9600.00,3595.1,640.00,6274.8,320.00,67803.5,40.00,43319236
18/035,2018-04-05,19,24,29,39,40,42,30,29,2,4,3,3,0,1,2,2,1,0.5,10464765.00,2,1081310.00,78.5,73460.00,246,9600.00,3510.8,640.00,5639.9,320.00,65830,40.00,46092385
18/034,2018-04-03,21,29,31,41,46,49,36,,1,5,5,1,0,0,2,1,3,0,0.00,2,1073600.00,55.5,103160.00,171,9600.00,3300.2,640.00,4228.7,320.00,56304.8,40.00,42758595
18/033,2018-03-31,9,13,16,18,19,34,21,,5,1,3,3,1,4,0,1,0,0,0.00,2,704700.00,41.5,90560.00,131.5,9600.00,3286.6,640.00,3725.8,320.00,59085.6,40.00,31938700
18/032,2018-03-29,5,12,24,27,30,47,43,12,3,3,3,3,1,1,3,0,1,2,32686570.00,8.5,686010.00,197.5,78730.00,521.5,9600.00,11874.1,640.00,13065.5,320.00,210686,40.00,125802010
18/031,2018-03-24,12,19,23,28,35,45,6,,3,3,4,2,0,2,2,1,1,0,0.00,1,2847970.00,144,52740.00,322.2,9600.00,6500.5,640.00,9601.5,320.00,113512,40.00,66167891
18/030,2018-03-22,10,18,21,29,33,46,36,29,3,3,3,3,1,1,2,1,1,0,0.00,2,1514820.00,84.5,95610.00,186,9600.00,4521.2,640.00,6825.2,320.00,87722.4,40.00,60309832
18/029,2018-03-20,3,22,27,29,42,45,10,,2,4,4,2,1,0,3,0,2,0,0.00,0.5,1304735.00,86,80910.00,238,9600.00,4714,640.00,7049,320.00,88251.8,40.00,55934392
18/028,2018-03-17,4,6,23,33,40,47,30,,3,3,3,3,2,0,1,2,1,0,0.00,1,2287060.00,70,87120.00,151.5,9600.00,3485,640.00,4724,320.00,69143.1,40.00,45772652
18/027,2018-03-15,13,16,25,35,38,49,33,"16,25",2,4,4,2,0,2,1,2,1,0,0.00,2,1042090.00,67.5,82330.00,180.5,9600.00,3258.4,640.00,5082.9,320.00,58437.4,40.00,42687092
18/026,2018-03-13,5,16,20,25,34,42,2,,3,3,2,4,1,2,1,1,1,0,0.00,3,584360.00,86,54350.00,203.2,9600.00,3839.2,640.00,6016.2,320.00,62942.4,40.00,40174002
18/025,2018-03-10,7,18,19,26,27,39,2,,3,3,4,2,1,2,2,1,0,1,20312760.00,3,637020.00,69.5,73320.00,258.5,9600.00,4376.1,640.00,7202,320.00,81181.4,40.00,45990430
18/024,2018-03-08,1,6,30,43,44,48,7,,2,4,2,4,2,0,1,0,3,0,0.00,2,1096580.00,46.5,125770.00,149,9600.00,2950,640.00,5062.6,320.00,60841.6,40.00,43406046
18/023,2018-03-06,2,11,17,19,35,37,20,11,4,2,5,1,1,3,0,2,0,0,0.00,2,903510.00,66,73010.00,160,9600.00,2942.6,640.00,4371.7,320.00,58675.6,40.00,37784405
18/022,2018-03-04,6,10,11,23,28,43,21,,4,2,3,3,2,1,2,0,1,1,24530570.00,2.5,768250.00,155,33040.00,328.2,9600.00,7744.8,640.00,7698.5,320.00,116311,40.00,54247972
18/021,2018-03-01,2,14,15,17,18,29,1,,5,1,3,3,1,4,1,0,0,0,0.00,0.5,1040650.00,58.5,94870.00,254.5,9600.00,4195.2,640.00,7266.3,320.00,76081.2,40.00,47674572
18/020,2018-02-27,13,24,28,31,41,43,16,,2,4,4,2,0,1,2,1,2,0.5,11484115.00,1.5,1864350.00,94.5,78910.00,190.5,9600.00,4067.5,640.00,5625.8,320.00,76920,40.00,55178671
18/019,2018-02-24,17,20,34,38,42,45,5,20,2,4,2,4,0,2,0,2,2,0,0.00,1.5,1461910.00,46.5,125750.00,178.5,9600.00,2721,640.00,4532,320.00,52960,40.00,42756867
18/018,2018-02-22,4,12,19,20,30,39,5,,4,2,2,4,1,3,1,1,0,0,0.00,1.5,977220.00,72,54290.00,220,9600.00,3772.7,640.00,5675.3,320.00,63486.6,40.00,36334791
18/017,2018-02-20,3,5,25,42,43,44,2,43,2,4,4,2,2,0,1,0,3,1,66777930.00,6.5,962970.00,225.5,74010.00,502,9600.00,9618,640.00,14567,320.00,182035.9,40.00,127358051
18/016,2018-02-15,1,19,21,32,43,45,34,32,3,3,5,1,1,1,1,1,2,0,0.00,2,1184800.00,52.5,120360.00,151,9600.00,2960.2,640.00,4353.9,320.00,57599.4,40.00,45187222
18/015,2018-02-13,2,9,18,27,32,42,12,"2,9,27",3,3,2,4,2,1,1,1,1,0,0.00,1,1329120.00,93.5,37900.00,328.4,9600.00,3769.3,640.00,7795.1,320.00,66201.4,40.00,37860539
18/014,2018-02-11,1,2,9,27,33,45,38,,3,3,5,1,3,0,1,1,1,1,13798280.00,1,1932760.00,87.7,58760.00,221.5,9600.00,5551.4,640.00,6584.9,320.00,99033.9,40.00,47976374
18/013,2018-02-08,13,16,22,28,37,41,34,28,3,3,3,3,0,2,2,1,1,0,0.00,2,956200.00,66.5,76680.00,153,9600.00,2710.2,640.00,3810.2,320.00,52637.9,40.00,38034160
18/012,2018-02-06,3,19,26,28,35,48,32,,2,4,3,3,1,1,2,1,1,1.5,30183640.00,3,1126540.00,144.5,62360.00,317.2,9600.00,6587,640.00,8192,320.00,127181.8,40.00,73571643
18/011,2018-02-03,2,4,12,25,40,49,8,49,3,3,2,4,2,1,1,1,1,0,0.00,3,791470.00,96,65950.00,367,9600.00,5334.8,640.00,11488.2,320.00,93890.1,40.00,58822754
18/010,2018-02-01,20,23,26,29,47,49,39,49,2,4,4,2,0,1,3,0,2,0,0.00,2,1347980.00,62.5,115020.00,171.5,9600.00,3670,640.00,5701.2,320.00,72481,40.00,52721204
18/009,2018-01-30,4,7,11,12,40,49,25,,4,2,3,3,2,2,0,1,1,0,0.00,4.5,435760.00,108.5,48190.00,293.5,9600.00,5907.2,640.00,7727.6,320.00,103873.5,40.00,51095871
18/008,2018-01-27,8,17,26,33,43,45,40,,2,4,4,2,1,1,1,1,2,0,0.00,1,2014220.00,127.2,42220.00,108,9600.00,4702.9,640.00,3573,320.00,72827.5,40.00,42332069
18/007,2018-01-25,3,14,23,36,40,47,20,3,3,3,3,3,1,1,1,2,1,0,0.00,1,2026460.00,45,120080.00,120.5,9600.00,3002.5,640.00,3410.9,320.00,54927.1,40.00,39283084
18/006,2018-01-23,3,20,27,32,37,41,44,27,2,4,4,2,1,1,1,2,1,1,8000000.00,3,768110.00,49.5,124130.00,134,9600.00,2728.4,640.00,3374.7,320.00,58692.5,40.00,43225448
18/005,2018-01-20,2,5,23,24,27,34,8,"2,27",4,2,3,3,2,0,3,1,0,1,65555960.00,13.5,434990.00,200.5,78100.00,828.7,9600.00,11536.8,640.00,22583.1,320.00,217596.5,40.00,137575334
18/004,2018-01-16,2,21,27,30,36,37,4,,2,4,3,3,1,0,3,2,0,0.5,47938800.00,6,1606260.00,241.7,106330.00,644.5,9600.00,14818.6,640.00,20027.9,320.00,284810.2,40.00,192735991
18/003,2018-01-11,3,29,31,43,47,49,19,"31,49",1,5,6,0,1,0,1,1,3,0.5,133929720.00,10,1486390.00,413.5,95850.00,1177.5,9600.00,21908.5,640.00,33349.5,320.00,418039.8,40.00,299282268
18/002,2018-01-06,1,12,21,31,36,49,23,12,3,3,4,2,1,1,1,2,1,0,0.00,10,736180.00,309.7,63380.00,772,9600.00,16054,640.00,20419.7,320.00,272438,40.00,164908289
18/001,2018-01-02,12,18,28,35,39,42,36,,2,4,2,4,0,2,1,2,1,0,0.00,9.5,675510.00,307.5,55650.00,706.5,9600.00,13749.7,640.00,18865.1,320.00,251983.7,40.00,145763989
17/153,2017-12-30,1,13,22,25,36,38,37,,3,3,3,3,1,1,2,2,0,0,0.00,0.5,1145300.00,98,62320.00,248,9600.00,5087.4,640.00,6180.7,320.00,90546.2,40.00,51884092
17/152,2017-12-28,15,17,23,40,44,46,11,,3,3,3,3,0,2,1,1,2,0,0.00,1.5,1598230.00,59,108350.00,195.5,9600.00,3219.8,640.00,4825.7,320.00,62549.7,40.00,47308642
17/151,2017-12-26,2,7,16,28,30,37,12,16,3,3,2,4,2,1,2,1,0,0,0.00,3.5,439240.00,70.5,58150.00,219.5,9600.00,3362.3,640.00,6351.9,320.00,62996.3,40.00,37174704
17/150,2017-12-24,1,16,26,34,39,47,11,47,2,4,3,3,1,1,1,2,1,0.5,10998185.00,1.5,1775550.00,48.5,146430.00,150.5,9600.00,3224.2,640.00,5184,320.00,64826.6,40.00,50503423
17/149,2017-12-21,14,21,22,28,30,47,3,,3,3,2,4,0,1,4,0,1,0,0.00,2,1001060.00,59,90490.00,147.5,9600.00,3136.7,640.00,4405.5,320.00,61397.2,40.00,40660564
17/148,2017-12-19,3,9,33,38,44,49,24,"3,9",2,4,4,2,2,0,0,2,2,0,0.00,1,1609870.00,67.5,63600.00,167.5,9600.00,3754,640.00,4401.2,320.00,65624.6,40.00,36736854
17/147,2017-12-16,1,3,6,9,24,28,36,,5,1,3,3,4,0,2,0,0,4.2,15334100.00,12.5,113710.00,689,19200.00,1273.4,9600.00,20737.2,640.00,21063.9,320.00,246164.6,40.00,96228613
17/146,2017-12-14,7,10,20,25,34,35,8,34,3,3,3,3,2,1,1,2,0,0,0.00,4,856180.00,120.5,75780.00,419,9600.00,7370.1,640.00,11968.4,320.00,128810.6,40.00,79279954
17/145,2017-12-12,4,15,29,34,38,48,30,"29,38,48",2,4,2,4,1,1,1,2,1,0,0.00,0.5,1779775.00,87,109100.00,241,9600.00,4755.5,640.00,7412.9,320.00,94380.6,40.00,69595933
17/144,2017-12-09,22,24,29,35,38,48,30,,2,4,2,4,0,0,3,2,1,0,0.00,4.5,564550.00,67.5,100360.00,201.5,9600.00,4846.4,640.00,6316,320.00,87005.1,40.00,53979761
17/143,2017-12-07,1,25,34,37,39,47,18,,1,5,5,1,1,0,1,3,1,0,0.00,1,2635980.00,61.5,114290.00,145,9600.00,3651.5,640.00,4510.5,320.00,70372.6,40.00,50552692
17/142,2017-12-05,7,9,14,18,20,44,29,"7,14",5,1,2,4,2,3,0,0,1,0,0.00,3,742330.00,81.5,72860.00,206,9600.00,4288.5,640.00,6578.3,320.00,84921.7,40.00,49146647
17/141,2017-12-02,7,14,19,27,28,38,46,38,3,3,3,3,1,2,2,1,0,0,0.00,2.5,723270.00,65.9,73160.00,129.5,9600.00,4237,640.00,4005,320.00,75755.5,40.00,39839676
17/140,2017-11-30,4,10,32,35,38,47,49,,2,4,2,4,2,0,0,3,1,0,0.00,0,0.00,38.5,122680.00,100,9600.00,2390,640.00,3379,320.00,49190.9,40.00,34286494
17/139,2017-11-28,6,8,9,23,36,40,19,40,4,2,2,4,3,0,1,2,0,1,8000000.00,2,572850.00,122.2,25000.00,237.7,9600.00,5168.8,640.00,6543.3,320.00,82880.4,40.00,35912158
17/138,2017-11-25,5,13,16,28,40,41,2,,3,3,3,3,1,2,1,1,1,1,53133200.00,2.5,1381910.00,128.5,71690.00,249,9600.00,5415.8,640.00,7983.2,320.00,104656.7,40.00,70198688
17/137,2017-11-23,3,4,30,37,39,42,32,30,2,4,3,3,2,0,1,2,1,0,0.00,1.5,2083430.00,56.5,147490.00,198,9600.00,4116.7,640.00,5836.1,320.00,84021,40.00,60479133
17/136,2017-11-21,8,27,30,35,36,43,31,"30,36",1,5,3,3,1,0,2,2,1,0,0.00,1,2837040.00,63.5,119140.00,169.5,9600.00,4246.7,640.00,5409,320.00,83693.4,40.00,55940621
17/135,2017-11-18,19,24,26,30,36,41,43,,2,4,2,4,0,1,3,1,1,0,0.00,1,2285950.00,59.5,102450.00,125.5,9600.00,3311.5,640.00,3937,320.00,65145.7,40.00,44327263
17/134,2017-11-16,3,8,20,34,40,46,24,20,3,3,1,5,2,1,0,2,1,0,0.00,0,0.00,52,106820.00,125.5,9600.00,2723.4,640.00,4607.1,320.00,56251.9,40.00,40617253
17/133,2017-11-14,1,15,20,28,33,43,18,28,3,3,4,2,1,2,1,1,1,0,0.00,0,0.00,49.5,91130.00,113,9600.00,2572.7,640.00,4291,320.00,50159.3,40.00,34267931
17/132,2017-11-12,12,16,22,28,36,37,45,36,3,3,1,5,0,2,2,2,0,1,22219080.00,0.5,1029250.00,94.5,58080.00,209,9600.00,4499.4,640.00,5147,320.00,80224.7,40.00,45967963
17/131,2017-11-09,3,32,36,46,48,49,29,3,1,5,2,4,1,0,0,2,3,0,0.00,0,0.00,56,95750.00,132,9600.00,3207,640.00,4001.5,320.00,58743.2,40.00,40151259
17/130,2017-11-07,3,18,19,35,38,40,48,,3,3,3,3,1,2,0,3,0,0,0.00,2,888440.00,60,78970.00,137,9600.00,3099,640.00,4718.5,320.00,58471.6,40.00,37342256
17/129,2017-11-04,23,30,32,33,43,44,28,32,1,5,3,3,0,0,2,2,2,1,13039520.00,3,559940.00,95,47150.00,150.5,9600.00,4016.2,640.00,4187.8,320.00,58206.1,40.00,37018582
17/128,2017-11-02,5,18,20,32,36,40,7,,3,3,1,5,1,2,0,3,0,0,0.00,1,1729580.00,60.5,76230.00,95,9600.00,2589.5,640.00,3757,320.00,47645.7,40.00,33978346
17/127,2017-10-31,21,26,29,35,45,49,41,26,1,5,5,1,0,0,3,1,2,2,29141590.00,5,1352210.00,188,95900.00,454,9600.00,9465.2,640.00,11619.5,320.00,185812.4,40.00,131663803
17/126,2017-10-28,7,16,18,22,26,44,9,,4,2,1,5,1,2,2,0,1,0,0.00,2.5,532990.00,34.5,102990.00,180.5,9600.00,3118.7,640.00,5562,320.00,56684.4,40.00,32477334
17/125,2017-10-26,4,5,20,29,35,38,36,29,3,3,3,3,2,1,1,2,0,2,13510260.00,1,1971600.00,66.5,98820.00,172,9600.00,3556.5,640.00,4867.7,320.00,72133.1,40.00,48935745
17/124,2017-10-24,1,8,9,16,29,42,49,"8,16",4,2,3,3,3,1,1,0,1,0,0.00,2,922840.00,102,48250.00,282,9600.00,6290.1,640.00,8668.5,320.00,111190.6,40.00,50881343
17/123,2017-10-21,8,16,18,30,43,45,27,8,3,3,2,4,1,2,1,0,2,0,0.00,1,1865690.00,53,93870.00,136,9600.00,2959.5,640.00,4123.5,320.00,59060.2,40.00,38054958
17/122,2017-10-19,8,12,19,24,28,49,37,19,4,2,2,4,1,2,2,0,1,0,0.00,1.5,960000.00,88.5,43380.00,169.2,9600.00,4451,640.00,4089.2,320.00,78682.6,40.00,36070891
17/121,2017-10-17,2,4,19,30,35,47,25,,3,3,3,3,2,1,1,1,1,1,8000000.00,1,2279500.00,51.7,117570.00,171,9600.00,3324.9,640.00,5181.5,320.00,66630.7,40.00,45912078
17/120,2017-10-12,1,6,8,11,12,16,41,6,6,0,2,4,3,3,0,0,0,2.5,17493650.00,4,205600.00,594,19200.00,321,9600.00,17583.3,640.00,8643.5,320.00,204232,40.00,74758246
17/119,2017-10-10,6,17,22,26,32,45,24,"6,45",3,3,2,4,1,1,2,1,1,0,0.00,1.5,2117440.00,93,91070.00,235.5,9600.00,4856.2,640.00,6961.4,320.00,92306.5,40.00,63994978
17/118,2017-10-07,3,6,24,38,45,48,5,,3,3,2,4,2,0,1,1,2,0,0.00,0,0.00,84.5,82060.00,207,9600.00,4630.5,640.00,7051.4,320.00,86592.2,40.00,55042051
17/117,2017-10-04,10,16,22,23,26,46,25,"22,46",4,2,1,5,1,1,3,0,1,0,0.00,0.5,1105045.00,79,74600.00,185.5,9600.00,4102.9,640.00,6150.9,320.00,74672.1,40.00,47320438
17/116,2017-10-02,1,8,19,22,35,46,30,19,4,2,3,3,2,1,1,1,1,0,0.00,1,1394970.00,45,82660.00,128.5,9600.00,2749.6,640.00,3641.9,320.00,53591,40.00,30596316
17/115,2017-09-30,2,11,19,20,33,49,6,,4,2,4,2,1,3,0,1,1,0,0.00,0,0.00,47.5,79480.00,159.5,9600.00,2753,640.00,4969.2,320.00,51801.2,40.00,32087943
17/114,2017-09-28,7,18,24,26,39,45,44,,3,3,3,3,1,1,2,1,1,1,86837630.00,9.5,941670.00,339.5,70260.00,757.5,9600.00,16438,640.00,21165.4,320.00,304252.6,40.00,189394310
17/113,2017-09-26,2,10,19,27,31,33,16,,3,3,4,2,2,1,1,2,0,0,0.00,3,801730.00,82,78210.00,193.5,9600.00,4999.4,640.00,6159.5,320.00,90603.7,40.00,52357173
17/112,2017-09-23,1,13,22,25,30,36,4,1,3,3,3,3,1,1,3,1,0,0,0.00,2,1029900.00,59,93090.00,180.7,9600.00,3382.2,640.00,5649.3,320.00,65999.4,40.00,43402275
17/111,2017-09-21,1,3,4,5,32,39,10,,4,2,4,2,4,0,0,2,0,0,0.00,3,444950.00,97,36690.00,359.7,9600.00,6974,640.00,8714.8,320.00,83657.1,40.00,44130809
17/110,2017-09-19,7,11,12,30,34,36,17,"12,36",3,3,2,4,1,2,1,2,0,0,0.00,0.5,754365.00,81,49670.00,152.5,9600.00,3265.8,640.00,4809.5,320.00,63510.6,40.00,34604815
17/109,2017-09-17,3,12,16,23,36,47,33,,4,2,3,3,1,2,1,1,1,1,44795760.00,2.5,1156690.00,119,64800.00,335.4,9600.00,6090.4,640.00,9596.3,320.00,110306.6,40.00,66269914
17/108,2017-09-14,25,26,34,41,42,49,1,49,0,6,3,3,0,0,2,1,3,0,0.00,2,1391990.00,74,100320.00,198,9600.00,3710.5,640.00,5444,320.00,70920,40.00,54166628
17/107,2017-09-12,21,23,30,38,44,49,37,23,2,4,3,3,0,0,3,1,2,0,0.00,1,2742940.00,56,130610.00,126.5,9600.00,3188.5,640.00,4656.4,320.00,65450.6,40.00,50848030
17/106,2017-09-09,4,7,18,23,29,39,49,29,4,2,4,2,2,1,2,1,0,0,0.00,2,862700.00,87.5,52580.00,203.5,9600.00,4846.5,640.00,5783,320.00,80830.3,40.00,42184167
17/105,2017-09-07,10,19,27,29,41,46,17,,2,4,4,2,1,1,2,0,2,0,0.00,1.5,1414100.00,33.5,168840.00,111.2,9600.00,2543.5,640.00,4189.3,320.00,53180.9,40.00,40190424
17/104,2017-09-05,1,2,8,30,39,43,19,1,3,3,3,3,3,0,1,1,1,0,0.00,3.5,471070.00,56.5,77810.00,162,9600.00,2997.6,640.00,5113.4,320.00,62821.8,40.00,36484657
17/103,2017-09-02,1,5,11,23,24,27,15,,5,1,5,1,2,1,3,0,0,1,22577500.00,5,321480.00,154,27830.00,312.5,9600.00,6451.8,640.00,7459.5,320.00,102465.3,40.00,47019758
17/102,2017-08-31,12,17,18,25,33,37,29,12,3,3,4,2,0,3,1,2,0,0,0.00,1,1812710.00,84,57540.00,210,9600.00,4705.2,640.00,5178.6,320.00,80682.5,40.00,42947721
17/101,2017-08-29,12,24,26,34,44,48,4,34,2,4,0,6,0,1,2,1,2,0,0.00,2,719520.00,64,59960.00,468.5,9600.00,3247.6,640.00,8353.4,320.00,58551.1,40.00,40988246
17/100,2017-08-26,16,34,35,36,40,46,31,,1,5,1,5,0,1,0,4,1,0,0.00,2,841830.00,47.5,94520.00,97,9600.00,2904.4,640.00,3229.4,320.00,47489.2,40.00,33439871
17/099,2017-08-24,4,7,10,21,28,47,17,4,4,2,3,3,3,0,2,0,1,1,8000000.00,1.5,720620.00,99.5,28960.00,217.5,9600.00,4295.4,640.00,6028.8,320.00,64588.8,40.00,31979171
17/098,2017-08-22,4,23,24,33,40,43,15,"23,43",3,3,3,3,1,0,2,2,1,1,8000000.00,1,1720710.00,80,57350.00,126.7,9600.00,3223.7,640.00,3765.1,320.00,56781.4,40.00,35854677
17/097,2017-08-19,2,23,32,34,43,45,22,43,2,4,3,3,1,0,1,2,2,1.5,10869860.00,5,386280.00,100.5,51240.00,187.5,9600.00,3620,640.00,5210.4,320.00,56397.8,40.00,41092252
17/096,2017-08-17,5,21,24,29,43,44,42,,3,3,4,2,1,0,3,0,2,0.5,10510470.00,3.5,698750.00,46.5,140250.00,147,9600.00,3518,640.00,4250.5,320.00,67957.9,40.00,47514703
17/095,2017-08-15,3,4,7,19,20,23,27,"3,4",6,0,4,2,3,2,1,0,0,0,0.00,2,761350.00,146.5,27710.00,283.5,9600.00,5812.6,640.00,7579.4,320.00,91636.8,40.00,43866425
17/094,2017-08-12,3,4,15,25,38,45,28,25,3,3,4,2,2,1,1,1,1,0,0.00,2,852650.00,62.5,72750.00,184.5,9600.00,3358,640.00,4943.1,320.00,61443.1,40.00,37875840
17/093,2017-08-10,18,22,25,32,33,42,29,"25,33",2,4,2,4,0,1,2,2,1,0.5,4000000.00,2.5,651660.00,65,66830.00,128.5,9600.00,3815.8,640.00,3736.8,320.00,61795.2,40.00,35701146
17/092,2017-08-08,8,10,25,28,33,37,7,25,2,4,3,3,2,0,2,2,0,1.5,24163490.00,5,440830.00,188.5,31180.00,415.5,9600.00,9007.9,640.00,11343.1,320.00,131840.1,40.00,64453525
17/091,2017-08-05,14,25,32,35,39,48,31,35,1,5,3,3,0,1,1,3,1,0.5,29632780.00,2.5,1653580.00,88.5,124560.00,233,9600.00,5024.5,640.00,7237.8,320.00,102635.3,40.00,78073037
17/090,2017-08-03,6,18,22,24,35,40,36,,4,2,1,5,1,1,2,2,0,0,0.00,1,3086500.00,136,60510.00,304.5,9600.00,6453.6,640.00,8459.7,320.00,113965.4,40.00,68390732
17/089,2017-08-01,10,25,26,32,36,37,46,"25,37",1,5,2,4,1,0,2,3,0,0,0.00,2.5,1140390.00,73,104140.00,176,9600.00,4468.8,640.00,5745.5,320.00,83717,40.00,56709781
17/088,2017-07-30,11,15,25,30,37,43,17,37,2,4,5,1,0,2,2,1,1,0,0.00,4.5,618810.00,66.5,111660.00,185,9600.00,4008.2,640.00,5920.1,320.00,78744.4,40.00,55159119
17/087,2017-07-27,3,4,31,37,42,44,40,37,2,4,3,3,2,0,0,2,2,0,0.00,1,2386190.00,51,124760.00,109.5,9600.00,2847.5,640.00,3627.9,320.00,58306.9,40.00,44163142
17/086,2017-07-25,8,9,15,33,37,47,1,47,3,3,5,1,2,1,0,2,1,0,0.00,2.5,738470.00,61,80700.00,220.5,9600.00,3492.9,640.00,6110.7,320.00,66982.4,40.00,41689311
17/085,2017-07-22,4,6,27,36,47,49,3,,2,4,3,3,2,0,1,1,2,0,0.00,1,1543500.00,50.5,81500.00,171.5,9600.00,2723,640.00,4865.7,320.00,54884.6,40.00,34165308
17/084,2017-07-20,5,9,12,25,26,34,21,,3,3,3,3,2,1,2,1,0,1,8000000.00,0,0.00,101.5,35490.00,169.5,9600.00,4469.9,640.00,4733.5,320.00,70154.6,40.00,34643428
17/083,2017-07-18,6,14,32,33,40,46,10,,2,4,1,5,1,1,0,3,1,1.5,54696480.00,4.5,1632940.00,224,87470.00,578.5,9600.00,12091.2,640.00,16502.1,320.00,219386.8,40.00,150335927
17/082,2017-07-15,29,34,35,42,43,48,26,29,0,6,3,3,0,0,1,2,3,0,0.00,3,822360.00,57,115410.00,128.5,9600.00,2896.5,640.00,4021.7,320.00,56003.1,40.00,45719285
17/081,2017-07-13,4,5,25,27,29,41,18,,2,4,5,1,2,0,3,0,1,0,0.00,2,1003970.00,64.5,83010.00,162.5,9600.00,3799.7,640.00,5216.7,320.00,67904.9,40.00,42754867
17/080,2017-07-11,1,11,20,22,43,45,35,11,4,2,4,2,1,2,1,0,2,0.5,10702305.00,1,2485880.00,62.5,106060.00,231.5,9600.00,4667.5,640.00,5883.4,320.00,94606.1,40.00,53866922
17/079,2017-07-08,3,8,11,21,36,48,37,8,4,2,3,3,2,1,1,1,1,0,0.00,3,595800.00,74,64410.00,159.5,9600.00,4410.9,640.00,4309.7,320.00,80397.1,40.00,40821749
17/078,2017-07-06,2,6,7,8,10,30,28,2,5,1,1,5,5,0,1,0,0,0,0.00,7,38400.00,363.4,19200.00,759.2,9600.00,11959.3,640.00,11813.1,320.00,118709.6,40.00,39839313
17/077,2017-07-04,2,5,15,26,27,38,18,27,3,3,3,3,2,1,2,1,0,0,0.00,3,489940.00,74.5,52610.00,182.5,9600.00,3439.7,640.00,5247.8,320.00,60168,40.00,34828698
17/076,2017-07-02,4,9,27,33,39,42,35,27,2,4,4,2,2,0,1,2,1,1,8000000.00,0.5,869020.00,58.5,79220.00,104,9600.00,3078.8,640.00,3547.6,320.00,57710.6,40.00,35454500
17/075,2017-06-29,11,16,26,27,29,37,19,,2,4,4,2,0,2,3,1,0,1,8000000.00,0.5,742105.00,45.5,86980.00,181,9600.00,2864.9,640.00,4301.1,320.00,54947.5,40.00,33368013
17/074,2017-06-27,12,24,30,40,44,48,8,30,2,4,0,6,0,1,2,1,2,1,41734010.00,3.5,805480.00,107,70260.00,378,9600.00,5724.2,640.00,9947.7,320.00,99285.6,40.00,65000656
17/073,2017-06-24,3,28,30,32,37,42,11,,1,5,2,4,1,0,2,2,1,0,0.00,1,2538060.00,91,74370.00,237,9600.00,3624.5,640.00,6188.4,320.00,72987.9,40.00,52015857
17/072,2017-06-22,18,20,21,27,31,49,45,"18,20",3,3,4,2,0,2,2,1,1,0,0.00,0,0.00,65,98110.00,106.5,9600.00,4097,640.00,3876.2,320.00,73400.1,40.00,46927234
17/071,2017-06-20,15,18,20,25,35,45,34,,3,3,4,2,0,3,1,1,1,0,0.00,0,0.00,287,19200.00,206,9600.00,6713.5,640.00,4274.9,320.00,64482.1,40.00,43315812
17/070,2017-06-17,9,34,39,42,46,49,32,,1,5,3,3,1,0,0,2,3,0,0.00,0,0.00,32.5,133160.00,95,9600.00,2288,640.00,2551,320.00,43908.5,40.00,31183550
17/069,2017-06-15,1,2,5,12,18,19,44,,6,0,3,3,3,3,0,0,0,3.5,15617750.00,2.5,1103080.00,373.5,19680.00,262.5,9600.00,13771.8,640.00,7815,320.00,180477.3,40.00,76401765
17/068,2017-06-13,21,23,27,34,46,49,44,23,2,4,4,2,0,0,3,1,2,0,0.00,4,809000.00,92,93790.00,203,9600.00,4571.5,640.00,5813,320.00,88746.8,40.00,62947810
17/067,2017-06-10,1,13,18,23,30,44,42,23,4,2,3,3,1,2,2,0,1,0,0.00,0,0.00,92.5,74100.00,159,9600.00,4810.6,640.00,4809.5,320.00,90810.9,40.00,52976095
17/066,2017-06-08,8,11,15,23,24,29,6,"8,24",5,1,4,2,1,2,3,0,0,0,0.00,3,571980.00,118.5,38610.00,390.2,9600.00,5147.5,640.00,9299.9,320.00,88361.3,40.00,48373578
17/065,2017-06-06,8,24,26,30,47,49,35,24,2,4,2,4,1,0,3,0,2,0,0.00,1.5,1371080.00,72.5,75640.00,274,9600.00,4218.5,640.00,6716.4,320.00,76650.9,40.00,47430443
17/064,2017-06-03,11,15,24,25,33,40,42,,3,3,4,2,0,2,2,2,0,0,0.00,0.5,902905.00,53,90850.00,159.5,9600.00,3146.9,640.00,4419,320.00,60174.3,40.00,38140122
17/063,2017-06-01,4,18,23,28,36,45,33,18,3,3,2,4,1,1,2,1,1,0,0.00,0.5,761375.00,42.5,95540.00,152.4,9600.00,3009.9,640.00,4315.2,320.00,55618.2,40.00,33612316
17/062,2017-05-30,14,18,27,32,37,38,1,18,2,4,2,4,0,2,1,3,0,1.5,16389320.00,1,2405320.00,61.5,104290.00,189.5,9600.00,4087.1,640.00,5386.1,320.00,75169.7,40.00,49604970
17/061,2017-05-27,5,7,18,22,33,43,27,,4,2,4,2,2,1,1,1,1,0,0.00,3,510000.00,78.5,51970.00,262,9600.00,4528.1,640.00,7148.3,320.00,78175.8,40.00,40808350
17/060,2017-05-25,23,26,27,39,40,48,7,23,1,5,3,3,0,0,3,2,1,0,0.00,2,994190.00,44,120500.00,111.5,9600.00,2381.5,640.00,3609.7,320.00,45978.5,40.00,37325476
17/059,2017-05-23,7,13,17,23,29,46,49,17,4,2,5,1,1,2,2,0,1,0.5,6812840.00,1,1875220.00,81.5,61350.00,147.5,9600.00,4100.7,640.00,4093,320.00,70376,40.00,40561450
17/058,2017-05-20,2,3,17,34,38,48,14,,3,3,2,4,2,1,0,2,1,0,0.00,4,365560.00,53,73570.00,137,9600.00,2729.5,640.00,3958.6,320.00,52332.2,40.00,31731074
17/057,2017-05-18,7,11,20,28,41,49,32,7,3,3,4,2,1,2,1,0,2,1,8000000.00,3,537570.00,60.5,71080.00,124.5,9600.00,2850.3,640.00,3208.6,320.00,56649.4,40.00,33568564
17/056,2017-05-16,1,5,7,9,10,15,3,"1,7",6,0,5,1,5,1,0,0,0,4,2000000.00,104.7,38400.00,474.7,19200.00,2042.6,9600.00,10733.3,640.00,15621.1,320.00,102001.7,40.00,33492275
17/055,2017-05-14,1,7,12,18,27,33,20,,4,2,4,2,2,2,1,1,0,2,10203960.00,4,417310.00,122,36480.00,289,9600.00,6515.3,640.00,7135.6,320.00,105337,40.00,47536934
17/054,2017-05-11,9,16,22,38,40,46,11,22,3,3,1,5,1,1,1,2,1,0,0.00,0,0.00,68.5,72020.00,166.5,9600.00,3148.5,640.00,5005.4,320.00,57604.7,40.00,39023808
17/053,2017-05-09,6,22,23,31,36,45,12,,3,3,3,3,1,0,2,2,1,0,0.00,1,1715760.00,37.5,122000.00,169.5,9600.00,2862.6,640.00,4816.9,320.00,54410.3,40.00,36568136
17/052,2017-05-06,1,3,9,13,34,35,27,,4,2,5,1,3,1,0,2,0,1,8000000.00,1,1178300.00,81,38790.00,211,9600.00,4323.4,640.00,4656.2,320.00,70465.6,40.00,32839719
17/051,2017-05-04,4,17,21,32,36,46,27,,3,3,2,4,1,1,1,2,1,1,15773210.00,1.5,1304640.00,56.5,92360.00,158.5,9600.00,3143.4,640.00,4167.8,320.00,59238.3,40.00,39950646
17/050,2017-05-02,1,20,22,27,31,41,2,"22,31",3,3,4,2,1,1,2,1,1,0,0.00,0,0.00,46,110270.00,123,9600.00,2379.2,640.00,4432.7,320.00,50284.5,40.00,37166141
17/049,2017-04-29,5,8,14,22,31,48,33,48,4,2,2,4,2,1,1,1,1,1,20574610.00,0.5,1061040.00,62,91270.00,185.5,9600.00,4026.6,640.00,5574.6,320.00,75700.2,40.00,45770522
17/048,2017-04-27,16,17,21,42,48,49,37,"21,49",3,3,3,3,0,2,1,0,3,0,0.00,2,1034720.00,42.5,129840.00,141,9600.00,2987.5,640.00,3912.9,320.00,56841.7,40.00,40652334
17/047,2017-04-25,1,21,22,45,46,49,14,1,3,3,4,2,1,0,2,0,3,0,0.00,1,1887440.00,54.5,92350.00,102,9600.00,2640,640.00,3276,320.00,49834.5,40.00,36181344
17/046,2017-04-22,1,9,11,23,29,34,6,"11,29",4,2,5,1,2,1,2,1,0,2,32026120.00,9,410880.00,223.5,44120.00,834.7,9600.00,11248.1,640.00,19819.1,320.00,194281.9,40.00,104475454
17/045,2017-04-18,4,10,11,18,29,38,28,"4,29",4,2,2,4,2,2,1,1,0,0,0.00,5,514800.00,187,36700.00,641,9600.00,8325.2,640.00,15049.4,320.00,138699,40.00,75375397
17/044,2017-04-15,1,4,5,29,33,44,39,4,3,3,4,2,3,0,1,1,1,0,0.00,2,1344490.00,78.5,91340.00,193,9600.00,5545.5,640.00,5616.9,320.00,106376,40.00,57692584
17/043,2017-04-13,4,10,25,26,38,49,34,,2,4,2,4,2,0,2,1,1,0,0.00,1,2658650.00,89,79660.00,191,9600.00,5004.5,640.00,5811.2,320.00,95772.6,40.00,55933853
17/042,2017-04-11,14,17,22,29,30,31,38,"14,30",3,3,3,3,0,2,3,1,0,0,0.00,2,1325080.00,80,88330.00,164.2,9600.00,4352.5,640.00,5381.8,320.00,82153.7,40.00,53306201
17/041,2017-04-08,2,11,14,20,27,30,19,,4,2,2,4,1,3,2,0,0,0,0.00,3,617370.00,101,48900.00,241,9600.00,4728.5,640.00,6871.3,320.00,81153.5,40.00,45099044
17/040,2017-04-06,4,21,24,39,45,46,40,,3,3,3,3,1,0,2,1,2,0,0.00,0.5,1098065.00,60,97600.00,101,9600.00,3068.5,640.00,3524.1,320.00,59177.9,40.00,41698414
17/039,2017-04-04,3,9,19,33,40,41,26,,3,3,5,1,2,1,0,2,1,0,0.00,3,548170.00,77,56950.00,168.5,9600.00,3398.1,640.00,4241.6,320.00,60716.2,40.00,36344665
17/038,2017-04-01,7,17,20,34,36,44,23,,3,3,2,4,1,2,0,2,1,1,47474300.00,2,1357600.00,120.5,60080.00,333.5,9600.00,6192.7,640.00,9531.6,320.00,107237.3,40.00,63696496
17/037,2017-03-30,18,19,21,30,38,48,7,21,3,3,2,4,0,2,2,1,1,0,0.00,3.5,769770.00,104,69080.00,279,9600.00,5215.2,640.00,8282.9,320.00,95505.1,40.00,59675115
17/036,2017-03-28,2,9,21,35,36,40,44,9,3,3,3,3,2,0,1,3,0,0,0.00,0.5,1374285.00,81.5,89930.00,176,9600.00,4431.9,640.00,5237,320.00,83276.4,40.00,54942577
17/035,2017-03-25,9,10,23,30,38,48,16,,3,3,2,4,2,0,2,1,1,0,0.00,3,594800.00,91.5,52000.00,291,9600.00,5193.2,640.00,6536.9,320.00,92669.6,40.00,46274838
17/034,2017-03-23,5,14,17,33,41,47,16,,3,3,5,1,1,2,0,1,2,0,0.00,0,0.00,72,76600.00,138.5,9600.00,3308.7,640.00,4263.5,320.00,58457.4,40.00,41299252
17/033,2017-03-21,8,12,20,25,37,46,2,46,3,3,2,4,1,2,1,1,1,0,0.00,1.5,1136820.00,69.5,65420.00,206,9600.00,3472.4,640.00,5491.3,320.00,60315.5,40.00,38634057
17/032,2017-03-18,2,13,17,23,30,46,8,2,4,2,3,3,1,2,2,0,1,1,44284630.00,2.5,1153050.00,73,105300.00,301,9600.00,4567.7,640.00,8740.1,320.00,90280,40.00,61739371
17/031,2017-03-16,1,2,11,19,40,48,4,2,4,2,3,3,2,2,0,1,1,0,0.00,1.5,1810530.00,74,97860.00,245,9600.00,4877.2,640.00,8614.4,320.00,93946,40.00,59044186
17/030,2017-03-14,2,32,33,35,36,44,48,32,1,5,2,4,1,0,0,4,1,0.5,27489280.00,2.5,1642850.00,119.5,91650.00,288.5,9600.00,6600.4,640.00,8661.5,320.00,118017,40.00,82546465
17/029,2017-03-11,1,4,20,27,32,39,15,,3,3,3,3,2,1,1,2,0,0,0.00,2.5,1230890.00,93.5,87760.00,228,9600.00,4488.5,640.00,6768.9,320.00,92497.9,40.00,61983723
17/028,2017-03-09,17,19,25,35,41,44,26,19,2,4,5,1,0,2,1,1,2,0,0.00,0,0.00,80,95830.00,175,9600.00,3765.7,640.00,6080.4,320.00,75585.3,40.00,55782954
17/027,2017-03-07,2,14,18,19,40,43,42,18,4,2,2,4,1,3,0,1,1,0,0.00,1.5,1865690.00,58,128660.00,146,9600.00,3312.2,640.00,4459,320.00,70770.1,40.00,52372640
17/026,2017-03-04,10,18,22,23,29,32,45,,4,2,2,4,1,1,3,1,0,0,0.00,1.5,1228690.00,77.2,63660.00,161.5,9600.00,4129.8,640.00,3988.9,320.00,73288.3,40.00,40562217
17/025,2017-03-02,6,13,31,42,43,45,34,42,2,4,4,2,1,1,0,1,3,0,0.00,2,932400.00,48.5,102530.00,132.5,9600.00,2658.7,640.00,3392.7,320.00,51819.3,40.00,36654865
17/024,2017-02-28,15,20,24,34,42,44,7,20,3,3,1,5,0,2,1,1,2,1,75969490.00,3.5,1586860.00,137,108100.00,466.5,9600.00,8350.7,640.00,13736,320.00,156262.5,40.00,113255035
17/023,2017-02-25,4,12,19,20,25,26,8,,4,2,2,4,1,3,2,0,0,0,0.00,6.5,448840.00,176,44200.00,602.2,9600.00,8037.4,640.00,14309.2,320.00,134910.2,40.00,78285538
17/022,2017-02-23,13,15,16,32,34,46,10,"13,32",3,3,2,4,0,3,0,2,1,0,0.00,1,3717370.00,96.2,103040.00,187.5,9600.00,4916.1,640.00,6536.5,320.00,95795,40.00,70561689
17/021,2017-02-21,1,7,13,29,32,44,20,,3,3,4,2,2,1,1,1,1,0,0.00,1.5,2056060.00,93.5,87950.00,227,9600.00,5361.4,640.00,6640.6,320.00,107243.4,40.00,64109820
17/020,2017-02-18,5,8,12,17,20,37,45,"5,8",5,1,3,3,2,3,0,1,0,0,0.00,3,732060.00,120.5,48600.00,193.5,9600.00,5863.6,640.00,5207.5,320.00,98733.1,40.00,50583895
17/019,2017-02-16,5,8,23,34,41,44,7,,3,3,3,3,2,0,1,1,2,0,0.00,1,2373940.00,86,73610.00,171.5,9600.00,4372.5,640.00,5522.9,320.00,78333.6,40.00,49512995
17/018,2017-02-14,14,16,21,28,43,46,26,21,3,3,2,4,0,2,2,0,2,0,0.00,0,0.00,55,102300.00,188,9600.00,3220.5,640.00,5196.7,320.00,66099.3,40.00,43760741
17/017,2017-02-12,7,21,26,30,38,47,15,,2,4,3,3,1,0,3,1,1,0,0.00,1,1957250.00,42.5,122800.00,168,9600.00,3117.2,640.00,4405.4,320.00,63005.6,40.00,40512233
17/016,2017-02-09,3,12,13,19,24,45,40,,5,1,4,2,1,3,1,0,1,2,6965180.00,0,0.00,85,62010.00,175,9600.00,4505.6,640.00,4350.8,320.00,79598.5,40.00,43744019
17/015,2017-02-07,6,11,22,25,32,33,24,"25,33",3,3,3,3,1,1,2,2,0,0,0.00,3.5,461860.00,136.2,31650.00,234,9600.00,5330.8,640.00,5756.8,320.00,82861.6,40.00,41958456
17/014,2017-02-04,7,14,25,28,33,40,26,14,2,4,3,3,1,1,2,2,0,1,8000000.00,4,448720.00,57.5,83240.00,265,9600.00,3756.1,640.00,6568.4,320.00,70131.6,40.00,42600803
17/013,2017-02-01,13,14,18,23,29,35,45,,4,2,4,2,0,3,2,1,0,2.5,35772980.00,14.5,676600.00,441,59320.00,1041,9600.00,19490.3,640.00,23746.7,320.00,348856.7,40.00,214619874
17/012,2017-01-28,8,15,25,30,34,40,42,,2,4,2,4,1,1,2,2,0,0,0.00,0,0.00,56.5,77690.00,85,9600.00,2896.4,640.00,3156.4,320.00,52691.9,40.00,33050546
17/011,2017-01-26,13,24,28,29,31,44,10,,2,4,3,3,0,1,3,1,1,1,25496990.00,2,1282760.00,64,106890.00,203,9600.00,4144,640.00,5947.1,320.00,80089.6,40.00,52782918
17/010,2017-01-24,2,5,23,27,36,43,20,27,3,3,4,2,2,0,2,1,1,0,0.00,0,0.00,72,90740.00,151,9600.00,3677,640.00,4392.2,320.00,72409.3,40.00,48248467
17/009,2017-01-21,8,27,28,37,38,49,33,,1,5,3,3,1,0,2,2,1,0,0.00,1.5,822300.00,121,27180.00,206.5,9600.00,5023.1,640.00,5446.7,320.00,72051.2,40.00,34923225
17/008,2017-01-19,1,2,13,23,35,43,18,,4,2,5,1,2,1,1,1,1,1,13724920.00,0.5,954150.00,92,55310.00,173,9600.00,3946.7,640.00,5035.6,320.00,66267.3,40.00,41535280
17/007,2017-01-17,26,27,28,36,42,47,33,,0,6,2,4,0,0,3,1,2,0,0.00,1,1603240.00,55,77730.00,164.5,9600.00,3348.2,640.00,4387.9,320.00,57526.2,40.00,35504765
17/006,2017-01-15,1,6,22,37,44,48,35,,3,3,2,4,2,0,1,1,2,1.5,16516210.00,1,2334620.00,90,69170.00,237.5,9600.00,4655,640.00,6043.5,320.00,88271.1,40.00,51532305
17/005,2017-01-12,18,25,27,30,40,43,6,,1,5,3,3,0,1,3,1,1,0,0.00,7,247520.00,67,68960.00,380.5,9600.00,3533.5,640.00,9113.9,320.00,64366.7,40.00,44627272
17/004,2017-01-10,2,7,14,26,38,39,12,"7,14",3,3,2,4,2,1,1,2,0,0.5,11427580.00,0.5,1144930.00,130,46970.00,238.7,9600.00,5061.4,640.00,7125.9,320.00,83023.2,40.00,51680720
17/003,2017-01-07,7,10,14,29,45,46,19,14,3,3,3,3,2,1,1,0,2,0,0.00,0,0.00,35,152100.00,138,9600.00,2758.5,640.00,4707,320.00,56410.1,40.00,39774959
17/002,2017-01-05,5,14,20,21,36,49,39,,4,2,3,3,1,2,1,1,1,0,0.00,1,1714840.00,49.5,92380.00,121,9600.00,2992.5,640.00,3321.2,320.00,54059.2,40.00,34934979
17/001,2017-01-03,4,11,22,29,37,46,18,,3,3,3,3,1,1,2,1,1,2.5,30252220.00,4.5,1528180.00,186.5,98320.00,582.5,9600.00,11114.4,640.00,17763.2,320.00,215463.5,40.00,143310824
16/151,2016-12-31,8,9,12,15,17,28,33,"15,17",5,1,3,3,2,3,1,0,0,3,11582010.00,3.5,532230.00,210.2,23630.00,339,9600.00,8858.6,640.00,9465.4,320.00,135682.1,40.00,57457946
16/150,2016-12-29,2,11,13,15,17,21,26,,6,0,5,1,1,4,1,0,0,0,0.00,4,637470.00,210.5,32300.00,282,9600.00,6851.4,640.00,7078.2,320.00,107779,40.00,59905335
16/149,2016-12-25,3,4,10,26,37,43,41,4,3,3,3,3,3,0,1,1,1,0,0.00,0,0.00,65.5,79250.00,106.5,9600.00,3547.7,640.00,3350.2,320.00,66716.5,40.00,39435160
16/148,2016-12-23,4,14,16,25,32,35,47,32,3,3,2,4,1,2,1,2,0,0.5,13721125.00,1.5,1755720.00,56.5,124290.00,179.5,9600.00,4176.2,640.00,5200.5,320.00,78738.7,40.00,52784003
16/147,2016-12-20,5,28,32,34,37,48,39,28,1,5,2,4,1,0,1,3,1,0,0.00,2,1101720.00,70,83940.00,151,9600.00,3288,640.00,4801.6,320.00,63777.9,40.00,44044595
16/146,2016-12-18,3,10,21,26,28,38,29,,3,3,2,4,2,0,3,1,0,0,0.00,0,0.00,95.5,43220.00,197,9600.00,4908.4,640.00,5555.9,320.00,82328.1,40.00,39713694
16/145,2016-12-15,15,19,20,32,33,34,23,,3,3,3,3,0,3,0,3,0,0.5,6738495.00,1.5,1297470.00,69,75210.00,130.5,9600.00,2810.7,640.00,4297.3,320.00,55831.4,40.00,38736961
16/144,2016-12-13,7,14,26,31,38,44,37,7,2,4,2,4,1,1,1,2,1,0.5,7638375.00,1,2168560.00,73.5,78670.00,140.5,9600.00,3422.9,640.00,4229.1,320.00,64348.9,40.00,43247428
16/143,2016-12-10,7,22,32,33,34,39,45,39,2,4,3,3,1,0,1,4,0,0,0.00,0.5,771075.00,64,64250.00,120,9600.00,3237.6,640.00,3422.5,320.00,55143.1,40.00,33005201
16/142,2016-12-08,9,24,26,28,37,39,29,,2,4,3,3,1,0,3,2,0,1,14952940.00,2.5,737850.00,54,91090.00,192,9600.00,3923.9,640.00,5847.7,320.00,72867.7,40.00,41952244
16/141,2016-12-06,3,7,17,29,32,49,11,,3,3,5,1,2,1,1,1,1,0.5,9419065.00,1,2004950.00,82,65200.00,279.5,9600.00,4242.8,640.00,7968.4,320.00,78458.4,40.00,47731773
16/140,2016-12-03,8,13,23,30,47,48,7,,3,3,3,3,1,1,2,0,2,0,0.00,1,1607750.00,73,58730.00,202.5,9600.00,3856.2,640.00,5739.2,320.00,66268.4,40.00,38291968
16/139,2016-12-01,9,15,18,21,24,37,16,"18,24",5,1,4,2,1,2,2,1,0,0,0.00,1,1652470.00,44.5,99020.00,141,9600.00,2726,640.00,4234.5,320.00,51792.7,40.00,34501896
16/138,2016-11-29,4,11,18,22,24,49,25,4,5,1,2,4,1,2,2,0,1,1,8000000.00,3,495440.00,73,54290.00,186.5,9600.00,3650.4,640.00,4964.7,320.00,66966.8,40.00,35709168
16/137,2016-11-26,1,2,3,4,7,10,33,3,6,0,3,3,6,0,0,0,0,23.5,2815140.00,6,38400.00,1334.9,19200.00,604,9600.00,24964.1,640.00,13820.1,320.00,235153.1,40.00,89142376
16/136,2016-11-24,3,9,24,31,38,49,41,38,3,3,4,2,2,0,1,2,1,0,0.00,1.5,2606900.00,106.5,97910.00,260,9600.00,7497.1,640.00,8493,320.00,143131.2,40.00,82193372
16/135,2016-11-22,12,13,16,18,38,40,5,,4,2,1,5,0,4,0,2,0,0,0.00,1,3359140.00,157.5,56870.00,298.7,9600.00,7203.4,640.00,9193.6,320.00,124138.5,40.00,74063471
16/134,2016-11-19,2,6,23,24,37,42,32,,4,2,2,4,2,0,2,1,1,0,0.00,3.5,766810.00,83,86220.00,262,9600.00,4887.5,640.00,7397.4,320.00,94266.7,40.00,58227586
16/133,2016-11-17,5,18,26,28,30,45,33,18,2,4,2,4,1,1,3,0,1,0,0.00,0,0.00,88,72070.00,231,9600.00,4868.6,640.00,6713.8,320.00,88434.8,40.00,52672914
16/132,2016-11-15,10,15,17,18,27,40,26,27,4,2,3,3,1,3,1,1,0,0,0.00,0.5,1062350.00,51.5,110010.00,197.5,9600.00,3922.1,640.00,5695.3,320.00,77323.3,40.00,46087431
16/131,2016-11-13,2,16,27,29,34,41,42,,2,4,3,3,1,1,2,1,1,0,0.00,0,0.00,33.5,173040.00,117,9600.00,2749.7,640.00,3825,320.00,57810.7,40.00,41380026
16/130,2016-11-10,3,17,38,39,46,49,37,3,2,4,4,2,1,1,0,2,2,0,0.00,0.5,845630.00,45,100220.00,93.7,9600.00,2210.5,640.00,3206.2,320.00,43677.7,40.00,32365780
16/129,2016-11-08,3,5,6,11,34,42,28,42,4,2,3,3,3,1,0,1,1,1.5,28255500.00,5.5,519940.00,101,75500.00,334.5,9600.00,6214.1,640.00,10081.7,320.00,122732.6,40.00,67173953
16/128,2016-11-05,9,12,31,39,42,46,48,,2,4,3,3,1,1,0,2,2,0,0.00,2.5,1013580.00,62.5,108110.00,183.5,9600.00,3677.2,640.00,5625.5,320.00,74273.4,40.00,50833134
16/127,2016-11-03,6,14,18,22,30,38,47,,4,2,0,6,1,2,2,1,0,,,,,,,,,,,,,,,48176818
16/126,2016-11-01,1,2,21,31,33,36,8,,3,3,4,2,2,0,1,3,0,0,0.00,2,959820.00,101,50680.00,257.9,9600.00,5359.2,640.00,7498.9,320.00,89801.5,40.00,48075501
16/125,2016-10-29,22,26,32,38,43,47,42,,1,5,2,4,0,0,2,2,2,0,0.00,2,914890.00,62.5,78070.00,146,9600.00,2658.5,640.00,4190,320.00,51467.7,40.00,36865902
16/124,2016-10-27,8,16,17,34,35,44,41,"8,17",3,3,2,4,1,2,0,2,1,0,0.00,1,1738780.00,55.5,83540.00,85.5,9600.00,2713.5,640.00,2806.5,320.00,48327.3,40.00,33568510
16/123,2016-10-25,7,8,12,17,22,29,14,12,5,1,3,3,2,2,2,0,0,2.5,30026600.00,9.5,528640.00,329,40700.00,763,9600.00,16338.8,640.00,17687.8,320.00,264959.8,40.00,131171453
16/122,2016-10-22,3,12,13,20,33,43,35,,4,2,4,2,1,3,0,1,1,0,0.00,1,1468460.00,138.5,28270.00,211.2,9600.00,6355.3,640.00,4660.2,320.00,72592.7,40.00,39347881
16/121,2016-10-20,2,4,7,15,28,45,19,28,4,2,3,3,3,1,1,0,1,0,0.00,1,1826770.00,72,67650.00,178.9,9600.00,3850,640.00,5051.5,320.00,71046.1,40.00,40782879
16/120,2016-10-18,8,27,28,30,38,41,12,"27,28",1,5,2,4,1,0,3,1,1,0.5,11999100.00,5.5,325810.00,111,43050.00,339,9600.00,5618.1,640.00,8959.1,320.00,97492.3,40.00,49527524
16/119,2016-10-15,7,12,18,27,28,40,10,"27,40",3,3,2,4,1,2,2,1,0,0,0.00,2.5,627400.00,62.5,66920.00,266.7,9600.00,4111.2,640.00,7162.2,320.00,72335.1,40.00,40495746
16/118,2016-10-13,2,9,16,27,32,40,46,16,3,3,2,4,2,1,1,2,0,0,0.00,1,1972210.00,55,95620.00,133,9600.00,3042.1,640.00,3491.5,320.00,61434.6,40.00,39346088
16/117,2016-10-11,16,19,24,28,36,42,13,"28,36",3,3,1,5,0,2,2,1,1,0,0.00,1.5,995050.00,56,71070.00,176,9600.00,2682.2,640.00,4277.8,320.00,48724.3,40.00,32701374
16/116,2016-10-09,12,26,28,36,45,49,9,,1,5,2,4,0,1,2,1,2,1,25102070.00,2.5,746500.00,105,47390.00,403.5,9600.00,4484.1,640.00,11189.9,320.00,81093.4,40.00,50444713
16/115,2016-10-06,5,11,13,19,33,48,34,,4,2,5,1,1,3,0,1,1,0,0.00,0.5,934850.00,79,63110.00,187.5,9600.00,4382,640.00,5303.3,320.00,80195.2,40.00,42975530
16/114,2016-10-04,2,6,10,28,38,40,30,,3,3,0,6,3,0,1,2,0,0.5,12959355.00,1,1874820.00,92,54340.00,334.4,9600.00,5360.3,640.00,8079.3,320.00,93002.2,40.00,49409715
16/113,2016-10-02,7,8,21,22,34,46,6,,4,2,2,4,2,0,2,1,1,0,0.00,0.5,899560.00,59,81310.00,253,9600.00,4314.1,640.00,6837.9,320.00,78362.5,40.00,43875706
16/112,2016-09-29,14,20,28,33,41,48,40,28,2,4,2,4,0,2,1,1,2,0,0.00,1,1999100.00,43,123970.00,132,9600.00,2773,640.00,3713,320.00,54383.2,40.00,38983073
16/111,2016-09-27,12,16,19,23,28,32,27,,4,2,2,4,0,3,2,1,0,0,0.00,1,1568520.00,72.7,57530.00,161,9600.00,3493.6,640.00,4486.4,320.00,61651.4,40.00,35507837
16/110,2016-09-24,1,17,20,34,43,44,42,"43,44",3,3,3,3,1,2,0,1,2,1,26170670.00,1,2366470.00,50.5,124960.00,136,9600.00,3255.5,640.00,4867.5,320.00,64387.7,40.00,46035258
16/109,2016-09-22,5,30,38,43,44,47,14,44,1,5,3,3,1,0,1,1,3,0,0.00,0,0.00,47,123560.00,121,9600.00,2659.5,640.00,4238,320.00,55294.8,40.00,41455850
16/108,2016-09-20,4,16,19,27,41,44,25,,3,3,3,3,1,2,1,0,2,0.5,10360075.00,4,591400.00,81.7,77210.00,181,9600.00,3771.2,640.00,4734.7,320.00,67528.8,40.00,47588946
16/107,2016-09-17,3,18,21,25,31,42,26,25,3,3,4,2,1,1,2,1,1,0,0.00,1,1874420.00,50,99960.00,126,9600.00,2897.7,640.00,3861.1,320.00,56066.5,40.00,37545147
16/106,2016-09-15,24,25,34,35,44,49,30,49,1,5,3,3,0,0,2,2,2,0,0.00,1.5,1158690.00,90.5,51210.00,117,9600.00,3102,640.00,3627.6,320.00,52859.8,40.00,35401214
16/105,2016-09-13,1,13,19,21,38,49,23,38,4,2,5,1,1,2,1,1,1,1.5,55625480.00,11,710240.00,330,63130.00,775.5,9600.00,16064.2,640.00,21582.6,320.00,288971.4,40.00,173013664
16/104,2016-09-10,7,16,32,37,38,46,22,,2,4,2,4,1,1,0,3,1,0,0.00,1.5,1500440.00,58.5,102590.00,204,9600.00,4090.3,640.00,5572.4,320.00,72458.7,40.00,47678029
16/103,2016-09-08,3,4,5,26,45,48,14,48,3,3,3,3,3,0,1,0,2,0,0.00,1,2204510.00,71.5,82210.00,172,9600.00,4113.5,640.00,5325.1,320.00,76951.8,40.00,46696732
16/102,2016-09-06,11,15,33,41,43,48,27,43,2,4,5,1,0,2,0,1,3,0,0.00,2.5,893960.00,63,94590.00,132.5,9600.00,3244.5,640.00,4604.9,320.00,62258.6,40.00,43861879
16/101,2016-09-04,8,25,26,28,38,43,22,8,1,5,2,4,1,0,3,1,1,0.5,9302095.00,3,650000.00,83,62650.00,223,9600.00,4483.4,640.00,6810.6,320.00,81443,40.00,45802000
16/100,2016-09-01,8,11,13,30,34,49,2,34,3,3,3,3,1,2,1,1,1,0,0.00,1,1843760.00,56,87790.00,168.5,9600.00,3216.5,640.00,4759.6,320.00,65687.1,40.00,39507677
16/099,2016-08-30,14,20,21,31,34,42,25,,3,3,2,4,0,2,1,2,1,0.5,7222870.00,1,2148580.00,64.5,88830.00,156,9600.00,3311.4,640.00,4232.7,320.00,65294.3,40.00,43191955
16/098,2016-08-27,3,6,13,24,37,43,30,,4,2,4,2,2,1,1,1,1,0,0.00,1,1516570.00,51.5,78520.00,124.5,9600.00,2735.9,640.00,3869.2,320.00,54343,40.00,32349060
16/097,2016-08-25,4,20,34,35,40,47,3,,2,4,2,4,1,1,0,3,1,1,36248280.00,3,924990.00,77.5,95480.00,219.5,9600.00,4287.9,640.00,5895.9,320.00,82751.3,40.00,56255099
16/096,2016-08-23,14,16,24,25,43,44,3,,3,3,2,4,0,2,2,0,2,0.5,27923330.00,2,1899430.00,128.5,78830.00,286.5,9600.00,7145.5,640.00,8763,320.00,122840.1,40.00,79392309
16/095,2016-08-20,2,3,15,28,46,48,33,"3,46",3,3,2,4,2,1,1,0,2,0,0.00,3,963100.00,64.5,119450.00,209,9600.00,4705,640.00,6905.7,320.00,92097.6,40.00,59404718
16/094,2016-08-18,3,17,20,22,45,46,30,"20,46",4,2,3,3,1,2,1,0,2,0,0.00,2,1436730.00,70.5,108680.00,169.5,9600.00,3753.5,640.00,5137.5,320.00,74926.7,40.00,55039851
16/093,2016-08-16,5,12,14,20,27,46,26,,4,2,2,4,1,3,1,0,1,0,0.00,2,1124540.00,90,66630.00,214.5,9600.00,4774.9,640.00,6528.4,320.00,84946.7,40.00,50146104
16/092,2016-08-13,3,4,11,23,44,47,24,"11,23",4,2,4,2,2,1,1,0,2,0,0.00,1,1890900.00,61.5,81990.00,244.5,9600.00,3899.5,640.00,6334.5,320.00,72803.7,40.00,43768215
16/091,2016-08-11,10,11,19,23,30,38,13,,4,2,3,3,1,2,2,1,0,0,0.00,1,1689050.00,93.5,48170.00,184,9600.00,4573.8,640.00,5379.5,320.00,79489,40.00,40682664
16/090,2016-08-09,5,9,13,22,34,39,40,,4,2,4,2,2,1,1,2,0,0,0.00,0,0.00,67,66640.00,123.5,9600.00,3661.8,640.00,3662.2,320.00,66245.1,40.00,36331042
16/089,2016-08-06,2,17,23,32,36,40,3,,3,3,2,4,1,1,1,3,0,1,8000000.00,1.5,1068700.00,57.5,74340.00,156.5,9600.00,2705.2,640.00,4522.7,320.00,49877.8,40.00,34111314
16/088,2016-08-04,10,16,34,41,45,47,7,,2,4,3,3,1,1,0,1,3,1,14233140.00,0,0.00,49.5,111930.00,117,9600.00,2834.5,640.00,3819.2,320.00,52011.3,40.00,39743010
16/087,2016-08-02,7,11,12,19,21,39,49,21,5,1,5,1,1,3,1,1,0,0,0.00,1,1127160.00,83.4,36040.00,212,9600.00,4785.2,640.00,5352.5,320.00,73520.8,40.00,33349936
16/086,2016-07-30,9,21,29,33,35,48,28,35,2,4,5,1,1,0,2,2,1,1,15741020.00,4.5,410180.00,88.5,55610.00,173.5,9600.00,3938.7,640.00,5565.9,320.00,70315.7,40.00,41301316
16/085,2016-07-28,12,20,24,35,39,47,15,,3,3,3,3,0,2,1,2,1,0.5,8021080.00,0,0.00,62.5,93110.00,149.5,9600.00,2916.1,640.00,4024.6,320.00,56043.7,40.00,42258493
16/084,2016-07-26,3,14,17,21,28,49,12,,4,2,4,2,1,2,2,0,1,0,0.00,0,0.00,71,56140.00,160,9600.00,3404.7,640.00,4631.2,320.00,57076.1,40.00,34132637
16/083,2016-07-24,11,18,26,31,39,44,24,"11,44",2,4,3,3,0,2,1,2,1,1,68372410.00,4.5,1068550.00,140,91590.00,343.5,9600.00,7161.6,640.00,10564.4,320.00,136822,40.00,96225046
16/082,2016-07-22,10,11,22,41,44,46,35,46,3,3,2,4,1,1,1,0,3,0.5,53946950.00,6.5,1397430.00,320,75690.00,778.5,9600.00,18226.5,640.00,21103.5,320.00,322335.4,40.00,195054501
16/081,2016-07-19,7,21,27,33,46,47,4,7,2,4,5,1,1,0,2,1,2,0,0.00,5,1376260.00,267,68720.00,624.5,9600.00,13840,640.00,18292.3,320.00,243069.8,40.00,149707089
16/080,2016-07-16,1,2,7,16,24,34,36,16,5,1,2,4,3,1,1,1,0,0,0.00,3.5,452100.00,86.5,48780.00,183.5,9600.00,4277.3,640.00,4751.8,320.00,73708.5,40.00,38075019
16/079,2016-07-14,16,21,30,36,38,47,48,,2,4,2,4,0,1,2,2,1,0,0.00,2.5,607750.00,34.5,117440.00,189.5,9600.00,2432.2,640.00,5500.5,320.00,50352.2,40.00,33853850
16/078,2016-07-12,12,20,31,32,35,45,18,"20,31",2,4,3,3,0,2,0,3,1,1,36859760.00,1.5,2082640.00,71.5,116510.00,230,9600.00,4464.5,640.00,6954.5,320.00,88698.1,40.00,62453477
16/077,2016-07-09,7,19,20,28,30,31,29,31,3,3,3,3,1,2,2,1,0,0,0.00,4.5,422210.00,86,58910.00,326,9600.00,4600.3,640.00,7364.8,320.00,82583.2,40.00,47505745
16/076,2016-07-07,13,14,21,31,38,44,22,"13,44",3,3,3,3,0,2,1,2,1,0,0.00,1,2217530.00,54,109500.00,182,9600.00,3437.5,640.00,4887.9,320.00,65228.9,40.00,45122563
16/075,2016-07-05,1,6,13,17,34,44,38,,4,2,3,3,2,2,0,1,1,0,0.00,0.5,1019325.00,54,100670.00,133.9,9600.00,3557.8,640.00,4431.9,320.00,68640.7,40.00,41965751
16/074,2016-07-02,2,8,16,32,33,37,5,"2,16",3,3,2,4,2,1,0,3,0,0,0.00,2,595420.00,61,52050.00,261.5,9600.00,3097.9,640.00,5009.1,320.00,51487.7,40.00,31258661
16/073,2016-06-30,2,5,6,7,16,29,35,7,5,1,3,3,4,1,1,0,0,1,22324120.00,0.5,790720.00,230,19200.00,211,9600.00,8060.8,640.00,5633.9,320.00,107534.5,40.00,46468294
16/072,2016-06-28,7,13,23,30,32,48,36,,3,3,3,3,1,1,2,1,1,0,0.00,3,631300.00,76,66450.00,263,9600.00,4208.9,640.00,6664.4,320.00,77622.7,40.00,45057208
16/071,2016-06-25,10,15,22,38,42,43,18,,3,3,2,4,1,1,1,1,2,0.5,11898035.00,3,717390.00,59,97270.00,208.5,9600.00,3335.5,640.00,4939.9,320.00,64268.7,40.00,44545953
16/070,2016-06-23,6,9,21,35,48,49,29,"9,21",3,3,4,2,2,0,1,1,2,0,0.00,1.5,1106430.00,107,41360.00,212.5,9600.00,6044.5,640.00,6232,320.00,81408.4,40.00,43180821
16/069,2016-06-21,9,10,20,21,38,39,49,,4,2,3,3,2,1,1,2,0,0,0.00,11,132130.00,168.1,23050.00,298,9600.00,5396.1,640.00,7080,320.00,81649.8,40.00,41656253
16/068,2016-06-18,4,5,8,12,34,37,24,,4,2,2,4,3,1,0,2,0,0,0.00,3.5,345000.00,51,63130.00,225.5,9600.00,3293.6,640.00,5901.4,320.00,62280.1,40.00,32405053
16/067,2016-06-16,19,22,27,29,45,48,4,,2,4,4,2,0,1,3,0,2,2,26446460.00,0.5,1377730.00,108.5,84650.00,239.5,9600.00,4964.5,640.00,6971.9,320.00,99377.9,40.00,68362653
16/066,2016-06-14,13,15,30,36,44,49,37,,2,4,3,3,0,2,1,1,2,0,0.00,4,787320.00,75.5,111230.00,223,9600.00,5350.5,640.00,6009,320.00,101368.4,40.00,64100768
16/065,2016-06-11,10,14,23,29,40,42,11,42,3,3,2,4,1,1,2,1,1,0,0.00,2.5,1104710.00,61,120730.00,209.5,9600.00,3674.9,640.00,6192.6,320.00,75133.1,40.00,54783133
16/064,2016-06-08,4,13,34,36,42,48,19,,2,4,1,5,1,1,0,2,2,0,0.00,0.5,1182070.00,53.5,117830.00,186,9600.00,3727.4,640.00,5157.7,320.00,71845,40.00,48176130
16/063,2016-06-06,2,5,8,12,20,49,47,8,5,1,2,4,3,2,0,0,1,0,0.00,1.5,671440.00,140,19200.00,175,9600.00,5356.7,640.00,4193.5,320.00,74950.5,40.00,31165111
16/062,2016-06-04,8,16,21,32,38,48,11,,3,3,1,5,1,1,1,2,1,0,0.00,1,1613960.00,68.5,62830.00,165.5,9600.00,3787.5,640.00,4452.7,320.00,61520.4,40.00,36522960
16/061,2016-06-02,3,4,19,24,26,34,38,24,4,2,2,4,2,1,2,1,0,0,0.00,1,1577280.00,45,93460.00,123.2,9600.00,3391,640.00,3386.6,320.00,61411.9,40.00,34163569
16/060,2016-05-31,21,24,36,38,39,44,49,"21,36",2,4,2,4,0,0,2,3,1,1,8000000.00,0,0.00,37.5,128470.00,142,9600.00,2720.2,640.00,3742,320.00,51042.6,40.00,36258249
16/059,2016-05-28,21,23,32,33,36,42,20,36,2,4,3,3,0,0,2,3,1,1,21775340.00,4,527960.00,88,63990.00,136,9600.00,3810,640.00,4440.1,320.00,65371.8,40.00,43057874
16/058,2016-05-26,9,15,36,38,46,48,22,46,2,4,2,4,1,1,0,2,2,0,0.00,3,622940.00,69.5,71700.00,219,9600.00,3644.9,640.00,5938,320.00,66199.9,40.00,41989634
16/057,2016-05-24,14,18,33,34,35,46,42,,2,4,2,4,0,2,0,3,1,0,0.00,0,0.00,55.5,88080.00,139,9600.00,3106.2,640.00,3762,320.00,55565.1,40.00,37368734
16/056,2016-05-21,6,13,23,25,44,48,11,,3,3,3,3,1,1,2,0,2,1,22833480.00,1,2209700.00,60,98200.00,156.5,9600.00,3626.5,640.00,5427.7,320.00,68343.1,40.00,45337573
16/055,2016-05-19,2,8,20,24,37,39,18,24,4,2,2,4,2,1,1,2,0,0,0.00,2.5,843540.00,63.5,88560.00,161.5,9600.00,3328.4,640.00,5675.5,320.00,64110.4,40.00,43538318
16/054,2016-05-17,1,19,23,24,32,40,35,,4,2,3,3,1,1,2,2,0,0,0.00,0,0.00,50,100140.00,117,9600.00,2765.6,640.00,3269,320.00,52736.3,40.00,36676426
16/053,2016-05-15,2,11,25,28,36,46,42,,2,4,2,4,1,1,2,1,1,1,13855260.00,1,1951750.00,76,68480.00,175,9600.00,4174.5,640.00,4550,320.00,81800.6,40.00,43293096
16/052,2016-05-12,4,12,19,20,27,49,21,20,4,2,3,3,1,3,1,0,1,0,0.00,1.5,1109510.00,61,72750.00,144.5,9600.00,3479.4,640.00,4339.2,320.00,62253.2,40.00,36454079
16/051,2016-05-10,20,26,28,32,40,45,43,,1,5,1,5,0,1,2,2,1,2,84659780.00,9.5,1880270.00,572,83270.00,1072,9600.00,27315.1,640.00,31992.9,320.00,509572.1,40.00,350471901
16/050,2016-05-05,6,7,12,15,27,36,29,,4,2,3,3,2,2,1,1,0,0,0.00,15,664670.00,513,51820.00,1172.4,9600.00,25463.5,640.00,29673.3,320.00,433678.6,40.00,235990985
16/049,2016-04-30,11,20,28,29,44,49,40,28,2,4,3,3,0,2,2,0,2,0,0.00,2,3482800.00,212,87610.00,613,9600.00,11979.5,640.00,17886.4,320.00,234383.8,40.00,147556973
16/048,2016-04-26,1,3,25,27,28,45,12,,2,4,5,1,2,0,3,0,1,0,0.00,5,705190.00,152,61850.00,490,9600.00,10931.6,640.00,13949.4,320.00,181787.1,40.00,91234839
16/047,2016-04-23,2,10,16,35,46,47,49,,3,3,2,4,2,1,0,1,2,0,0.00,1.5,2242310.00,89.5,100210.00,226.5,9600.00,5551,640.00,7470.5,320.00,103025.8,40.00,68295359
16/046,2016-04-21,3,5,14,15,39,41,21,5,4,2,5,1,2,2,0,1,1,0,0.00,1,3062560.00,78.5,104030.00,206,9600.00,4340.1,640.00,6601.9,320.00,85438.7,40.00,60595924
16/045,2016-04-19,5,8,30,34,45,48,3,45,2,4,2,4,2,0,1,1,2,0,0.00,1,2427070.00,75.5,85720.00,236,9600.00,4381,640.00,6471.8,320.00,79439.6,40.00,52034790
16/044,2016-04-17,16,24,28,35,45,46,38,46,2,4,2,4,0,1,2,1,2,0,0.00,2,1054360.00,77,73020.00,227,9600.00,4130,640.00,5657,320.00,72634.6,40.00,46271339
16/043,2016-04-14,14,21,25,27,44,46,3,"21,25,46",2,4,3,3,0,1,3,0,2,0,0.00,1,2151790.00,50,114760.00,150.5,9600.00,2989,640.00,4681.6,320.00,59126.2,40.00,42564768
16/042,2016-04-12,21,25,28,33,46,48,10,,1,5,3,3,0,0,3,1,2,0.5,15005990.00,3.5,720630.00,77,87350.00,198,9600.00,3940,640.00,5750.5,320.00,75207,40.00,51386592
16/041,2016-04-09,3,6,13,38,43,44,31,,3,3,3,3,2,1,0,1,2,0,0.00,1,1915350.00,66.5,76800.00,167,9600.00,3645.7,640.00,4551.4,320.00,66922.8,40.00,40929150
16/040,2016-04-07,8,21,25,32,34,45,31,21,2,4,3,3,1,0,2,2,1,0.5,15447620.00,0.5,1251585.00,75,89000.00,156.4,9600.00,3446.2,640.00,4884,320.00,68212.2,40.00,48771580
16/039,2016-04-05,4,10,21,30,35,43,7,4,3,3,3,3,2,0,2,1,1,0,0.00,1,2124200.00,64.5,87820.00,233.5,9600.00,3346.5,640.00,6573.6,320.00,65407.2,40.00,45676156
16/038,2016-04-02,4,6,29,34,36,45,47,,2,4,2,4,2,0,1,2,1,0,0.00,0.5,1110060.00,84.5,70060.00,175,9600.00,4687.9,640.00,4740,320.00,81219.3,40.00,47612006
16/037,2016-03-29,9,12,13,22,30,31,28,,4,2,3,3,1,2,2,1,0,0.5,9242675.00,1,1472950.00,153.4,25600.00,274.5,9600.00,6433,640.00,7091.1,320.00,94176.5,40.00,43665541
16/036,2016-03-26,17,24,38,44,46,47,27,46,2,4,2,4,0,1,1,1,3,0,0.00,2,874100.00,34.5,135120.00,125,9600.00,2248,640.00,3964,320.00,46757.5,40.00,34416587
16/035,2016-03-24,16,18,21,25,35,46,13,18,3,3,3,3,0,2,2,1,1,0,0.00,0.5,821840.00,34.5,127040.00,105.5,9600.00,2105.9,640.00,3119.8,320.00,41745.1,40.00,31611728
16/034,2016-03-22,5,10,18,24,27,49,39,,4,2,3,3,2,1,2,0,1,2,8048860.00,1,1595710.00,86.5,61490.00,127.5,9600.00,4512.9,640.00,4208.6,320.00,81905.9,40.00,43237087
16/033,2016-03-19,23,25,35,39,42,43,14,,1,5,5,1,0,0,2,2,2,0,0.00,0,0.00,36,127020.00,90.7,9600.00,2248.7,640.00,2909.2,320.00,41897.3,40.00,32370053
16/032,2016-03-17,3,8,15,16,17,38,35,,5,1,3,3,2,3,0,1,0,3,9717420.00,3,606620.00,241,20130.00,320.5,9600.00,7770.4,640.00,7838,320.00,118119.4,40.00,52991029
16/031,2016-03-15,1,6,19,26,28,41,39,41,3,3,3,3,2,1,2,0,1,0,0.00,0,0.00,97.5,62360.00,172.5,9600.00,4407,640.00,5129.8,320.00,82839.6,40.00,48401450
16/030,2016-03-12,3,23,33,36,41,49,2,33,2,4,5,1,1,0,1,2,2,0,0.00,1,1900790.00,42,120680.00,155.5,9600.00,3042.6,640.00,4433.8,320.00,59373.4,40.00,39183478
16/029,2016-03-10,9,14,24,30,33,48,43,30,3,3,2,4,1,1,2,1,1,0,0.00,0.5,869235.00,48,96580.00,124,9600.00,2811,640.00,3402,320.00,57177.3,40.00,35372752
16/028,2016-03-08,3,4,16,30,34,39,14,,3,3,2,4,2,1,1,2,0,1.5,14174240.00,4,585560.00,194.5,32110.00,247.7,9600.00,5460.9,640.00,6128.2,320.00,84314.4,40.00,52529547
16/027,2016-03-05,17,26,29,32,48,49,40,,1,5,3,3,0,1,2,1,2,0,0.00,2.5,644500.00,85.5,50250.00,322.5,9600.00,3674.5,640.00,6972.6,320.00,64001.7,40.00,40820572
16/026,2016-03-03,1,2,5,7,16,45,33,16,5,1,4,2,4,1,0,0,1,0,0.00,0,0.00,60.5,61740.00,144.5,9600.00,5587,640.00,4546.9,320.00,85416.6,40.00,37216037
16/025,2016-03-01,11,16,19,21,30,33,31,11,4,2,4,2,0,3,2,1,0,5,27218060.00,24,848470.00,795,68300.00,1980.5,9600.00,40930.4,640.00,54231.2,320.00,732713.6,40.00,446395296
16/024,2016-02-27,6,9,11,20,27,44,42,6,4,2,3,3,2,2,1,0,1,1,29307500.00,1,2238990.00,135.5,44060.00,215,9600.00,6817.9,640.00,5987.6,320.00,113157,40.00,54208592
16/023,2016-02-25,3,6,22,24,45,47,7,"24,45",4,2,3,3,2,0,2,0,2,0,0.00,1.5,1572550.00,62.5,100640.00,196,9600.00,4027.5,640.00,6521.2,320.00,79291.9,40.00,49997292
16/022,2016-02-23,9,15,24,27,44,45,47,44,3,3,4,2,1,1,2,0,2,0,0.00,2,1252330.00,82.5,80950.00,182,9600.00,4323.1,640.00,5321,320.00,78089.3,40.00,51276856
16/021,2016-02-20,12,20,39,44,47,49,45,"20,39",2,4,3,3,0,2,0,1,3,0,0.00,1,1770980.00,34,138900.00,109,9600.00,2314,640.00,3956.5,320.00,46195.9,40.00,34473261
16/020,2016-02-18,13,20,38,39,41,45,46,,2,4,4,2,0,2,0,2,2,1,24693930.00,3,880810.00,64,110100.00,159,9600.00,3766,640.00,4555,320.00,72810.6,40.00,51232046
16/019,2016-02-16,18,21,22,34,42,43,24,43,3,3,2,4,0,1,2,1,2,0,0.00,2,1180400.00,73,86230.00,206.5,9600.00,3873.7,640.00,4948.7,320.00,66958.4,40.00,48182858
16/018,2016-02-13,8,14,24,29,36,43,31,,3,3,2,4,1,1,2,1,1,0,0.00,0,0.00,58.5,76770.00,104,9600.00,2685.1,640.00,3455.6,320.00,51241.1,40.00,33723116
16/017,2016-02-11,3,4,17,30,35,47,10,,3,3,4,2,2,1,1,1,1,1,54916660.00,7,805550.00,161,93390.00,567.5,9600.00,9372.8,640.00,15855.7,320.00,178770.8,40.00,120336644
16/016,2016-02-07,11,13,15,19,21,29,41,"13,15",5,1,6,0,0,4,2,0,0,1,8000000.00,2,809280.00,211.5,20400.00,172,9600.00,5874.8,640.00,4092.2,320.00,64366.6,40.00,39171989
16/015,2016-02-04,7,13,15,35,38,45,32,,3,3,5,1,1,2,0,2,1,1,8000000.00,1,1594170.00,71,59870.00,168,9600.00,4039.7,640.00,4042.3,320.00,62855.7,40.00,36453488
16/014,2016-02-02,18,28,30,33,34,36,2,,1,5,1,5,0,1,2,3,0,1.5,19497340.00,2,1157580.00,119.5,51660.00,284.5,9600.00,5857.6,640.00,8184.8,320.00,97036.3,40.00,55447401
16/013,2016-01-30,1,5,29,32,39,44,4,,2,4,4,2,2,0,1,2,1,0,0.00,1.5,1557300.00,57.5,108330.00,136.5,9600.00,2867.5,640.00,4904.7,320.00,60458.6,40.00,44901369
16/012,2016-01-28,8,20,30,34,42,48,36,,2,4,0,6,1,1,1,1,2,0,0.00,3,639230.00,71,72020.00,149,9600.00,3274.5,640.00,4331.6,320.00,65298.4,40.00,39950603
16/011,2016-01-26,5,9,22,26,27,40,13,,3,3,3,3,2,0,3,1,0,0,0.00,0.5,791350.00,54.5,77440.00,228.2,9600.00,3933,640.00,5765.2,320.00,71913,40.00,38933594
16/010,2016-01-23,7,8,12,14,23,32,5,12,5,1,2,4,2,2,1,1,0,0.5,4000000.00,4.5,213230.00,89,28750.00,254.2,9600.00,4011.9,640.00,6440,320.00,63518,40.00,30813059
16/009,2016-01-21,2,12,33,40,45,47,9,,2,4,3,3,1,1,0,2,2,1,22509740.00,3,703480.00,71.5,78710.00,212,9600.00,4455.5,640.00,5948,320.00,72555.9,40.00,46580521
16/008,2016-01-19,8,18,20,25,30,39,13,,3,3,2,4,1,2,2,1,0,0.5,16178395.00,1,2604500.00,107,64900.00,238,9600.00,6539.8,640.00,7476.6,320.00,114917,40.00,60259413
16/007,2016-01-16,1,2,6,37,40,43,24,"1,2",3,3,3,3,3,0,0,2,1,0,0.00,0,0.00,46,134580.00,133,9600.00,2666.5,640.00,4126.6,320.00,62477.4,40.00,44094640
16/006,2016-01-14,1,2,10,23,32,49,26,,4,2,3,3,3,0,1,1,1,0.5,15256835.00,1.5,1437890.00,151,38090.00,341.7,9600.00,6896.3,640.00,8058.3,320.00,112766.1,40.00,56637640
16/005,2016-01-12,8,13,15,35,44,45,47,"8,15,45",3,3,4,2,1,2,0,1,2,0,0.00,1,2492050.00,59.5,111680.00,144.5,9600.00,4134.6,640.00,4822,320.00,73070.4,40.00,49548124
16/004,2016-01-10,4,8,15,18,30,45,38,,4,2,2,4,2,2,1,0,1,0,0.00,0,0.00,72,73160.00,179.5,9600.00,4161.8,640.00,5349.5,320.00,74797.6,40.00,43632963
16/003,2016-01-07,6,9,11,29,43,47,8,,3,3,5,1,2,1,1,0,2,0,0.00,0.5,665650.00,84,42260.00,213,9600.00,3534.9,640.00,6759.1,320.00,64798.3,40.00,34842788
16/002,2016-01-05,2,5,7,18,30,45,11,,4,2,3,3,3,1,1,0,1,1.5,53159400.00,9,559800.00,238,56450.00,749,9600.00,12040.3,640.00,18964.4,320.00,212019.3,40.00,122881098
16/001,2016-01-02,6,8,11,32,34,41,47,11,3,3,2,4,2,1,0,2,1,0,0.00,1,5541450.00,145,101910.00,371.5,9600.00,8840.7,640.00,10724.5,320.00,177015.5,40.00,111729038
15/152,2015-12-31,2,11,12,22,24,25,3,,5,1,2,4,1,2,3,0,0,0,0.00,6.5,282810.00,250.5,19560.00,616,9600.00,9605.8,640.00,11912.5,320.00,132935,40.00,62348733
15/151,2015-12-29,3,5,20,30,33,38,28,33,3,3,3,3,2,1,1,2,0,0,0.00,2.5,964550.00,102.5,62730.00,272.5,9600.00,5353.9,640.00,7948.4,320.00,96372.6,40.00,55753074
15/150,2015-12-26,1,8,33,37,42,47,7,"33,47",2,4,4,2,2,0,0,2,2,0,0.00,1,1984620.00,40,132300.00,194,9600.00,3033.2,640.00,6474,320.00,59678.4,40.00,42225661
15/149,2015-12-24,12,18,20,28,33,47,25,28,3,3,2,4,0,3,1,1,1,0,0.00,1,1915970.00,63,81090.00,196.5,9600.00,4123.7,640.00,5832.2,320.00,75966.6,40.00,43457391
15/148,2015-12-22,11,28,36,38,44,48,26,11,1,5,1,5,0,1,1,2,2,0,0.00,2,905760.00,59,81870.00,159.5,9600.00,3432.5,640.00,4553.2,320.00,65407.3,40.00,39023464
15/147,2015-12-20,6,11,16,20,43,45,21,"20,45",4,2,3,3,1,3,0,0,2,0,0.00,2,819560.00,38.5,113530.00,100,9600.00,2368.7,640.00,3371.2,320.00,46892.6,40.00,32293857
15/146,2015-12-17,18,20,24,36,44,45,39,18,3,3,1,5,0,2,1,1,2,1,21007130.00,1.5,1420580.00,51.5,110330.00,135.5,9600.00,3144.6,640.00,4071.2,320.00,58278.1,40.00,41774248
15/145,2015-12-15,18,22,40,41,48,49,42,18,2,4,2,4,0,1,1,1,3,0,0.00,3,552120.00,65,67950.00,340,9600.00,3661,640.00,5262.5,320.00,62980.2,40.00,40638725
15/144,2015-12-12,16,18,27,35,42,44,33,,2,4,2,4,0,2,1,1,2,0,0.00,0,0.00,38,115460.00,106,9600.00,1966.2,640.00,3183.3,320.00,39306.4,40.00,31334690
15/143,2015-12-10,9,24,29,32,34,47,42,9,2,4,3,3,1,0,2,2,1,1,8000000.00,0,0.00,54,80060.00,97.5,9600.00,2250.2,640.00,2854.5,320.00,43917.2,40.00,31340945
15/142,2015-12-08,9,10,25,40,48,49,32,,2,4,3,3,2,0,1,1,2,1,12180010.00,3.5,398090.00,190.5,19500.00,208.5,9600.00,6914.2,640.00,4494,320.00,87884.5,40.00,39977331
15/141,2015-12-05,6,16,19,34,35,46,9,,3,3,2,4,1,2,0,2,1,0,0.00,2,590000.00,70,44950.00,194.5,9600.00,3224.5,640.00,4681.4,320.00,49822.1,40.00,29752829
15/140,2015-12-03,4,11,14,41,42,44,10,,3,3,2,4,1,2,0,0,3,1,12596600.00,3,510730.00,152.5,26790.00,232,9600.00,4074.7,640.00,5000,320.00,63213.2,40.00,37386018
15/139,2015-12-01,8,9,10,22,33,40,28,,4,2,2,4,3,0,1,2,0,0,0.00,2,504830.00,102.5,26260.00,289,9600.00,5443.2,640.00,7636.5,320.00,80157.9,40.00,34244736
15/138,2015-11-28,15,21,24,25,28,31,48,25,3,3,4,2,0,1,4,1,0,1,34943110.00,1,2407920.00,67,95830.00,184,9600.00,3970.4,640.00,5548,320.00,77973.3,40.00,49707832
15/137,2015-11-26,10,17,25,26,39,44,7,"17,44",2,4,3,3,1,1,2,1,1,0,0.00,3.5,639620.00,66.5,89770.00,181,9600.00,3506.2,640.00,5731.4,320.00,68112,40.00,46186621
15/136,2015-11-24,17,21,22,36,41,44,38,,3,3,3,3,0,1,2,1,2,0,0.00,1,2104080.00,68.5,81910.00,165,9600.00,3505.7,640.00,4258.7,320.00,65920.1,40.00,43040391
15/135,2015-11-22,9,20,30,33,38,39,37,,2,4,3,3,1,1,1,3,0,0,0.00,1,1662230.00,76,58320.00,241,9600.00,4028.9,640.00,5068.4,320.00,69535.1,40.00,39764633
15/134,2015-11-19,13,15,25,40,41,48,19,13,2,4,4,2,0,2,1,1,2,0,0.00,0,0.00,27,168320.00,85,9600.00,1997,640.00,2569.5,320.00,39457.4,40.00,31445008
15/133,2015-11-17,12,13,31,33,35,47,21,13,2,4,5,1,0,2,0,3,1,1,32376390.00,4.5,526740.00,80,79010.00,232.5,9600.00,4364.5,640.00,5809.8,320.00,76284,40.00,50557246
15/132,2015-11-15,13,15,24,28,41,45,20,"24,28,45",3,3,4,2,0,2,2,0,2,0,0.00,0,0.00,49,129710.00,138.5,9600.00,3005,640.00,4657,320.00,59765.9,40.00,45547271
15/131,2015-11-12,10,20,24,28,33,45,19,28,3,3,2,4,1,1,2,1,1,0,0.00,2,991400.00,43,122960.00,136,9600.00,2861.9,640.00,4410.2,320.00,60092.3,40.00,39774538
15/130,2015-11-10,4,14,28,42,43,47,3,,2,4,2,4,1,1,1,0,3,0,0.00,0,0.00,60,79230.00,123.5,9600.00,2861,640.00,4029.1,320.00,52632,40.00,36058986
15/129,2015-11-07,6,16,27,34,44,48,1,"27,44",2,4,1,5,1,1,1,1,2,1,26249980.00,0.5,1181975.00,66.5,94790.00,143,9600.00,3470,640.00,4833.9,320.00,65948.9,40.00,46475420
15/128,2015-11-05,5,10,11,25,27,44,7,25,3,3,4,2,2,1,2,0,1,0,0.00,1,1437610.00,108.5,35330.00,418.5,9600.00,5360.6,640.00,9375.9,320.00,87532.3,40.00,45336898
15/127,2015-11-03,7,12,13,25,34,38,15,,3,3,3,3,1,2,1,2,0,0,0.00,2.5,728910.00,74,65660.00,220,9600.00,4385.3,640.00,5679.6,320.00,75836.4,40.00,42814140
15/126,2015-10-31,4,10,28,37,42,48,8,4,2,4,1,5,2,0,1,1,2,0,0.00,0,0.00,43,85480.00,156.5,9600.00,2437.5,640.00,5094.1,320.00,47145.9,40.00,30882745
15/125,2015-10-29,4,5,6,22,31,46,47,"22,31",4,2,2,4,3,0,1,1,1,2,20611170.00,3.5,1068790.00,116,85990.00,259,9600.00,7202.6,640.00,8127,320.00,138218,40.00,78945235
15/124,2015-10-27,20,22,31,33,39,44,10,,2,4,3,3,0,1,1,3,1,0,0.00,1,1530040.00,54.5,74860.00,234.2,9600.00,2907,640.00,5074,320.00,53967.1,40.00,35370900
15/123,2015-10-24,18,27,28,34,35,45,2,,1,5,3,3,0,1,2,2,1,1,36592660.00,1.5,1864490.00,129,57810.00,186.7,9600.00,5017.3,640.00,5983.8,320.00,86969.7,40.00,57196145
15/122,2015-10-21,1,14,16,25,40,48,17,,3,3,2,4,1,2,1,1,1,0,0.00,2.5,974000.00,66,98380.00,156.5,9600.00,3102,640.00,5421.3,320.00,67113.6,40.00,47677752
15/121,2015-10-19,7,11,15,38,39,46,25,,3,3,4,2,1,2,0,2,1,0,0.00,0.5,810140.00,43.5,99320.00,146.5,9600.00,2608,640.00,4269.2,320.00,51052.8,40.00,33988939
15/120,2015-10-17,2,12,19,33,34,48,24,"33,34",3,3,2,4,1,2,0,2,1,0,0.00,1,1851340.00,47.5,103930.00,164.5,9600.00,2803.7,640.00,4379.5,320.00,55178.8,40.00,38046569
15/119,2015-10-15,17,18,26,30,33,34,29,"30,33,34",2,4,2,4,0,2,2,2,0,0,0.00,0,0.00,51,87440.00,126.5,9600.00,2932.1,640.00,3407.2,320.00,49794.7,40.00,34119797
15/118,2015-10-13,1,4,22,30,33,34,26,"4,22",3,3,2,4,2,0,2,2,0,1,36835940.00,1,2843430.00,58,130730.00,205.7,9600.00,4889.4,640.00,6235,320.00,93681.5,40.00,58661876
15/117,2015-10-11,4,21,22,35,36,46,40,,3,3,2,4,1,0,2,2,1,0,0.00,2,1335070.00,95,74950.00,171.5,9600.00,5149.2,640.00,4922.6,320.00,91626.1,40.00,55081039
15/116,2015-10-08,8,17,28,34,39,40,14,,2,4,2,4,1,1,1,3,0,0,0.00,2,1161390.00,48.5,127710.00,162,9600.00,3759.6,640.00,5205.4,320.00,72623.1,40.00,47312626
15/115,2015-10-06,2,7,9,22,32,46,26,,4,2,2,4,3,0,1,1,1,0,0.00,2.5,710230.00,62,76360.00,213.5,9600.00,4700.7,640.00,6220.4,320.00,83234.4,40.00,43307363
15/114,2015-10-03,8,10,16,30,39,40,6,10,3,3,1,5,2,1,1,2,0,0,0.00,3,468450.00,79.5,47140.00,250.5,9600.00,3971,640.00,6249.5,320.00,65729.4,40.00,36798072
15/113,2015-09-30,9,10,23,28,37,46,34,37,3,3,3,3,2,0,2,1,1,3.5,25355030.00,10,610110.00,236.5,68790.00,611,9600.00,13621.9,640.00,15126.2,320.00,236356.2,40.00,136250054
15/112,2015-09-26,6,15,16,18,37,43,2,"15,16",4,2,3,3,1,3,0,1,1,0,0.00,3.5,1290970.00,138.5,86990.00,347.5,9600.00,7054.3,640.00,10490.9,320.00,139397.6,40.00,92380671
15/111,2015-09-24,4,10,15,16,24,28,49,,5,1,1,5,2,2,2,0,0,0,0.00,4.5,879140.00,226.7,46530.00,410.5,9600.00,10524.2,640.00,11279.5,320.00,179681.7,40.00,93436580
15/110,2015-09-22,2,11,12,25,36,43,10,,3,3,3,3,1,2,1,1,1,0.5,45015655.00,11.5,752350.00,307,75150.00,1025.5,9600.00,18661.2,640.00,28803.1,320.00,338507.1,40.00,199871814
15/109,2015-09-17,1,4,9,17,35,41,37,17,4,2,5,1,3,1,0,1,1,0,0.00,4,903420.00,155.5,61970.00,385,9600.00,9508.5,640.00,10275.2,320.00,162885.5,40.00,85294212
15/108,2015-09-15,3,5,17,22,25,27,46,"5,25",4,2,5,1,2,1,3,0,0,0,0.00,0,0.00,160.5,56960.00,232.5,9600.00,8137.3,640.00,7270,320.00,138631.1,40.00,74871295
15/107,2015-09-12,5,13,21,25,38,40,17,13,3,3,4,2,1,1,2,2,0,0,0.00,2,1443200.00,83,92730.00,242.5,9600.00,4409.3,640.00,6562.6,320.00,86270.6,40.00,58975220
15/106,2015-09-10,1,11,13,23,35,36,34,"1,13",4,2,5,1,1,2,1,2,0,0,0.00,2.5,919780.00,101,60710.00,318,9600.00,4881.4,640.00,6092.4,320.00,89487.7,40.00,52873907
15/105,2015-09-08,1,4,13,22,32,41,26,,4,2,3,3,2,1,1,1,1,0,0.00,2,1146750.00,142,43070.00,183.7,9600.00,5278,640.00,5403.3,320.00,87031.9,40.00,50285222
15/104,2015-09-05,15,16,20,26,36,40,46,"16,36",3,3,1,5,0,3,1,2,0,0,0.00,2,859410.00,77.5,59140.00,308.5,9600.00,3683,640.00,6787.5,320.00,61644.1,40.00,41756615
15/103,2015-09-03,12,16,34,36,42,45,41,36,2,4,1,5,0,2,0,2,2,0,0.00,1,1905160.00,54.5,93210.00,104,9600.00,2885,640.00,3864.7,320.00,51583.6,40.00,37226144
15/102,2015-09-01,5,6,8,10,31,36,17,,4,2,2,4,4,0,0,2,0,0.5,6208795.00,3.5,405330.00,142.5,26540.00,260,9600.00,6163,640.00,6554.6,320.00,97650.5,40.00,42290675
15/101,2015-08-29,9,22,28,32,37,39,47,"9,39",2,4,3,3,1,0,2,3,0,0.5,8161595.00,2.5,789370.00,87,60480.00,173.5,9600.00,3500.8,640.00,4363,320.00,65686,40.00,41457798
15/100,2015-08-27,9,13,29,30,39,45,48,39,2,4,5,1,1,1,2,1,1,0,0.00,0,0.00,65,57100.00,244.5,9600.00,4087.7,640.00,6894.5,320.00,68524,40.00,37238226
15/099,2015-08-25,3,15,16,39,41,42,36,,3,3,4,2,1,2,0,1,2,0.5,4000000.00,0.5,834675.00,84.5,52680.00,134.5,9600.00,3437.7,640.00,3480,320.00,57052,40.00,35401366
15/098,2015-08-22,2,26,31,32,36,37,12,32,1,5,2,4,1,0,1,4,0,1,58071620.00,1.5,2566450.00,87,117990.00,288.5,9600.00,5871.1,640.00,9503.6,320.00,110483.2,40.00,78130351
15/097,2015-08-20,4,5,18,23,32,44,6,,4,2,2,4,2,1,1,1,1,0,0.00,2.5,1101350.00,171,42930.00,339.5,9600.00,7031.7,640.00,9174.4,320.00,115030.6,40.00,65681205
15/096,2015-08-18,7,17,34,41,43,49,1,,2,4,5,1,1,1,0,1,3,0,0.00,7.5,325240.00,198,32850.00,409,9600.00,8239,640.00,9393,320.00,113000.2,40.00,64066249
15/095,2015-08-15,2,6,13,25,30,33,20,,3,3,3,3,2,1,2,1,0,0,0.00,3,718270.00,103.7,55410.00,286.5,9600.00,5339.2,640.00,7696.8,320.00,95337,40.00,52278102
15/094,2015-08-13,1,4,8,21,22,24,46,22,6,0,2,4,3,0,3,0,0,0,0.00,0,0.00,154,33850.00,156.5,9600.00,6647.6,640.00,4413,320.00,104930.8,40.00,47576462
15/093,2015-08-11,22,26,27,28,36,47,12,,1,5,2,4,0,0,4,1,1,0.5,16658455.00,1,2709820.00,132.5,54530.00,231.2,9600.00,5846.6,640.00,7516.6,320.00,103898.6,40.00,59953302
15/092,2015-08-08,10,12,19,25,42,46,37,42,3,3,2,4,1,2,1,0,2,0,0.00,6.5,306240.00,88.5,59970.00,356,9600.00,4487.8,640.00,5825.6,320.00,78218.9,40.00,47899342
15/091,2015-08-06,22,23,35,40,41,42,16,23,2,4,3,3,0,0,2,2,2,0,0.00,4,521290.00,65,85540.00,221.5,9600.00,3442.5,640.00,5385.2,320.00,63284.9,40.00,44185876
15/090,2015-08-04,5,9,13,15,21,23,12,,6,0,6,0,2,2,2,0,0,0.5,12960180.00,3.5,561690.00,132.5,39560.00,404,9600.00,6184.1,640.00,9696.8,320.00,105555.1,40.00,54747865
15/089,2015-08-01,14,20,28,31,32,47,18,,2,4,2,4,0,2,1,2,1,0,0.00,1,2285480.00,41,148640.00,143.5,9600.00,3017.2,640.00,4609.9,320.00,59569.5,40.00,44277853
15/088,2015-07-30,4,5,11,17,24,48,46,,5,1,3,3,2,2,1,0,1,0,0.00,1.5,1148020.00,63.7,72080.00,135.5,9600.00,4109.4,640.00,4079.5,320.00,75911.1,40.00,38682123
15/087,2015-07-28,12,25,32,33,34,35,45,,1,5,3,3,0,1,1,4,0,0,0.00,1,1406640.00,61,61490.00,119.5,9600.00,3622.2,640.00,3375.7,320.00,51875.5,40.00,31343999
15/086,2015-07-26,4,11,15,26,28,30,13,,3,3,2,4,1,2,3,0,0,1,79746130.00,11.5,458040.00,309.9,45320.00,713.5,9600.00,14163.2,640.00,18019,320.00,236012.5,40.00,129093710
15/085,2015-07-23,10,33,40,43,45,49,38,,1,5,4,2,1,0,0,2,3,0,0.00,5,830640.00,138.5,79960.00,368,9600.00,8167,640.00,10749.5,320.00,147060.9,40.00,89830641
15/084,2015-07-21,4,14,15,19,41,42,10,,4,2,3,3,1,3,0,0,2,0,0.00,3.5,1284170.00,151.5,79110.00,393.5,9600.00,7883,640.00,10587.7,320.00,140135.4,40.00,93970000
15/083,2015-07-18,13,20,23,24,46,47,39,23,4,2,3,3,0,2,2,0,2,0,0.00,2.5,963310.00,47.5,135200.00,99,9600.00,2930.2,640.00,3811.5,320.00,57772.1,40.00,44443353
15/082,2015-07-16,16,18,22,23,35,38,25,38,4,2,2,4,0,2,2,2,0,0,0.00,2,973270.00,89,58320.00,202.6,9600.00,3851.3,640.00,4752.3,320.00,68226,40.00,42444471
15/081,2015-07-14,7,8,10,13,20,38,5,,5,1,2,4,3,2,0,1,0,0,0.00,5.5,222910.00,101.5,32210.00,377.2,9600.00,5986.9,640.00,8843.4,320.00,94863.8,40.00,41582761
15/080,2015-07-11,2,5,17,22,27,28,37,28,4,2,3,3,2,1,3,0,0,0,0.00,1,1476960.00,107,36800.00,290.4,9600.00,5274.5,640.00,6763.4,320.00,82816.9,40.00,41593905
15/079,2015-07-07,9,19,28,29,38,40,33,9,2,4,3,3,1,1,2,2,0,1,39075670.00,3,918370.00,159.5,46060.00,302,9600.00,7000.2,640.00,7969.4,320.00,112634.8,40.00,64109325
15/078,2015-07-04,9,24,32,34,43,47,35,32,2,4,3,3,1,0,1,2,2,0,0.00,1.5,1701090.00,83,81980.00,158.5,9600.00,4005.5,640.00,4999.3,320.00,74191.2,40.00,50640479
15/077,2015-07-02,4,11,23,32,44,48,49,,3,3,2,4,1,1,1,1,2,0,0.00,3.5,580000.00,89.5,60480.00,221,9600.00,4104.5,640.00,5833.5,320.00,71145.3,40.00,45061164
15/076,2015-06-30,12,14,21,27,38,43,15,43,3,3,3,3,0,2,2,1,1,0.5,17065280.00,4.5,597660.00,57.7,124290.00,242.5,9600.00,4221.1,640.00,5988.8,320.00,83364.2,40.00,55525175
15/075,2015-06-28,8,9,18,33,41,43,15,,3,3,4,2,2,1,0,1,2,0,0.00,1.5,1424160.00,100.5,56680.00,310.7,9600.00,5168.7,640.00,5855.4,320.00,92754,40.00,50971766
15/074,2015-06-25,1,5,26,28,40,49,15,26,2,4,3,3,2,0,2,1,1,0,0.00,0.5,970805.00,77,67240.00,189.5,9600.00,3914.2,640.00,5364.6,320.00,74057.1,40.00,43013877
15/073,2015-06-23,3,10,26,33,42,46,44,42,2,4,2,4,2,0,1,1,2,0,0.00,3,539750.00,72.5,59550.00,285,9600.00,3403,640.00,6761.5,320.00,62638.8,40.00,39714477
15/072,2015-06-20,12,16,31,34,42,48,37,12,2,4,1,5,0,2,0,2,2,0,0.00,1,1531380.00,33,123740.00,93.5,9600.00,1873,640.00,2811.5,320.00,38828.8,40.00,29200200
15/071,2015-06-18,4,11,12,24,35,46,3,24,4,2,2,4,1,2,1,1,1,1,57974970.00,3.5,1215940.00,153.5,73930.00,446.5,9600.00,7693.8,640.00,11963.9,320.00,145512.6,40.00,92662145
15/070,2015-06-16,13,16,24,26,40,44,42,"24,26",3,3,1,5,0,2,2,1,1,0,0.00,7,724160.00,140,96550.00,430,9600.00,7745.1,640.00,12354.5,320.00,147670.4,40.00,103855355
15/069,2015-06-13,10,12,24,25,26,33,23,10,3,3,2,4,1,1,3,1,0,0,0.00,5,324830.00,86.5,50070.00,225,9600.00,4130.5,640.00,5700.3,320.00,70386.1,40.00,39521829
15/068,2015-06-11,10,13,35,38,42,44,27,,2,4,2,4,1,1,0,2,2,0,0.00,2,920600.00,46.5,105580.00,129,9600.00,2898.5,640.00,3713.3,320.00,55580.5,40.00,37025285
15/067,2015-06-09,7,12,16,17,20,25,31,,5,1,3,3,1,4,1,0,0,0,0.00,1,1382040.00,66.5,55420.00,189.5,9600.00,3867.1,640.00,4338.9,320.00,67489.8,40.00,34272364
15/066,2015-06-06,9,11,14,22,27,49,44,49,4,2,4,2,1,2,2,0,1,1,12204300.00,1,1401430.00,66.5,56190.00,169.5,9600.00,4860,640.00,4516,320.00,70746.3,40.00,35702780
15/065,2015-06-04,18,24,28,31,39,49,44,,2,4,3,3,0,1,2,2,1,0,0.00,1,1635630.00,42.5,102620.00,71.5,9600.00,2596.5,640.00,2848.5,320.00,50018.1,40.00,31931576
15/064,2015-06-02,11,12,15,21,38,42,25,42,4,2,3,3,0,3,1,1,1,1.5,5333330.00,1,1656520.00,55.5,79590.00,116.5,9600.00,2796.2,640.00,3922.3,320.00,53107.8,40.00,34116961
15/063,2015-05-30,9,16,28,36,42,45,2,,2,4,2,4,1,1,1,1,2,1,21484090.00,1,1915660.00,73.5,69500.00,184,9600.00,3843.2,640.00,4658.3,320.00,69343.1,40.00,41712166
15/062,2015-05-28,2,7,20,23,44,47,30,7,4,2,3,3,2,1,1,0,2,0.5,14486940.00,0.5,1250170.00,58,114950.00,115,9600.00,3323.5,640.00,4662.9,320.00,68285.7,40.00,47726247
15/061,2015-05-26,7,10,15,37,42,45,41,"10,45",3,3,4,2,2,1,0,1,2,0.5,21472840.00,1.5,2149960.00,84.5,101770.00,210.5,9600.00,4866.7,640.00,6025.4,320.00,93337.6,40.00,63746524
15/060,2015-05-23,5,10,13,43,44,45,7,,3,3,4,2,2,1,0,0,3,0,0.00,0,0.00,76,82320.00,176,9600.00,3530,640.00,5141.2,320.00,68631.6,40.00,47273723
15/059,2015-05-21,16,18,19,36,42,47,46,,3,3,2,4,0,3,0,1,2,0,0.00,0,0.00,62.5,92690.00,168.5,9600.00,3549.9,640.00,4968,320.00,65691.3,40.00,44488341
15/058,2015-05-19,21,27,28,33,37,48,13,"21,37",1,5,4,2,0,0,3,2,1,0,0.00,0.5,909565.00,55.5,87400.00,141.5,9600.00,3279.7,640.00,4258.3,320.00,60569.1,40.00,38092299
15/057,2015-05-17,21,32,36,37,44,46,47,,1,5,2,4,0,0,1,3,2,0,0.00,0.5,828360.00,36,122720.00,106,9600.00,2104.7,640.00,2992.5,320.00,42264.2,40.00,31759150
15/056,2015-05-14,5,17,22,34,38,48,2,,3,3,2,4,1,1,1,2,1,1,48719960.00,1.5,2227730.00,160,55690.00,266,9600.00,6947.5,640.00,7995.2,320.00,121473.8,40.00,72033316
15/055,2015-05-12,3,7,15,25,26,47,10,15,3,3,5,1,2,1,2,0,1,0,0.00,2,1314050.00,111.5,62850.00,347.2,9600.00,6043.8,640.00,9891.7,320.00,108291.3,40.00,62873572
15/054,2015-05-10,2,13,15,38,39,44,8,,3,3,3,3,1,2,0,2,1,0,0.00,1,2741590.00,76,96190.00,208.5,9600.00,4515.5,640.00,7020.9,320.00,81919.2,40.00,56481277
15/053,2015-05-07,3,7,14,21,25,29,6,,4,2,5,1,2,1,3,0,0,0,0.00,5,367840.00,91.2,53770.00,260.7,9600.00,5383.3,640.00,7807.4,320.00,85449.3,40.00,46923517
15/052,2015-05-05,11,13,41,42,43,49,29,49,2,4,5,1,0,2,0,0,4,0,0.00,0,0.00,53,105650.00,135.5,9600.00,3293.5,640.00,3933,320.00,57633.3,40.00,41401936
15/051,2015-05-02,7,10,12,16,26,49,40,,4,2,2,4,2,2,1,0,1,0,0.00,0.5,668375.00,66.5,53600.00,105,9600.00,3286,640.00,2862,320.00,59564,40.00,30004655
15/050,2015-04-30,6,8,30,34,36,42,12,"8,36",2,4,0,6,2,0,1,2,1,1,43829100.00,1.5,1934820.00,110.5,70030.00,370.5,9600.00,5932.9,640.00,10525.3,320.00,109965.6,40.00,67374811
15/049,2015-04-28,1,8,28,31,36,45,9,36,2,4,3,3,2,0,1,2,1,0,0.00,3,868620.00,96,72380.00,315.9,9600.00,5351.2,640.00,10265.9,320.00,100122.4,40.00,60811257
15/048,2015-04-25,12,19,21,24,36,49,23,36,4,2,3,3,0,2,2,1,1,0,0.00,0,0.00,68.5,87200.00,152,9600.00,3684.9,640.00,4867.5,320.00,66553.1,40.00,45272566
15/047,2015-04-23,3,4,7,8,26,36,31,3,4,2,2,4,4,0,1,1,0,0.5,18344930.00,2.5,813170.00,213.5,25390.00,300.7,9600.00,8952,640.00,7676.3,320.00,131726,40.00,57842053
15/046,2015-04-21,3,13,20,24,43,48,49,,4,2,3,3,1,2,1,0,2,0,0.00,3.5,741840.00,72,96160.00,225.5,9600.00,4077.5,640.00,7200.5,320.00,78786.9,40.00,54169599
15/045,2015-04-18,12,17,29,31,41,47,38,,2,4,5,1,0,2,1,1,2,0,0.00,1,1994450.00,81.5,65250.00,172.5,9600.00,3905.5,640.00,4621.1,320.00,66517,40.00,42419139
15/044,2015-04-16,1,3,5,20,35,39,28,35,4,2,5,1,3,1,0,2,0,0,0.00,1,1787110.00,73.7,64660.00,177,9600.00,4022.2,640.00,5700,320.00,72300.6,40.00,40892357
15/043,2015-04-14,30,31,35,40,42,48,6,42,0,6,2,4,0,0,1,3,2,0.5,11457040.00,3.5,726650.00,73.5,92270.00,171.5,9600.00,3406.2,640.00,4495.2,320.00,65557.1,40.00,49109666
15/042,2015-04-11,6,17,18,19,20,42,25,,5,1,2,4,1,4,0,0,1,0,0.00,2,835640.00,56.5,78880.00,126,9600.00,3470.7,640.00,4187.6,320.00,59001.5,40.00,35879353
15/041,2015-04-09,10,11,31,34,37,38,14,,2,4,3,3,1,1,0,4,0,0.5,10270360.00,1,2133010.00,66.5,85530.00,200.5,9600.00,4186.4,640.00,5713.8,320.00,75898.5,40.00,46472061
15/040,2015-04-06,21,24,26,42,43,46,4,26,2,4,2,4,0,0,3,0,3,0,0.00,2,799400.00,37,115220.00,94,9600.00,1751,640.00,2635.7,320.00,34377,40.00,29545139
15/039,2015-04-04,9,12,26,29,44,45,19,12,2,4,3,3,1,1,2,0,2,0,0.00,0,0.00,45,79720.00,126,9600.00,2221,640.00,3830.4,320.00,43353.1,40.00,28604606
15/038,2015-04-02,4,12,20,37,42,47,35,,3,3,2,4,1,2,0,1,2,1,12640270.00,2,907350.00,71.5,67680.00,145.5,9600.00,2967,640.00,3635,320.00,56479,40.00,37060391
15/037,2015-03-31,2,5,10,27,36,46,7,,3,3,2,4,3,0,1,1,1,0.5,7196150.00,3,549840.00,68,64680.00,265.5,9600.00,4117,640.00,7575.8,320.00,74922.9,40.00,42017289
15/036,2015-03-28,6,11,16,29,30,37,34,"6,16",3,3,3,3,1,2,2,1,0,0,0.00,0,0.00,46.5,82790.00,101.5,9600.00,2644,640.00,2835.4,320.00,50517.5,40.00,29946620
15/035,2015-03-26,2,6,9,16,39,49,29,2,4,2,3,3,3,1,0,1,1,1.5,13123390.00,6,216530.00,142,24390.00,820.8,9600.00,5776.8,640.00,11445.6,320.00,93537.2,40.00,44064334
15/034,2015-03-24,2,5,13,37,42,44,27,,3,3,3,3,2,1,0,1,2,0,0.00,0,0.00,43,120730.00,111,9600.00,2473.7,640.00,3845.6,320.00,50074,40.00,37305842
15/033,2015-03-22,7,26,30,33,34,38,5,30,1,5,2,4,1,0,2,3,0,0,0.00,3,559450.00,42,106560.00,128,9600.00,2653.3,640.00,3647,320.00,52150.1,40.00,34214267
15/032,2015-03-19,12,15,17,30,31,43,46,,3,3,4,2,0,3,1,1,1,1,8000000.00,0,0.00,51,86130.00,104,9600.00,2442.7,640.00,2732.5,320.00,48684.7,40.00,32319540
15/031,2015-03-17,1,5,11,23,34,47,14,,4,2,5,1,2,1,1,1,1,1,8000000.00,1,1617190.00,50,86250.00,126.5,9600.00,3396.6,640.00,4269.5,320.00,62902,40.00,35403876
15/030,2015-03-14,4,21,25,29,32,37,27,"25,37",2,4,4,2,1,0,3,2,0,1,8000000.00,2.5,656130.00,39.5,110740.00,121.5,9600.00,2039,640.00,3726.3,320.00,41020.4,40.00,32077271
15/029,2015-03-12,14,17,23,24,25,37,34,,4,2,4,2,0,2,3,1,0,2,4000000.00,3,465330.00,50.5,73710.00,209,9600.00,3196.8,640.00,4404.6,320.00,57375.5,40.00,33303545
15/028,2015-03-10,1,18,22,27,45,48,25,,3,3,3,3,1,1,2,0,2,1.5,13685490.00,1,2191520.00,88.5,66030.00,214,9600.00,4419.9,640.00,6281.4,320.00,85310.8,40.00,48816206
15/027,2015-03-07,6,8,12,16,32,49,37,6,4,2,1,5,2,2,0,1,1,0,0.00,0.5,850520.00,77.5,58530.00,148,9600.00,4143.9,640.00,3936.9,320.00,74992.3,40.00,38507955
15/026,2015-03-05,2,6,10,20,38,40,46,,4,2,0,6,3,1,0,2,0,0,0.00,3,489790.00,101.5,38600.00,134.5,9600.00,4434.9,640.00,3355.5,320.00,67185.4,40.00,34547106
15/025,2015-03-03,13,17,25,27,46,49,19,25,2,4,5,1,0,2,2,0,2,1,17232210.00,2,1150580.00,51,120320.00,175,9600.00,4017,640.00,5106.7,320.00,75474.8,40.00,47708279
15/024,2015-02-28,6,9,23,25,41,43,38,25,3,3,5,1,2,0,2,0,2,0,0.00,0.5,904095.00,56,86100.00,129.5,9600.00,3230.2,640.00,4519.7,320.00,62057.3,40.00,37936961
15/023,2015-02-26,10,12,20,22,25,33,27,33,4,2,2,4,1,2,2,1,0,0.5,4000000.00,1,1495570.00,74.5,53530.00,157.5,9600.00,4133.1,640.00,4728.3,320.00,68945.3,40.00,35897466
15/022,2015-02-24,17,18,28,32,33,48,37,28,2,4,2,4,0,2,1,2,1,1.5,39879610.00,4,1030960.00,263,41810.00,525,9600.00,12608.1,640.00,12974.1,320.00,197983.6,40.00,102577388
15/021,2015-02-22,15,20,28,29,42,46,35,"28,46",2,4,2,4,0,2,2,0,2,0,0.00,7,830840.00,189.5,81840.00,472,9600.00,9277.4,640.00,12337.2,320.00,168462.6,40.00,118079100
15/020,2015-02-17,14,22,28,33,44,46,25,,2,4,1,5,0,1,2,1,2,0,0.00,2.5,935550.00,65,95950.00,137,9600.00,3938.5,640.00,4419.2,320.00,71648.9,40.00,46760301
15/019,2015-02-14,2,10,12,21,25,35,26,10,4,2,3,3,2,1,2,1,0,0,0.00,1,1384980.00,79,46750.00,162.7,9600.00,3480.1,640.00,4456.6,320.00,60197,40.00,32906586
15/018,2015-02-12,7,9,10,14,22,31,35,,5,1,3,3,3,1,1,1,0,1,35051820.00,1,2096130.00,243.5,22950.00,285.5,9600.00,9064.9,640.00,7130.3,320.00,123753,40.00,57649011
15/017,2015-02-10,2,17,23,30,34,41,14,17,3,3,3,3,1,1,2,1,1,0,0.00,1.5,1762750.00,66.5,106030.00,187.5,9600.00,3279.4,640.00,4859.6,320.00,68198.8,40.00,51023695
15/016,2015-02-08,5,7,17,18,27,48,30,"17,18",4,2,4,2,2,2,1,0,1,0.5,20831005.00,2,1420720.00,173.5,43670.00,298,9600.00,8861.2,640.00,8002,320.00,134429.6,40.00,69048674
15/015,2015-02-05,13,16,17,18,22,45,10,,5,1,3,3,0,4,1,0,1,0,0.00,1,2601790.00,71.5,97030.00,225.5,9600.00,4688.9,640.00,6155.1,320.00,83522.6,40.00,54698085
15/014,2015-02-03,11,34,36,43,47,49,21,47,1,5,4,2,0,1,0,2,3,0,0.00,2.5,1014010.00,75.5,89530.00,203.5,9600.00,4258.5,640.00,5388,320.00,78735.3,40.00,52081993
15/013,2015-01-31,5,7,14,17,46,47,27,46,4,2,4,2,2,2,0,0,2,0,0.00,0.5,645650.00,51.5,66860.00,481.5,9600.00,3433,640.00,10041.1,320.00,64967.6,40.00,40910216
15/012,2015-01-29,6,15,25,29,32,46,9,,2,4,3,3,1,1,2,1,1,0,0.00,2.5,694340.00,54.5,84930.00,189,9600.00,2677.6,640.00,5735.9,320.00,53885,40.00,37474008
15/011,2015-01-27,4,5,10,13,28,35,12,,4,2,3,3,3,1,1,1,0,0,0.00,3,397300.00,75.5,42090.00,278,9600.00,3741.1,640.00,6765.1,320.00,62929.7,40.00,34216992
15/010,2015-01-24,17,18,20,26,31,32,6,,3,3,2,4,0,3,1,2,0,1.5,8319880.00,3.5,426650.00,88.5,44990.00,246.5,9600.00,3279,640.00,5981.4,320.00,57025.1,40.00,36295869
15/009,2015-01-22,8,16,21,30,42,46,32,,3,3,1,5,1,1,2,0,2,0,0.00,3,517500.00,40.5,102220.00,141.5,9600.00,2382.4,640.00,3309,320.00,44944.9,40.00,31691957
15/008,2015-01-20,5,7,9,13,15,29,47,15,5,1,6,0,3,2,1,0,0,1,28064260.00,1.5,1414020.00,187.2,30210.00,198.5,9600.00,8326.6,640.00,6340,320.00,118679,40.00,54721001
15/007,2015-01-17,14,15,16,25,27,30,11,14,3,3,3,3,0,3,3,0,0,0,0.00,2.5,836680.00,81.5,68440.00,160.5,9600.00,3824.9,640.00,5501,320.00,68108.7,40.00,44069021
15/006,2015-01-15,1,2,14,37,43,49,24,"37,43",3,3,4,2,2,1,0,1,2,0,0.00,1,1894680.00,46,109830.00,147.5,9600.00,3398,640.00,4757.9,320.00,66379.3,40.00,40090489
15/005,2015-01-13,16,21,27,37,40,43,14,"21,40",2,4,4,2,0,1,2,2,1,0,0.00,0,0.00,43,108030.00,94.5,9600.00,1906,640.00,2716,320.00,38525.2,40.00,32035107
15/004,2015-01-11,10,21,24,33,40,47,5,,3,3,3,3,1,0,2,2,1,1,14179430.00,1,2059810.00,68,80770.00,154.5,9600.00,3259.9,640.00,4327,320.00,60151,40.00,41574820
15/003,2015-01-08,8,18,19,28,37,44,13,18,3,3,2,4,1,2,1,1,1,0,0.00,1.5,952240.00,45.5,83710.00,145.5,9600.00,3386.8,640.00,4398.2,320.00,60441.3,40.00,33062422
15/002,2015-01-06,3,14,16,18,38,49,29,,4,2,2,4,1,3,0,1,1,3,22725350.00,2,2337530.00,225.5,55280.00,506.5,9600.00,12094.9,640.00,14312.6,320.00,198018.5,40.00,109913789
15/001,2015-01-03,8,15,31,35,42,44,39,,2,4,3,3,1,1,0,2,2,0,0.00,7.5,717810.00,167,85960.00,437,9600.00,8690.9,640.00,11358.2,320.00,166109,40.00,110142321
14/152,2014-12-31,10,19,25,32,33,37,27,"25,33",2,4,4,2,1,1,1,3,0,0,0.00,1,2492800.00,83,80090.00,195.2,9600.00,4271.4,640.00,5595.3,320.00,78315.8,40.00,51468624
14/151,2014-12-29,1,25,30,33,39,40,7,,1,5,4,2,1,0,2,3,0,0,0.00,2.5,546660.00,63,57840.00,188,9600.00,3048,640.00,5181.2,320.00,55191.4,40.00,32654367
14/150,2014-12-27,14,15,28,31,32,48,40,,2,4,2,4,0,2,1,2,1,0,0.00,0.5,928850.00,51,97130.00,116,9600.00,2870.2,640.00,3436.7,320.00,55299.9,40.00,36799713
14/149,2014-12-25,12,19,24,43,46,47,30,"12,47",3,3,3,3,0,2,1,0,3,0.5,9741645.00,2,993890.00,40,132510.00,121.5,9600.00,2454.5,640.00,3018,320.00,49722.4,40.00,37508283
14/148,2014-12-23,1,4,12,14,35,47,33,,4,2,3,3,2,2,0,1,1,0,0.00,0.5,788560.00,71,59230.00,168.5,9600.00,4025.6,640.00,4958,320.00,72488.9,40.00,37470601
14/147,2014-12-21,2,25,30,36,37,43,22,25,1,5,3,3,1,0,2,2,1,0,0.00,1.5,1077170.00,37,116450.00,144,9600.00,2131,640.00,3600.9,320.00,41759.4,40.00,32233284
14/146,2014-12-18,6,8,10,21,25,29,33,,4,2,3,3,3,0,3,0,0,1,20371440.00,2,813530.00,131.5,32990.00,198,9600.00,5859.2,640.00,5803.6,320.00,89346.5,40.00,42595494
14/145,2014-12-16,1,7,14,31,34,42,16,14,3,3,3,3,2,1,0,2,1,0,0.00,1,2000990.00,59.5,89680.00,119.5,9600.00,3381.7,640.00,4244.2,320.00,64954.1,40.00,40605674
14/144,2014-12-13,12,14,17,20,40,48,19,,4,2,1,5,0,4,0,1,1,0,0.00,0,0.00,31,127930.00,112.5,9600.00,2310,640.00,3387.6,320.00,45492.5,40.00,30292619
14/143,2014-12-11,1,7,13,32,35,39,31,13,3,3,5,1,2,1,0,3,0,1,8000000.00,0.5,736645.00,49.5,79360.00,144,9600.00,2383.9,640.00,3788.1,320.00,47069,40.00,31104410
14/142,2014-12-09,3,4,13,29,31,41,46,,3,3,5,1,2,1,1,1,1,1,22273570.00,2,1178220.00,97.5,64440.00,132.5,9600.00,4308.7,640.00,4180.5,320.00,77125.9,40.00,47621637
14/141,2014-12-06,17,18,21,25,40,48,16,,3,3,3,3,0,2,2,1,1,0,0.00,1,1911910.00,35,145660.00,121.5,9600.00,2683,640.00,3786.1,320.00,54240.7,40.00,37539604
14/140,2014-12-04,1,8,20,27,33,36,35,"1,27",3,3,3,3,2,1,1,2,0,0,0.00,0,0.00,55.4,70680.00,118,9600.00,2835.3,640.00,3273.2,320.00,55106.9,40.00,31402586
14/139,2014-12-02,1,4,13,27,47,49,33,,3,3,5,1,2,1,1,0,2,1,14195900.00,5,329010.00,83.5,52530.00,214,9600.00,4922,640.00,5050.4,320.00,84278.1,40.00,41191959
14/138,2014-11-29,7,26,29,32,33,37,31,,1,5,4,2,1,0,2,3,0,0,0.00,0,0.00,65,51710.00,160,9600.00,2998.2,640.00,4097.8,320.00,52654.5,40.00,29829284
14/137,2014-11-27,2,20,22,30,40,45,44,,3,3,1,5,1,1,2,1,1,1,56474290.00,4,869350.00,209.5,44260.00,366,9600.00,8556.3,640.00,7879.5,320.00,130068,40.00,78128337
14/136,2014-11-25,6,35,41,42,44,47,19,,1,5,3,3,1,0,0,1,4,0,0.00,0,0.00,77.5,108750.00,204.5,9600.00,4601,640.00,5759.6,320.00,82359.8,40.00,61484064
14/135,2014-11-22,2,12,17,27,32,33,44,33,3,3,3,3,1,2,1,2,0,0,0.00,2.5,932120.00,84,73970.00,228,9600.00,4273.1,640.00,4813.5,320.00,78145.2,40.00,49373270
14/134,2014-11-20,8,16,19,33,35,46,12,,3,3,3,3,1,2,0,2,1,0,0.00,2.5,909340.00,74.5,81370.00,147.5,9600.00,3616.1,640.00,5134.9,320.00,67005.9,40.00,45756162
14/133,2014-11-18,2,6,17,24,37,49,46,,4,2,3,3,2,1,1,1,1,0,0.00,1,2031270.00,75.5,71740.00,117,9600.00,3601.7,640.00,3889,320.00,70809,40.00,41456080
14/132,2014-11-16,7,15,32,33,34,43,10,,2,4,4,2,1,1,0,3,1,0,0.00,4,457830.00,128,38150.00,160.5,9600.00,3593.3,640.00,4251.8,320.00,59337.8,40.00,38872246
14/131,2014-11-13,21,36,41,42,46,49,6,49,1,5,3,3,0,0,1,1,4,0,0.00,2.5,654880.00,42,103950.00,108.5,9600.00,2277.5,640.00,3837,320.00,42437,40.00,32257002
14/130,2014-11-11,3,5,9,19,48,49,26,,4,2,5,1,3,1,0,0,2,1,10474490.00,2.5,329930.00,251,19200.00,320,9600.00,8798.9,640.00,7169.6,320.00,108068.6,40.00,41303033
14/129,2014-11-08,7,8,15,32,34,39,43,,3,3,3,3,2,1,0,3,0,0,0.00,3,431560.00,57,60560.00,159.5,9600.00,3104.1,640.00,3530.9,320.00,55175.8,40.00,30258501
14/128,2014-11-06,4,10,12,14,29,48,3,29,4,2,1,5,2,2,1,0,1,2,14727540.00,2,979720.00,92.5,56480.00,305.5,9600.00,5684,640.00,8130.4,320.00,95100.2,40.00,50613303
14/127,2014-11-04,16,23,29,30,37,38,33,,2,4,3,3,0,1,3,2,0,0,0.00,0.5,1178475.00,70.5,89150.00,200.5,9600.00,3818.5,640.00,5549.4,320.00,70147.6,40.00,48550821
14/126,2014-11-01,9,10,11,20,26,44,31,,4,2,2,4,2,2,1,0,1,0,0.00,2.5,591060.00,94.5,41690.00,215.5,9600.00,5017.7,640.00,5740.4,320.00,82957,40.00,39371744
14/125,2014-10-30,3,19,29,36,47,49,33,47,2,4,5,1,1,1,1,1,2,0,0.00,1,1692950.00,55.5,81340.00,143.5,9600.00,3283.5,640.00,4149.6,320.00,62180.4,40.00,36475473
14/124,2014-10-28,16,26,30,37,43,47,31,43,1,5,3,3,0,1,2,1,2,0.5,4000000.00,0,0.00,30,161380.00,121.5,9600.00,2329,640.00,3437.6,320.00,44470.9,40.00,34882486
14/123,2014-10-25,1,13,39,40,41,43,18,41,2,4,5,1,1,1,0,2,2,1,39883260.00,1,2708070.00,86.5,83480.00,154,9600.00,4389.5,640.00,5129.6,320.00,78601.6,40.00,53541786
14/122,2014-10-23,11,14,28,29,37,41,19,29,2,4,4,2,0,2,2,1,1,0,0.00,4,614460.00,78.5,83490.00,217,9600.00,4417,640.00,5890.6,320.00,79370,40.00,51807582
14/121,2014-10-21,6,9,17,18,29,34,42,,4,2,3,3,2,2,1,1,0,0.5,24385505.00,1.5,1945250.00,131,59390.00,275,9600.00,7507,640.00,7642.7,320.00,125829.5,40.00,67221780
14/120,2014-10-18,12,19,22,36,40,47,25,,3,3,2,4,0,2,1,2,1,0,0.00,1.5,1803000.00,76.5,94270.00,215.5,9600.00,5669.5,640.00,6264,320.00,89209.1,40.00,57561889
14/119,2014-10-16,4,9,34,39,48,49,18,,2,4,3,3,2,0,0,2,2,0.5,31903820.00,8.5,335180.00,304,24990.00,481.5,9600.00,11798.5,640.00,12113.7,320.00,166709.6,40.00,80722958
14/118,2014-10-14,1,5,8,17,20,37,33,37,5,1,4,2,3,2,0,1,0,0,0.00,3.5,991320.00,160.5,57640.00,275.5,9600.00,7903.7,640.00,8804.4,320.00,139058.2,40.00,76854443
14/117,2014-10-11,26,29,34,35,37,47,8,,0,6,4,2,0,0,2,3,1,0,0.00,4.5,700820.00,79.5,105780.00,196,9600.00,4630,640.00,6332.5,320.00,88444.2,40.00,62061064
14/116,2014-10-09,2,12,14,23,40,46,39,12,4,2,1,5,1,2,1,1,1,0,0.00,1,2955380.00,62,127110.00,184,9600.00,3775.4,640.00,5164.1,320.00,76653.1,40.00,56578669
14/115,2014-10-07,12,13,26,33,42,49,48,,2,4,3,3,0,2,1,1,2,0,0.00,3,769360.00,73,84310.00,325.5,9600.00,4317.1,640.00,8065,320.00,81608.4,40.00,53040922
14/114,2014-10-04,5,14,22,24,27,45,8,24,4,2,3,3,1,1,3,0,1,0,0.00,1.5,1242830.00,73.5,67630.00,220,9600.00,3476.4,640.00,5900,320.00,65926.3,40.00,41702744
14/113,2014-10-02,4,10,24,29,33,35,7,10,3,3,3,3,2,0,2,2,0,0,0.00,1,1727540.00,39,118120.00,150,9600.00,2578.7,640.00,4922.4,320.00,53195.2,40.00,36017384
14/112,2014-09-30,10,16,20,39,45,46,47,10,3,3,2,4,1,2,0,1,2,0,0.00,0.5,824625.00,42.5,103480.00,117.5,9600.00,2045,640.00,3086,320.00,39762.7,40.00,31661651
14/111,2014-09-28,6,10,12,26,28,35,24,,3,3,1,5,2,1,2,1,0,7,8279690.00,3.5,771960.00,234,38480.00,480,9600.00,9565.1,640.00,12240.2,320.00,157854.4,40.00,84635761
14/110,2014-09-25,3,19,42,44,48,49,38,,2,4,3,3,1,1,0,0,4,0,0.00,3,1065770.00,106,80430.00,278,9600.00,6136.5,640.00,7935.5,320.00,108346.3,40.00,68320291
14/109,2014-09-23,12,13,20,28,41,43,23,,3,3,3,3,0,3,1,0,2,0,0.00,3.5,917400.00,78,109770.00,238.5,9600.00,4346.4,640.00,7485,320.00,88137.3,40.00,63917161
14/108,2014-09-20,3,16,32,38,40,48,27,16,2,4,1,5,1,1,0,3,1,0,0.00,0,0.00,69,97630.00,155.5,9600.00,3904.6,640.00,4827.1,320.00,68163.4,40.00,49573696
14/107,2014-09-18,6,16,20,25,27,45,29,,3,3,3,3,1,2,2,0,1,0,0.00,0,0.00,57,94530.00,135,9600.00,3533.3,640.00,4655.2,320.00,69974.1,40.00,41943261
14/106,2014-09-16,4,15,17,22,34,43,35,43,4,2,3,3,1,2,1,1,1,0,0.00,0,0.00,47,98610.00,94.5,9600.00,2745.5,640.00,3390.4,320.00,50949.1,40.00,34297976
14/105,2014-09-13,3,12,40,43,48,49,32,,2,4,3,3,1,1,0,1,3,2,82246250.00,9.5,1797010.00,483.5,94150.00,1269.5,9600.00,27777,640.00,37414.7,320.00,528564.9,40.00,348420150
14/104,2014-09-09,7,25,27,36,39,42,31,36,1,5,4,2,1,0,2,2,1,0,0.00,10.5,1045580.00,370,79120.00,1169.2,9600.00,20142.2,640.00,29046.8,320.00,371654,40.00,238344532
14/103,2014-09-04,11,14,34,36,43,46,1,43,2,4,2,4,0,2,0,2,2,0,0.00,6.5,1043150.00,197,91780.00,484,9600.00,10756.5,640.00,15214.5,320.00,201217.1,40.00,137263254
14/102,2014-09-02,26,28,37,43,45,47,25,,0,6,4,2,0,0,2,1,3,0,0.00,2,980180.00,81.5,64140.00,294,9600.00,3440.2,640.00,4724.5,320.00,61955.8,40.00,43288786
14/101,2014-08-30,15,18,24,27,39,49,6,"24,27",3,3,4,2,0,2,2,1,1,0.5,13572310.00,2,1081370.00,71,81220.00,201.5,9600.00,3203.4,640.00,5253.6,320.00,61548.8,40.00,44392511
14/100,2014-08-28,11,17,24,27,31,38,49,,3,3,4,2,0,2,2,2,0,0.5,19456760.00,0.5,1199635.00,109,58690.00,210,9600.00,5743.9,640.00,6091.5,320.00,95483.4,40.00,53773752
14/099,2014-08-26,25,29,32,33,37,44,47,32,0,6,4,2,0,0,2,3,1,0,0.00,1,2682900.00,75,95390.00,178,9600.00,3594.5,640.00,5076.5,320.00,69545.4,40.00,51982500
14/098,2014-08-23,4,12,14,24,32,38,13,14,4,2,0,6,1,2,1,2,0,0,0.00,2,450140.00,480,19200.00,181.2,9600.00,5011.3,640.00,5115.3,320.00,74943.6,40.00,43826314
14/097,2014-08-21,10,14,26,29,30,31,18,,2,4,2,4,1,1,3,1,0,0,0.00,3.5,554700.00,90.5,57200.00,158,9600.00,3892.9,640.00,4843.8,320.00,69252.5,40.00,41762062
14/096,2014-08-19,2,5,27,32,42,46,16,"27,42,46",2,4,2,4,2,0,1,1,2,0,0.00,4,497780.00,44.5,119310.00,136,9600.00,2868.5,640.00,4028.1,320.00,55061.4,40.00,39296442
14/095,2014-08-16,23,26,27,37,42,46,15,23,1,5,3,3,0,0,3,1,2,0.5,9168265.00,2,1015730.00,36,150470.00,108,9600.00,2519,640.00,3819,320.00,48694,40.00,38335971
14/094,2014-08-14,4,8,14,23,48,49,11,,4,2,2,4,2,1,1,0,2,0.5,12242100.00,6,249320.00,162.5,24540.00,286,9600.00,6666.5,640.00,6928.6,320.00,91717.3,40.00,44180085
14/093,2014-08-12,7,9,27,31,36,39,32,"9,31",2,4,5,1,2,0,1,3,0,0,0.00,1,1965010.00,82.5,63510.00,154.5,9600.00,4484.9,640.00,4706.2,320.00,79959.3,40.00,43432605
14/092,2014-08-09,1,9,15,31,33,41,37,31,3,3,6,0,2,1,0,2,1,0,0.00,5,297240.00,74,53550.00,159,9600.00,4372.4,640.00,4793,320.00,73694.8,40.00,36471190
14/091,2014-08-07,5,14,31,32,36,46,11,5,2,4,2,4,1,1,0,3,1,0,0.00,0,0.00,39.5,110890.00,106,9600.00,2133.5,640.00,3236.6,320.00,41693.9,40.00,31704781
14/090,2014-08-05,5,7,8,18,24,29,14,,5,1,3,3,3,1,2,0,0,1,8000000.00,5,143500.00,201,19200.00,291,9600.00,7666.2,640.00,6281.1,320.00,97233.8,40.00,34235446
14/089,2014-08-02,3,22,23,26,42,48,28,"22,48",3,3,2,4,1,0,3,0,2,1,9514470.00,0.5,824770.00,30.5,144220.00,139,9600.00,2479,640.00,4456.4,320.00,50302.5,40.00,34155016
14/088,2014-07-31,12,22,27,35,44,48,38,,2,4,2,4,0,1,2,1,2,0.5,4565830.00,1,1710550.00,56,81450.00,117,9600.00,2773,640.00,3902.5,320.00,51494.7,40.00,34700090
14/087,2014-07-29,11,13,15,31,37,47,19,15,3,3,6,0,0,3,0,2,1,0.5,4000000.00,1,1670240.00,60.5,73610.00,138.2,9600.00,2510.5,640.00,3669.7,320.00,49066,40.00,33901192
14/086,2014-07-26,1,4,15,17,36,42,40,"4,36",4,2,3,3,2,2,0,1,1,1,22702840.00,1,2079580.00,68.5,80950.00,137.5,9600.00,3211.5,640.00,3931.8,320.00,66252.9,40.00,41701310
14/085,2014-07-24,4,5,21,31,36,38,14,,3,3,3,3,2,0,1,3,0,0.5,16464085.00,3,855370.00,89,76880.00,225.5,9600.00,4194.2,640.00,5752.3,320.00,82980.9,40.00,53348951
14/084,2014-07-22,1,3,14,16,24,41,13,"1,41",5,1,3,3,2,2,1,0,1,0.5,25229830.00,3.5,1186630.00,121,91530.00,382.5,9600.00,6786.1,640.00,10106.6,320.00,133664.3,40.00,87078367
14/083,2014-07-19,1,9,30,40,41,48,49,"1,30",2,4,3,3,2,0,1,1,2,0,0.00,5.5,273040.00,72,55620.00,481,9600.00,3938.4,640.00,10127.5,320.00,69233.7,40.00,44722477
14/082,2014-07-17,1,20,28,30,42,43,10,42,2,4,2,4,1,1,2,0,2,0,0.00,2,936190.00,47,106230.00,276.2,9600.00,2783.4,640.00,8249.2,320.00,57674.1,40.00,42771826
14/081,2014-07-15,2,5,9,32,41,42,44,,3,3,3,3,3,0,0,1,2,0,0.00,2,1067640.00,55.5,102590.00,127.5,9600.00,3682.7,640.00,4192.2,320.00,71984.3,40.00,43416519
14/080,2014-07-12,3,11,13,23,40,49,43,,4,2,5,1,1,2,1,1,1,0,0.00,3,437390.00,61.5,56890.00,278.5,9600.00,3677.6,640.00,5722.2,320.00,66142.5,40.00,35402185
14/079,2014-07-10,1,2,9,17,22,25,8,22,5,1,4,2,3,1,2,0,0,0.5,6540300.00,10.5,109890.00,108,28490.00,549,9600.00,5218.5,640.00,11119.3,320.00,82137.7,40.00,39134651
14/078,2014-07-08,4,16,22,27,38,39,36,38,3,3,2,4,1,1,2,2,0,0,0.00,0,0.00,58,74440.00,125,9600.00,3107,640.00,3670.1,320.00,55746,40.00,34174220
14/077,2014-07-05,10,14,32,36,37,38,47,"14,37",2,4,1,5,1,1,0,4,0,1,59412520.00,5,713960.00,87,109420.00,229,9600.00,4785.6,640.00,6902,320.00,94700.9,40.00,69278624
14/076,2014-07-03,14,17,34,37,43,48,20,,2,4,3,3,0,2,0,2,2,0,0.00,1,3550200.00,131,72260.00,229.5,9600.00,6108.5,640.00,7131.9,320.00,110768.7,40.00,71915651
14/075,2014-06-29,15,23,26,38,46,47,21,47,2,4,3,3,0,1,2,1,2,0,0.00,1,2894870.00,64,120610.00,156.5,9600.00,4065.5,640.00,5305.4,320.00,77640.2,40.00,55769521
14/074,2014-06-26,2,20,40,42,47,48,28,,2,4,1,5,1,1,0,1,3,0,0.00,3.5,685830.00,69,92760.00,180.5,9600.00,3499.5,640.00,4722.2,320.00,66254.7,40.00,47628261
14/073,2014-06-24,18,24,25,30,31,35,36,,2,4,3,3,0,1,3,2,0,0,0.00,2,1144180.00,62,98420.00,185.2,9600.00,3809.3,640.00,5349.8,320.00,70254.1,40.00,47227071
14/072,2014-06-21,2,17,37,40,45,49,48,17,2,4,4,2,1,1,0,2,2,0,0.00,0,0.00,34.5,141080.00,158,9600.00,2183.5,640.00,4163.5,320.00,45883.3,40.00,36026717
14/071,2014-06-19,3,17,24,30,31,44,7,3,3,3,3,3,1,1,2,1,1,0,0.00,4,369080.00,39.5,99660.00,150,9600.00,2313.2,640.00,4647.8,320.00,44777.4,40.00,31508201
14/070,2014-06-17,3,4,15,16,23,45,21,"3,45",5,1,4,2,2,2,1,0,1,2,35820150.00,5.5,954800.00,204,68640.00,458.5,9600.00,11008,640.00,13144.1,320.00,182738.5,40.00,113767277
14/069,2014-06-12,3,18,21,41,44,45,15,44,3,3,4,2,1,1,1,0,3,0,0.00,6,652680.00,94,111090.00,237,9600.00,5263,640.00,7619.7,320.00,105813.7,40.00,75933311
14/068,2014-06-10,1,30,32,35,37,44,40,44,1,5,3,3,1,0,1,3,1,0,0.00,1.5,2524090.00,123.5,81750.00,221,9600.00,5404.5,640.00,6435.4,320.00,101071.2,40.00,73000021
14/067,2014-06-07,4,8,13,19,44,48,27,,4,2,2,4,2,2,0,0,2,0.5,32779205.00,2.5,1895900.00,151.5,83420.00,396.5,9600.00,8412.5,640.00,11430.3,320.00,157720.9,40.00,99778571
14/066,2014-06-04,10,11,25,33,40,46,6,,2,4,3,3,1,1,1,2,1,0,0.00,7.5,428960.00,153.5,55890.00,524.5,9600.00,7308.7,640.00,12977.8,320.00,129275.2,40.00,78900058
14/065,2014-06-02,3,13,19,20,36,39,15,,4,2,4,2,1,3,0,2,0,0,0.00,3,833680.00,90.5,73690.00,184.5,9600.00,4472.1,640.00,5506,320.00,81591.8,40.00,51817947
14/064,2014-05-31,2,10,28,32,37,47,31,,2,4,2,4,2,0,1,2,1,0.5,34184320.00,3.5,1304480.00,178.5,68200.00,367.5,9600.00,8668.6,640.00,10027.5,320.00,153186.5,40.00,96037741
14/063,2014-05-29,4,14,19,24,26,48,35,,4,2,1,5,1,2,2,0,1,0,0.00,2.5,1663650.00,147.5,75190.00,297,9600.00,7832.5,640.00,8530.2,320.00,136362.7,40.00,86144548
14/062,2014-05-27,3,10,16,30,34,44,1,30,3,3,1,5,2,1,1,1,1,0,0.00,4,1016180.00,126,86020.00,344.5,9600.00,7711.2,640.00,11460.7,320.00,136418.6,40.00,87305096
14/061,2014-05-24,2,4,14,30,39,41,49,,3,3,2,4,2,1,1,1,1,0,0.00,2.5,740630.00,51,96810.00,134,9600.00,3055.6,640.00,4137,320.00,56838.2,40.00,37785420
14/060,2014-05-22,9,17,28,31,35,37,19,,2,4,5,1,1,1,1,3,0,0,0.00,0,0.00,59,72080.00,139.7,9600.00,3230.4,640.00,4290.5,320.00,58834.3,40.00,34851413
14/059,2014-05-20,10,16,33,34,44,47,6,,2,4,2,4,1,1,0,2,2,0,0.00,1.5,998550.00,38.7,103210.00,108,9600.00,1984,640.00,3087.6,320.00,38620.6,40.00,29282558
14/058,2014-05-18,9,12,21,27,37,45,7,"9,12",3,3,5,1,1,1,2,1,1,2,6261590.00,1,1130790.00,68,55430.00,224.9,9600.00,3327.5,640.00,6723.3,320.00,58859,40.00,35462451
14/057,2014-05-15,9,12,16,24,34,35,7,"9,35",4,2,2,4,1,2,1,2,0,0,0.00,3.5,368420.00,56.9,60430.00,170,9600.00,2564.4,640.00,4852.3,320.00,48931.2,40.00,30055366
14/056,2014-05-13,9,20,22,32,35,41,8,,3,3,3,3,1,1,1,2,1,1,28382030.00,4,527770.00,84,67010.00,239,9600.00,4069.2,640.00,6386.4,320.00,71655.5,40.00,46804774
14/055,2014-05-11,11,16,26,38,45,49,5,,2,4,3,3,0,2,1,1,2,0,0.00,6,274850.00,73,60240.00,335,9600.00,3922,640.00,7805,320.00,72761.8,40.00,42991756
14/054,2014-05-08,2,10,12,30,37,39,48,"10,39",3,3,2,4,2,1,1,2,0,0.5,17101365.00,1,2509550.00,77,86910.00,153.5,9600.00,4521.4,640.00,4880,320.00,84020,40.00,51249535
14/053,2014-05-06,10,23,33,36,39,44,30,36,2,4,3,3,1,0,1,3,1,0,0.00,3.5,664130.00,74,83760.00,182.5,9600.00,4044.5,640.00,4709.9,320.00,73226,40.00,47788375
14/052,2014-05-03,2,6,13,16,30,36,25,,4,2,1,5,2,2,1,1,0,0,0.00,1,1770890.00,55.5,85080.00,164.5,9600.00,4351.9,640.00,5389.3,320.00,74922.1,40.00,40850870
14/051,2014-05-01,1,14,28,29,37,43,30,37,2,4,4,2,1,1,2,1,1,0,0.00,1,1806640.00,51.5,93540.00,102.5,9600.00,2689.2,640.00,3747.3,320.00,51909.3,40.00,35585385
14/050,2014-04-29,2,8,15,26,37,45,14,,3,3,3,3,2,1,1,1,1,0.5,8968035.00,2,885610.00,156.5,30180.00,175.5,9600.00,5776.2,640.00,4987.2,320.00,81217.4,40.00,42967089
14/049,2014-04-26,9,12,22,27,36,47,46,,3,3,3,3,1,1,2,1,1,0,0.00,1,1540790.00,66.5,61780.00,116,9600.00,3437.9,640.00,3480.5,320.00,65070.3,40.00,33922771
14/048,2014-04-24,1,17,28,32,39,40,16,1,2,4,3,3,1,1,1,3,0,0,0.00,3,501690.00,29.5,136050.00,130,9600.00,2331.4,640.00,3460.3,320.00,42019.2,40.00,30656203
14/047,2014-04-22,1,3,12,29,36,41,14,,3,3,4,2,2,1,1,1,1,1,39356150.00,0.5,1400325.00,46,162350.00,188,9600.00,4696,640.00,6291.5,320.00,94893.9,40.00,57660970
14/046,2014-04-19,20,21,32,35,46,47,3,,2,4,3,3,0,1,1,2,2,0,0.00,1,2226110.00,59,100610.00,163.5,9600.00,2924.5,640.00,3988.5,320.00,55057.9,40.00,43015698
14/045,2014-04-17,12,14,17,23,24,45,42,"14,45",5,1,3,3,0,3,2,0,1,0,0.00,0,0.00,58,97300.00,135.5,9600.00,3256.4,640.00,4194,320.00,66435.8,40.00,42388389
14/044,2014-04-15,6,14,16,28,41,45,27,"6,28,45",3,3,2,4,1,2,1,0,2,0,0.00,0,0.00,41,126990.00,134.5,9600.00,2680.5,640.00,4471.5,320.00,55939.4,40.00,38850103
14/043,2014-04-12,6,18,20,28,43,45,13,18,3,3,2,4,1,2,1,0,2,0,0.00,1,1434940.00,43.5,87960.00,100.5,9600.00,2113.5,640.00,3361.2,320.00,44906,40.00,29077211
14/042,2014-04-10,4,18,21,31,42,49,25,31,3,3,3,3,1,1,1,1,2,2,6996260.00,1,1583050.00,40,131920.00,113,9600.00,2555.4,640.00,3450.9,320.00,55264.9,40.00,38022212
14/041,2014-04-08,11,24,31,45,46,47,6,45,2,4,4,2,0,1,1,1,3,0.5,7660295.00,3.5,554080.00,80,64640.00,196.5,9600.00,3460,640.00,4988.5,320.00,61825.3,40.00,41439738
14/040,2014-04-05,10,19,38,39,44,45,31,,2,4,3,3,1,1,0,2,2,0,0.00,0,0.00,35.5,112870.00,81.5,9600.00,2120.5,640.00,2569,320.00,38107.6,40.00,28693843
14/039,2014-04-03,4,9,25,26,27,28,3,,2,4,3,3,2,0,4,0,0,1,38843580.00,8.5,215670.00,176.3,27720.00,639.5,9600.00,8679.2,640.00,13281.6,320.00,128360.3,40.00,62178045
14/038,2014-04-01,22,33,36,43,48,49,25,33,1,5,3,3,0,0,1,2,3,0,0.00,1,2592630.00,109,63420.00,210.5,9600.00,5184,640.00,5896.7,320.00,88003.4,40.00,55072818
14/037,2014-03-29,2,10,12,18,24,33,11,,5,1,1,5,2,2,1,1,0,0,0.00,2.5,605400.00,84,48040.00,313,9600.00,5087.7,640.00,8068.5,320.00,84699.4,40.00,43182929
14/036,2014-03-27,7,23,35,42,45,49,36,"35,45",2,4,5,1,1,0,1,1,3,0,0.00,1,2163380.00,61.5,93800.00,116.5,9600.00,3398.2,640.00,4264.7,320.00,60135.4,40.00,42430218
14/035,2014-03-25,22,28,35,36,44,45,6,,1,5,2,4,0,0,2,2,2,0,0.00,0.5,933605.00,75.5,65950.00,151,9600.00,3538.5,640.00,4782.8,320.00,61236.5,40.00,39580382
14/034,2014-03-22,11,20,21,26,34,49,4,,3,3,3,3,0,2,2,1,1,0,0.00,2,710400.00,26.5,142970.00,132,9600.00,2284.2,640.00,3797.9,320.00,45511.8,40.00,29951365
14/033,2014-03-20,1,9,18,25,37,48,14,48,3,3,4,2,2,1,1,1,1,1,24047840.00,4,395710.00,140.5,30040.00,360.5,9600.00,6747.7,640.00,7208.4,320.00,98024.8,40.00,47413194
14/032,2014-03-18,2,17,23,35,42,48,27,2,3,3,3,3,1,1,1,1,2,0,0.00,3.5,652540.00,58,105000.00,157.5,9600.00,3113.5,640.00,4381.7,320.00,60482.4,40.00,44551899
14/031,2014-03-15,2,15,21,24,29,46,27,,4,2,3,3,1,1,3,0,1,0.5,12447505.00,4.5,488780.00,88.5,66270.00,243.5,9600.00,3726.2,640.00,6417.3,320.00,69568.8,40.00,47541831
14/030,2014-03-13,7,10,17,19,20,22,30,,6,0,3,3,2,3,1,0,0,0,0.00,3,543190.00,116,37460.00,295.2,9600.00,5542,640.00,7303.3,320.00,87969.7,40.00,44768441
14/029,2014-03-11,4,6,15,28,30,33,27,,3,3,2,4,2,1,2,1,0,0,0.00,2,901270.00,53,90690.00,177.2,9600.00,3915.6,640.00,5562.8,320.00,73027.8,40.00,40951373
14/028,2014-03-08,2,3,16,17,24,32,40,,5,1,2,4,2,2,1,1,0,0,0.00,2.5,540150.00,57,63170.00,134,9600.00,2874.6,640.00,3034.1,320.00,51968.6,40.00,29756893
14/027,2014-03-06,6,10,20,27,39,46,38,27,3,3,2,4,2,1,1,1,1,1,61290980.00,2.5,1630450.00,117.5,92500.00,309.5,9600.00,6668.6,640.00,9207.4,320.00,132059.5,40.00,83943987
14/026,2014-03-04,3,13,16,19,27,33,22,"16,19",4,2,5,1,1,3,1,1,0,0,0.00,3.5,847610.00,137,57740.00,388.2,9600.00,7428.8,640.00,9921.2,320.00,128120.8,40.00,71323197
14/025,2014-03-02,11,16,19,21,38,46,34,,4,2,3,3,0,3,1,1,1,0,0.00,4,732950.00,102,76640.00,275,9600.00,5147,640.00,6935.9,320.00,94047,40.00,61840880
14/024,2014-02-27,5,9,15,24,28,35,44,,4,2,4,2,2,1,2,1,0,0,0.00,1,2309070.00,101.5,60660.00,189,9600.00,5643.9,640.00,5602.4,320.00,100009.7,40.00,52103657
14/023,2014-02-25,8,26,39,40,41,43,5,,1,5,3,3,1,0,1,2,2,0,0.00,3,838660.00,69,97230.00,198,9600.00,3699.9,640.00,4914.5,320.00,69478.2,40.00,50097476
14/022,2014-02-22,2,23,24,29,33,35,14,24,3,3,4,2,1,0,3,2,0,0,0.00,0,0.00,47,102360.00,128,9600.00,3068.3,640.00,4083.5,320.00,56515.6,40.00,36995816
14/021,2014-02-20,3,5,24,26,31,40,45,,3,3,3,3,2,0,2,2,0,0,0.00,0,0.00,38.5,116010.00,100.5,9600.00,2664,640.00,2608.4,320.00,51465.1,40.00,33024865
14/020,2014-02-18,15,21,23,25,34,45,35,45,3,3,5,1,0,1,3,1,1,1,8000000.00,2,796940.00,44.5,95510.00,243.5,9600.00,2548.7,640.00,6160.7,320.00,46935,40.00,36100835
14/019,2014-02-15,2,14,30,32,36,45,11,,2,4,1,5,1,1,1,2,1,1,20075790.00,2,1085090.00,36,160750.00,150,9600.00,3007.7,640.00,4207.3,320.00,58012.5,40.00,42464185
14/018,2014-02-13,19,23,25,40,46,49,30,25,2,4,4,2,0,1,2,1,2,0,0.00,0,0.00,42.5,122250.00,141,9600.00,2893.5,640.00,4161,320.00,49011,40.00,38466994
14/017,2014-02-11,7,10,24,25,27,29,19,,3,3,4,2,2,0,4,0,0,0.5,5771165.00,4.5,262390.00,108.4,29040.00,439.2,9600.00,5016.7,640.00,9251.3,320.00,77151.7,40.00,40048108
14/016,2014-02-09,20,21,35,37,47,48,14,37,2,4,4,2,0,1,1,2,2,0,0.00,2,920550.00,47,104450.00,125,9600.00,2474.5,640.00,3133.3,320.00,45619.3,40.00,35368580
14/015,2014-02-06,26,27,32,33,37,45,39,,0,6,4,2,0,0,2,3,1,1,33434650.00,3.5,888260.00,88,94210.00,233.5,9600.00,4398,640.00,6383,320.00,86373.5,40.00,61722146
14/014,2014-02-04,11,13,15,39,48,49,37,,3,3,5,1,0,3,0,1,2,0.5,24107830.00,4,1517970.00,215.5,75130.00,484,9600.00,10130.5,640.00,13960.2,320.00,196515.9,40.00,125815762
14/013,2014-01-30,2,3,4,16,26,36,45,4,4,2,1,5,3,1,1,1,0,2,10656700.00,6,343080.00,163.5,33570.00,207,9600.00,6393.3,640.00,4969.5,320.00,101940.2,40.00,49680279
14/012,2014-01-28,4,20,27,30,31,37,18,"20,37",2,4,3,3,1,1,2,2,0,0.5,15137910.00,2,1471040.00,75,104600.00,228.4,9600.00,4276.8,640.00,6700.5,320.00,83610.9,40.00,59207724
14/011,2014-01-25,5,20,37,38,43,48,6,5,2,4,3,3,1,1,0,2,2,0,0.00,2,1129230.00,50.5,119250.00,144,9600.00,2878,640.00,4941.5,320.00,56474.8,40.00,43722460
14/010,2014-01-23,4,5,18,21,27,31,7,,4,2,4,2,2,1,2,1,0,0,0.00,1.5,1065140.00,67.5,63110.00,247.5,9600.00,3697,640.00,7628.9,320.00,65248.8,40.00,39811383
14/009,2014-01-21,8,20,23,34,37,49,44,,3,3,3,3,1,1,1,2,1,0,0.00,0,0.00,37,135560.00,94.5,9600.00,2301.5,640.00,2733.5,320.00,48675.8,40.00,35152208
14/008,2014-01-18,3,17,18,26,28,44,38,"17,18",3,3,2,4,1,2,2,0,1,1,20291470.00,1,1884910.00,60.5,83080.00,190,9600.00,3855.5,640.00,7256.5,320.00,73051.9,40.00,43230682
14/007,2014-01-16,9,15,16,17,18,37,33,9,5,1,4,2,1,4,0,1,0,0,0.00,0,0.00,67,66030.00,193.9,9600.00,4177.4,640.00,4648.9,320.00,67634.8,40.00,38672617
14/006,2014-01-14,9,11,27,31,33,34,21,,2,4,5,1,1,1,1,3,0,0,0.00,2,639720.00,71,48050.00,194.3,9600.00,3246,640.00,5110.2,320.00,60737.3,40.00,32186606
14/005,2014-01-12,3,16,36,39,42,44,17,"16,39",2,4,2,4,1,1,0,2,2,1,34819980.00,3,992990.00,65.5,121280.00,162,9600.00,3771.2,640.00,5459.3,320.00,75180.3,40.00,56568555
14/004,2014-01-09,4,15,16,28,39,45,25,16,3,3,3,3,1,2,1,1,1,0,0.00,2,1186510.00,70.5,89760.00,188.5,9600.00,3861.2,640.00,5585.5,320.00,71153.3,40.00,48702069
14/003,2014-01-07,9,16,30,31,38,41,46,"16,31",2,4,3,3,1,1,1,2,1,0,0.00,0,0.00,50,121610.00,134.5,9600.00,3213.1,640.00,4057.5,320.00,63472.7,40.00,44242000
14/002,2014-01-04,6,16,31,32,44,49,43,49,2,4,2,4,1,1,0,2,2,0,0.00,0,0.00,30,146000.00,91.5,9600.00,1961.5,640.00,3091,320.00,41642,40.00,31151973
14/001,2014-01-02,1,36,38,43,46,49,21,,1,5,3,3,1,0,0,2,3,1,51516650.00,2.5,1802220.00,213.5,56270.00,425,9600.00,11777.5,640.00,11912,320.00,193848.3,40.00,104057565
13/152,2013-12-31,7,9,12,40,42,44,14,"9,42",3,3,2,4,2,1,0,1,2,0,0.00,3,855010.00,71,96340.00,183.5,9600.00,3822,640.00,5625.4,320.00,79710.1,40.00,51829303
13/151,2013-12-28,4,9,20,32,42,43,5,4,3,3,2,4,2,1,0,1,2,0,0.00,1,2052380.00,55.5,98610.00,165,9600.00,2930.7,640.00,4498.6,320.00,58921.3,40.00,41281122
13/150,2013-12-25,4,21,25,45,47,49,6,49,2,4,5,1,1,0,2,0,3,0,0.00,2.5,757010.00,40,126160.00,127,9600.00,2549,640.00,4008.5,320.00,52397.4,40.00,37210957
13/149,2013-12-22,12,13,18,41,43,49,39,43,3,3,4,2,0,3,0,0,3,2.5,16513930.00,1,2106500.00,73.5,114630.00,207,9600.00,4822,640.00,6280.2,320.00,96986.4,40.00,63168173
13/148,2013-12-19,4,14,31,39,43,47,27,,2,4,4,2,1,1,0,2,2,0,0.00,1.5,1738000.00,67,103760.00,217.5,9600.00,3476.5,640.00,5149,320.00,68407.7,40.00,51473920
13/147,2013-12-17,1,8,15,19,20,33,47,15,5,1,4,2,2,3,0,1,0,0,0.00,0,0.00,84,63470.00,157,9600.00,4619.6,640.00,4927,320.00,85590.3,40.00,44650817
13/146,2013-12-14,6,14,15,38,46,49,29,,3,3,2,4,1,2,0,1,2,0,0.00,0,0.00,51.5,89750.00,125.5,9600.00,2774.5,640.00,3902.9,320.00,52852.8,40.00,35264384
13/145,2013-12-12,10,19,24,28,31,34,27,,3,3,2,4,1,1,2,2,0,0,0.00,1,1355060.00,88,41060.00,136,9600.00,3452.8,640.00,3754.8,320.00,57352.9,40.00,31367167
13/144,2013-12-10,1,8,17,30,36,46,16,,3,3,2,4,2,1,1,1,1,1,90951590.00,5.5,1265730.00,222,83620.00,640.7,9600.00,12274.3,640.00,19348.1,320.00,239981.8,40.00,149624782
13/143,2013-12-07,5,18,24,26,41,44,20,26,3,3,2,4,1,1,2,0,2,0,0.00,4,1198960.00,108,118410.00,296.5,9600.00,6439.4,640.00,8953.4,320.00,130548,40.00,92942714
13/142,2013-12-05,1,16,17,19,26,46,29,"1,17",4,2,3,3,1,3,1,0,1,0,0.00,1.5,2737840.00,109,100470.00,267.5,9600.00,6871.3,640.00,9120,320.00,130592.4,40.00,83692379
13/141,2013-12-03,1,17,24,29,39,40,21,,3,3,4,2,1,1,2,2,0,0,0.00,2.5,1294770.00,124,69610.00,237.5,9600.00,6261.6,640.00,6995.9,320.00,114771.2,40.00,68205230
13/140,2013-11-30,2,15,19,34,42,45,14,34,3,3,3,3,1,2,0,1,2,0,0.00,0.5,1253360.00,67.5,99030.00,169,9600.00,3575,640.00,4751.9,320.00,65538.9,40.00,48920127
13/139,2013-11-28,3,6,21,33,34,43,9,34,3,3,4,2,2,0,1,2,1,0,0.00,3.5,464190.00,82.5,52510.00,413.5,9600.00,4074.6,640.00,9693.2,320.00,72444.1,40.00,45331946
13/138,2013-11-26,9,10,12,31,34,44,18,,3,3,2,4,2,1,0,2,1,0,0.00,0.5,1006575.00,83.5,64290.00,149.7,9600.00,4330.5,640.00,5273.8,320.00,80665.8,40.00,44206096
13/137,2013-11-23,3,18,20,21,30,41,13,3,4,2,3,3,1,2,2,0,1,0,0.00,1.5,1106170.00,54.5,81180.00,148.5,9600.00,3016,640.00,4063.4,320.00,53334,40.00,35083788
13/136,2013-11-21,3,6,8,23,25,49,4,49,4,2,4,2,3,0,2,0,1,0.5,7976880.00,3,457270.00,87,42040.00,271,9600.00,4818.4,640.00,7429.4,320.00,82410.4,40.00,39646555
13/135,2013-11-19,12,27,35,44,47,49,36,,1,5,4,2,0,1,1,1,3,0.5,11838315.00,5.5,428290.00,75,83750.00,210,9600.00,3756,640.00,5170.5,320.00,70724.1,40.00,48445488
13/134,2013-11-16,1,8,17,32,39,43,48,8,3,3,4,2,2,1,0,2,1,0,0.00,0,0.00,28.5,170740.00,113.5,9600.00,2586.2,640.00,3811,320.00,53020.5,40.00,36025904
13/133,2013-11-14,3,8,10,25,29,34,32,,3,3,3,3,3,0,2,1,0,0,0.00,0,0.00,69.5,50270.00,104.7,9600.00,3859.6,640.00,3131.9,320.00,64169.5,40.00,30822750
13/132,2013-11-12,18,19,21,28,47,49,46,,3,3,4,2,0,2,2,0,2,1,47714340.00,6,515390.00,110.5,74620.00,297.5,9600.00,5782.5,640.00,6920,320.00,105042.6,40.00,65977260
13/131,2013-11-10,13,31,32,35,39,42,16,42,1,5,4,2,0,1,0,4,1,0,0.00,1,2771180.00,76,97230.00,231,9600.00,4497.7,640.00,6654.9,320.00,83473.3,40.00,57159863
13/130,2013-11-07,4,9,14,26,30,42,21,"4,42",3,3,1,5,2,1,2,0,1,0,0.00,1.5,1563980.00,76,82310.00,196,9600.00,4675.3,640.00,5475,320.00,84330,40.00,50343853
13/129,2013-11-05,4,22,25,37,38,42,20,,2,4,2,4,1,0,2,2,1,0,0.00,1.5,1542330.00,59.7,103330.00,145,9600.00,3718.4,640.00,4370,320.00,66938.7,40.00,45919322
13/128,2013-11-02,8,18,19,29,31,34,36,29,3,3,3,3,1,2,1,2,0,0.5,16145210.00,1,2383700.00,81,78470.00,170,9600.00,4427.5,640.00,5253,320.00,81700.3,40.00,49773403
13/127,2013-10-31,2,9,29,43,46,47,21,47,2,4,4,2,2,0,1,0,3,0,0.00,0,0.00,44.5,136880.00,142.5,9600.00,3216,640.00,4388.2,320.00,66355.2,40.00,44849354
13/126,2013-10-29,1,20,22,25,34,47,17,47,3,3,3,3,1,1,2,1,1,0,0.00,0,0.00,42.5,125530.00,147,9600.00,2581.7,640.00,4276.7,320.00,52864.3,40.00,39265357
13/125,2013-10-26,6,15,30,38,47,48,40,,2,4,2,4,1,1,1,1,2,0,0.00,1,1502760.00,31.5,127210.00,96.5,9600.00,2060.5,640.00,2770.5,320.00,43057.2,40.00,29376359
13/124,2013-10-24,9,10,22,24,43,44,30,9,4,2,2,4,2,0,2,0,2,1,27369500.00,2.5,805350.00,103.5,51870.00,313.5,9600.00,4862.1,640.00,6242.4,320.00,85311.1,40.00,48669269
13/123,2013-10-22,5,9,34,36,41,49,26,41,2,4,4,2,2,0,0,2,2,0,0.00,2,1123890.00,70,85630.00,192.5,9600.00,3591,640.00,5428,320.00,72372.7,40.00,46750892
13/122,2013-10-19,1,10,31,41,44,47,18,"1,44",2,4,4,2,2,0,0,1,3,0,0.00,0.5,891580.00,37.5,126800.00,108,9600.00,2941.2,640.00,3275.9,320.00,50754.5,40.00,35298297
13/121,2013-10-17,1,11,24,35,44,45,49,,3,3,4,2,1,1,1,1,2,0.5,8344915.00,1,1946250.00,62.5,83040.00,178,9600.00,3066.2,640.00,5150,320.00,57184.1,40.00,40490457
13/120,2013-10-15,4,20,27,33,41,46,12,,2,4,3,3,1,1,1,1,2,0.5,10851060.00,1,2273070.00,58.5,103610.00,161,9600.00,2592.5,640.00,4393,320.00,54261,40.00,43395498
13/119,2013-10-13,24,28,35,37,42,48,38,,1,5,2,4,0,0,2,2,2,0,0.00,0.5,983270.00,72.5,72330.00,134,9600.00,3181.5,640.00,4425.5,320.00,56874.9,40.00,39667804
13/118,2013-10-10,8,9,11,16,17,38,20,,5,1,3,3,2,3,0,1,0,0,0.00,1.5,726190.00,88.5,32820.00,211.5,9600.00,4757.4,640.00,5299.2,320.00,80569.9,40.00,33284946
13/117,2013-10-08,1,3,6,7,15,27,30,6,5,1,5,1,4,1,1,0,0,3.5,5191970.00,6,229640.00,239,19200.00,446.3,9600.00,11372.8,640.00,9430.8,320.00,140385.7,40.00,51385237
13/116,2013-10-05,4,6,9,29,31,36,20,,3,3,3,3,3,0,1,2,0,0,0.00,1,1370970.00,84.5,43260.00,217.5,9600.00,5698.9,640.00,5708.3,320.00,92189,40.00,39432042
13/115,2013-10-03,14,17,26,32,35,41,15,,2,4,3,3,0,2,1,2,1,0.5,8726735.00,0.5,1198625.00,94.5,67640.00,178.5,9600.00,4057.4,640.00,5392,320.00,69694,40.00,48862692
13/114,2013-09-30,1,11,29,40,43,44,4,"40,43",2,4,4,2,1,1,1,1,2,0,0.00,0,0.00,31,134660.00,100,9600.00,1899.1,640.00,3557.2,320.00,40253.3,40.00,30355885
13/113,2013-09-28,33,39,40,43,48,49,34,,0,6,4,2,0,0,0,3,3,0.5,4000000.00,4.5,326060.00,103.5,37800.00,142,9600.00,2981,640.00,3080.9,320.00,46542.6,40.00,31237130
13/112,2013-09-26,3,6,7,9,11,28,34,,5,1,4,2,4,1,1,0,0,4,16641090.00,7.5,160900.00,820.2,19200.00,624,9600.00,28132.1,640.00,14518.8,320.00,315291.1,40.00,104675185
13/111,2013-09-24,13,25,26,29,30,39,19,"25,39",1,5,4,2,0,1,4,1,0,0,0.00,3,1276560.00,162.2,62960.00,355,9600.00,7641.9,640.00,9797.7,320.00,132122.7,40.00,82917426
13/110,2013-09-21,22,25,35,36,39,47,31,,1,5,4,2,0,0,2,3,1,0,0.00,3,1052320.00,125,67340.00,290,9600.00,5426.6,640.00,8342.6,320.00,99465.7,40.00,66728177
13/109,2013-09-19,3,15,18,26,45,49,41,45,3,3,4,2,1,2,1,0,2,0.5,41984065.00,8.5,939920.00,232,91830.00,521.5,9600.00,13264,640.00,15523.2,320.00,256560.8,40.00,161584207
13/108,2013-09-16,17,22,31,39,45,47,49,"39,47",2,4,5,1,0,1,1,2,2,1,12902140.00,1,1634040.00,55,79220.00,82,9600.00,2128,640.00,3303,320.00,39191,40.00,31008824
13/107,2013-09-14,6,21,29,39,40,47,33,,2,4,4,2,1,0,2,2,1,0,0.00,1,1601020.00,39.5,108080.00,71,9600.00,2015.2,640.00,2928.2,320.00,39355.6,40.00,30021678
13/106,2013-09-12,1,14,26,28,31,48,36,48,2,4,2,4,1,1,2,1,1,1,23254270.00,2,1071900.00,78.5,72820.00,222.5,9600.00,3995.9,640.00,6019.2,320.00,77353.2,40.00,47072568
13/105,2013-09-10,8,12,19,39,48,49,17,,3,3,3,3,1,2,0,1,2,0,0.00,2,930200.00,83.5,59410.00,213.5,9600.00,5256.5,640.00,5078.4,320.00,83231.3,40.00,44439814
13/104,2013-09-07,7,10,17,18,28,30,6,"7,28",4,2,2,4,2,2,2,0,0,0,0.00,7,154360.00,116,24830.00,367.2,9600.00,4824.8,640.00,7904.1,320.00,72533.4,40.00,36648286
13/103,2013-09-05,1,7,22,28,29,49,37,,3,3,4,2,2,0,3,0,1,0,0.00,2,526000.00,123.5,22710.00,164.4,9600.00,4952.4,640.00,3874.9,320.00,72757.8,40.00,30750197
13/102,2013-09-03,21,25,26,33,35,39,17,,1,5,5,1,0,0,3,3,0,1,26604050.00,2,1319710.00,67.5,104270.00,197.5,9600.00,3563.4,640.00,5558.8,320.00,73344.4,40.00,52269772
13/101,2013-08-31,3,6,17,18,42,43,36,,4,2,3,3,2,2,0,0,2,0,0.00,5,344300.00,108,42500.00,244.5,9600.00,4030.9,640.00,5782.9,320.00,71601.1,40.00,41210052
13/100,2013-08-29,24,25,28,35,38,47,16,,1,5,3,3,0,0,3,2,1,0,0.00,1,1840390.00,64.5,76080.00,150.5,9600.00,3195.5,640.00,4079.2,320.00,57842.2,40.00,38132822
13/099,2013-08-27,9,14,29,30,32,36,20,14,2,4,2,4,1,1,2,2,0,0,0.00,2,756770.00,65,62090.00,156.9,9600.00,3358.3,640.00,4423.2,320.00,60290.9,40.00,34390619
13/098,2013-08-24,3,6,10,14,15,20,33,,6,0,2,4,3,3,0,0,0,2,4000000.00,0.5,393010.00,142,19200.00,156.9,9600.00,5009.2,640.00,3666.5,320.00,70357.3,40.00,29656629
13/097,2013-08-22,1,16,25,33,41,49,46,,2,4,5,1,1,1,1,1,2,2,34624400.00,3,1485700.00,231,51450.00,322,9600.00,8793.5,640.00,9000,320.00,144216.3,40.00,92630564
13/096,2013-08-20,13,14,15,31,46,48,36,"14,31",3,3,3,3,0,3,0,1,2,0,0.00,3,1377010.00,88.5,124470.00,262,9600.00,5575.2,640.00,7841.2,320.00,109982.4,40.00,80103560
13/095,2013-08-17,9,14,30,31,32,49,1,31,2,4,3,3,1,1,1,2,1,0,0.00,5.5,525830.00,86,89670.00,307.5,9600.00,5054.6,640.00,9047.5,320.00,96360.5,40.00,63192570
13/094,2013-08-15,10,16,22,26,31,42,23,"31,42",3,3,1,5,1,1,2,1,1,0,0.00,1.5,1740160.00,65,107080.00,155.5,9600.00,4142.9,640.00,5730.5,320.00,78904.3,40.00,52327571
13/093,2013-08-13,1,6,31,41,42,49,44,41,2,4,4,2,2,0,0,1,3,0,0.00,1,2318910.00,73.5,84130.00,184,9600.00,4544.7,640.00,5088,320.00,79020.3,40.00,48985871
13/092,2013-08-10,3,10,20,30,41,44,31,,3,3,2,4,2,1,1,0,2,0,0.00,0,0.00,78.5,57390.00,247,9600.00,4535.6,640.00,5120.2,320.00,69479.9,40.00,40870246
13/091,2013-08-08,13,15,23,25,26,29,9,15,3,3,5,1,0,2,4,0,0,0,0.00,2.5,701600.00,67,69810.00,175,9600.00,3221.1,640.00,5965.9,320.00,57104,40.00,38490105
13/090,2013-08-06,4,11,15,19,32,44,42,,4,2,3,3,1,3,0,1,1,0,0.00,2,875200.00,45.5,102580.00,116.5,9600.00,2723.1,640.00,3172,320.00,52871.6,40.00,34841808
13/089,2013-08-03,5,6,12,23,38,39,48,6,4,2,3,3,2,1,1,2,0,1,12093300.00,2,826100.00,63.5,69380.00,157.5,9600.00,3893.7,640.00,4065,320.00,67095,40.00,37208568
13/088,2013-08-01,6,8,10,19,20,22,42,8,6,0,1,5,3,2,1,0,0,0.5,7136690.00,2,728420.00,171,22710.00,129.5,9600.00,7094.4,640.00,4430,320.00,97216.9,40.00,40301356
13/087,2013-07-30,8,12,31,33,42,44,49,,2,4,2,4,1,1,0,2,2,0,0.00,3,655870.00,50,104930.00,103.5,9600.00,2999.7,640.00,3246,320.00,58604.8,40.00,38353899
13/086,2013-07-27,1,3,7,22,28,36,21,,4,2,3,3,3,0,2,1,0,0.5,4000000.00,4,212520.00,142.5,19200.00,410.7,9600.00,5567.6,640.00,7145,320.00,81029.8,40.00,31218814
13/085,2013-07-25,20,23,27,32,34,49,30,32,2,4,3,3,0,1,2,2,1,1,8000000.00,1.5,1181620.00,27,175050.00,104,9600.00,1910.6,640.00,2809.8,320.00,40906.3,40.00,32854469
13/084,2013-07-23,6,8,17,22,28,32,20,17,4,2,1,5,2,1,2,1,0,1,8000000.00,0,0.00,82,37330.00,158.6,9600.00,4450.9,640.00,4311.4,320.00,70462.6,40.00,31445786
13/083,2013-07-21,3,17,20,26,33,47,34,,3,3,4,2,1,2,1,1,1,2,40791000.00,4,1469470.00,215,72900.00,544,9600.00,10946.7,640.00,14476.3,320.00,199969.9,40.00,125779952
13/082,2013-07-18,14,18,28,32,36,46,44,18,2,4,0,6,0,2,1,2,1,0,0.00,4.5,922810.00,154.5,71670.00,318,9600.00,8532,640.00,8656.5,320.00,140964.8,40.00,87674813
13/081,2013-07-16,3,18,19,20,37,47,25,18,4,2,4,2,1,3,0,1,1,0,0.00,9.5,473340.00,137,87520.00,423.5,9600.00,7188.3,640.00,10520,320.00,137802.2,40.00,93496029
13/080,2013-07-13,7,14,18,23,32,46,42,14,4,2,2,4,1,2,1,1,1,1,44225450.00,4.5,675150.00,109,74320.00,320,9600.00,5180.5,640.00,7135.1,320.00,95673,40.00,64362027
13/079,2013-07-11,14,26,28,38,39,45,8,38,1,5,2,4,0,1,2,2,1,0.5,35110875.00,3,1467310.00,180,65210.00,549.5,9600.00,8973.4,640.00,14588.5,320.00,156833.1,40.00,100386281
13/078,2013-07-09,1,4,15,38,40,46,49,,3,3,2,4,2,1,0,2,1,0,0.00,6.5,675980.00,129.5,90470.00,342,9600.00,6686,640.00,10756,320.00,133264.5,40.00,89860511
13/077,2013-07-06,6,9,27,29,43,47,17,43,2,4,5,1,2,0,2,0,2,0,0.00,6,528240.00,173.5,48710.00,558,9600.00,9007.7,640.00,13967.9,320.00,153787.1,40.00,83263998
13/076,2013-07-02,7,19,28,33,43,45,13,,2,4,5,1,1,1,1,1,2,0,0.00,10,185540.00,110.5,44770.00,589,9600.00,5520,640.00,12491.1,320.00,93027.6,40.00,56478658
13/075,2013-06-29,1,3,4,26,34,37,14,"34,37",3,3,3,3,3,0,1,2,0,0,0.00,1,2067770.00,71,77660.00,249.5,9600.00,4275.2,640.00,6643.3,320.00,80204.2,40.00,47433065
13/074,2013-06-27,16,34,37,42,47,48,17,,1,5,2,4,0,1,0,2,3,0,0.00,1.5,1484080.00,57.5,103240.00,144,9600.00,2916.5,640.00,4740.5,320.00,57539.4,40.00,43289101
13/073,2013-06-25,17,20,29,35,38,40,22,40,2,4,3,3,0,2,1,3,0,0,0.00,1,2073320.00,46.5,118900.00,127,9600.00,2642.6,640.00,3903.9,320.00,50688.4,40.00,39586013
13/072,2013-06-22,23,25,34,40,42,46,39,46,1,5,2,4,0,0,2,2,2,0,0.00,0,0.00,25.5,173350.00,64,9600.00,1560,640.00,2178.4,320.00,32348.7,40.00,29162709
13/071,2013-06-20,11,14,16,29,31,46,30,31,3,3,3,3,0,3,1,1,1,1,8000000.00,1.5,1052440.00,42.5,99050.00,113.5,9600.00,2122.2,640.00,2952.9,320.00,42983.6,40.00,30884182
13/070,2013-06-18,9,22,23,31,45,47,39,"9,45",3,3,5,1,1,0,2,1,2,1,8000000.00,1,1744440.00,40,116290.00,131,9600.00,2481.2,640.00,3302.9,320.00,49175,40.00,34535797
13/069,2013-06-15,9,14,27,29,42,45,44,,2,4,4,2,1,1,2,0,2,1,58303910.00,0.5,1784710.00,88.5,107550.00,238,9600.00,5841.2,640.00,7195.9,320.00,114154.9,40.00,72299395
13/068,2013-06-13,3,11,26,32,35,43,1,35,2,4,4,2,1,1,1,2,1,0,0.00,1,3394200.00,105,86200.00,214,9600.00,5745.6,640.00,7276,320.00,103919.7,40.00,68671567
13/067,2013-06-11,1,14,21,35,39,40,5,,3,3,4,2,1,1,1,3,0,0.5,37413035.00,5,1321730.00,174,101280.00,469,9600.00,10536.6,640.00,14238.1,320.00,196171,40.00,133452185
13/066,2013-06-09,15,18,22,24,42,44,28,,4,2,1,5,0,2,2,0,2,0,0.00,0.5,764725.00,60,67970.00,157.5,9600.00,2819,640.00,3602.7,320.00,49137.1,40.00,32665444
13/065,2013-06-06,10,16,20,28,32,48,30,48,3,3,0,6,1,2,1,1,1,1,20831590.00,2.5,735750.00,67.5,72660.00,262.7,9600.00,3777.1,640.00,6499.9,320.00,66878.2,40.00,42906733
13/064,2013-06-04,9,17,26,36,40,48,2,36,2,4,2,4,1,1,1,2,1,0,0.00,1,1981980.00,64,82580.00,145.5,9600.00,3068.9,640.00,4640,320.00,60462.6,40.00,40341214
13/063,2013-06-01,1,23,27,36,45,49,7,"27,36",2,4,5,1,1,0,2,1,2,0,0.00,0,0.00,45.5,80140.00,135.5,9600.00,2552.6,640.00,4215.3,320.00,41764.1,40.00,29578374
13/062,2013-05-30,15,17,22,27,36,46,23,,3,3,3,3,0,2,2,1,1,1,8000000.00,0,0.00,57.5,67370.00,98,9600.00,2699,640.00,3105.1,320.00,47099.2,40.00,29980083
13/061,2013-05-28,1,4,5,6,9,25,27,25,5,1,4,2,5,0,1,0,0,7.5,1066660.00,10.5,38400.00,531,19200.00,530.5,9600.00,13770.3,640.00,7906.6,320.00,110182.4,40.00,32689258
13/060,2013-05-25,3,8,10,25,26,40,38,,3,3,2,4,3,0,2,1,0,1,25067670.00,7,191360.00,188,19200.00,489,9600.00,6725.7,640.00,9056.9,320.00,98432.4,40.00,45624115
13/059,2013-05-23,12,24,27,45,47,49,6,12,2,4,4,2,0,1,2,0,3,0,0.00,0,0.00,58,95730.00,139,9600.00,2771,640.00,4428.7,320.00,54537.1,40.00,40667482
13/058,2013-05-21,11,12,16,18,23,31,36,,5,1,3,3,0,4,1,1,0,0,0.00,3,524470.00,51,82270.00,143.4,9600.00,3937.1,640.00,4298.5,320.00,67732,40.00,36126326
13/057,2013-05-19,4,14,24,30,43,48,34,48,3,3,1,5,1,1,2,0,2,0,0.00,3,332940.00,45,59180.00,418,9600.00,2123.2,640.00,5913.5,320.00,41964.1,40.00,30110924
13/056,2013-05-16,7,18,27,32,42,48,17,,2,4,2,4,1,1,1,1,2,1,18419630.00,4.5,346770.00,78.5,53010.00,311.5,9600.00,4011.9,640.00,7336.2,320.00,67816.3,40.00,40834305
13/055,2013-05-14,2,11,16,19,44,47,27,"11,16",4,2,3,3,1,3,0,0,2,0,0.00,1,1912700.00,46.5,109680.00,130,9600.00,2446.5,640.00,3997.4,320.00,50513.8,40.00,37270330
13/054,2013-05-12,1,6,11,16,20,25,22,16,5,1,3,3,2,3,1,0,0,0,0.00,3,355740.00,127.5,22320.00,213,9600.00,4505,640.00,4790.4,320.00,66552.1,40.00,31373459
13/053,2013-05-09,12,14,15,16,22,34,13,14,5,1,1,5,0,4,1,1,0,1,55390220.00,3,1236040.00,127.2,77730.00,508.6,9600.00,6937.6,640.00,9610.3,320.00,127335.8,40.00,82698344
13/052,2013-05-07,5,9,14,24,29,37,36,29,4,2,4,2,2,1,2,1,0,0,0.00,3.5,927850.00,115,75300.00,291,9600.00,6721.4,640.00,8548,320.00,125620.2,40.00,71568032
13/051,2013-05-04,1,10,29,40,44,49,33,"1,44",2,4,3,3,2,0,1,1,2,0,0.00,0.5,1158710.00,89,69430.00,199,9600.00,4627,640.00,5967.4,320.00,75328.5,40.00,49577572
13/050,2013-05-02,1,5,28,31,44,46,14,31,2,4,3,3,2,0,1,1,2,0,0.00,1.5,1510100.00,50,120800.00,146,9600.00,3143.4,640.00,4168.1,320.00,63806.2,40.00,44248131
13/049,2013-04-30,4,18,24,30,31,49,36,4,3,3,2,4,1,1,2,1,1,0.5,16976605.00,0,0.00,91.5,76940.00,214.5,9600.00,5340.2,640.00,7381.7,320.00,98762.4,40.00,57651884
13/048,2013-04-27,4,7,16,23,26,28,9,,4,2,2,4,2,1,3,0,0,0,0.00,4.5,310250.00,99.5,37410.00,433.7,9600.00,5238.3,640.00,9784,320.00,87086.8,40.00,45108692
13/047,2013-04-25,14,15,17,22,38,48,19,,4,2,2,4,0,3,1,1,1,0,0.00,0.5,1024935.00,70,78090.00,142,9600.00,3498.2,640.00,4033.2,320.00,67733.6,40.00,41887781
13/046,2013-04-23,7,20,23,29,35,41,6,,3,3,5,1,1,1,2,1,1,0,0.00,2.5,720670.00,40.5,118620.00,169,9600.00,3080.1,640.00,4774.9,320.00,58694.6,40.00,38275151
13/045,2013-04-21,9,10,15,33,40,49,48,,3,3,4,2,2,1,0,2,1,0,0.00,0,0.00,43,78410.00,174.5,9600.00,2975.7,640.00,4679.5,320.00,54507.8,40.00,30593087
13/044,2013-04-18,4,5,14,17,22,39,9,,5,1,3,3,2,2,1,1,0,2,8377850.00,3,448400.00,87,41230.00,313.2,9600.00,4126.2,640.00,8299,320.00,72273,40.00,38979850
13/043,2013-04-16,11,15,21,27,38,43,48,,3,3,5,1,0,2,2,1,1,0.5,12720080.00,1,2378700.00,95.5,66420.00,183.5,9600.00,4468.4,640.00,5040.5,320.00,80490.3,40.00,49778420
13/042,2013-04-13,8,16,29,40,46,47,18,29,2,4,2,4,1,1,1,1,2,0,0.00,0,0.00,42,125960.00,103.5,9600.00,2227,640.00,3329.1,320.00,46676.1,40.00,36824931
13/041,2013-04-11,11,18,20,24,29,49,2,,4,2,3,3,0,3,2,0,1,0.5,10368370.00,3.5,557930.00,75,69430.00,179.4,9600.00,3626.7,640.00,5861.1,320.00,70155.1,40.00,42650352
13/040,2013-04-09,2,3,25,28,35,43,39,,2,4,4,2,2,0,2,1,1,0,0.00,1,2030960.00,46.5,116470.00,125,9600.00,3293.6,640.00,4017.7,320.00,65849.5,40.00,40937736
13/039,2013-04-06,10,12,16,29,41,48,25,,3,3,2,4,1,2,1,0,2,0,0.00,2,797580.00,31,137210.00,107,9600.00,2297.7,640.00,3374.4,320.00,47217.1,40.00,31763824
13/038,2013-04-04,2,7,11,15,17,27,4,2,5,1,5,1,2,3,1,0,0,0.5,4000000.00,6,133620.00,127.5,19200.00,486.9,9600.00,5146.1,640.00,8465,320.00,67428.3,40.00,28770162
13/037,2013-04-02,2,4,9,31,33,46,5,4,3,3,3,3,3,0,0,2,1,1,18096050.00,2.5,772630.00,66,78040.00,155,9600.00,3262.2,640.00,5902.4,320.00,68241.2,40.00,41379596
13/036,2013-03-30,4,6,19,25,34,43,17,,3,3,3,3,2,1,1,1,1,0,0.00,2.5,573500.00,41,93250.00,136.5,9600.00,2570.3,640.00,3946.8,320.00,49523.6,40.00,30931736
13/035,2013-03-28,12,17,31,38,44,45,43,44,2,4,3,3,0,2,0,2,2,0,0.00,2,792370.00,30.5,138550.00,85.5,9600.00,1903,640.00,2422.2,320.00,37214.3,40.00,29467109
13/034,2013-03-26,10,15,26,35,40,44,11,,2,4,2,4,1,1,1,2,1,1,42154010.00,1.5,2700890.00,136.5,79140.00,388.5,9600.00,7522.2,640.00,11580.5,320.00,135419.2,40.00,87678628
13/033,2013-03-23,6,9,17,25,33,42,27,42,3,3,4,2,2,1,1,1,1,0,0.00,1.5,1258450.00,140.5,35820.00,255,9600.00,5449,640.00,6760.1,320.00,85556.6,40.00,46944592
13/032,2013-03-21,1,4,13,22,39,42,34,,4,2,3,3,2,1,1,1,1,0,0.00,0,0.00,72,77350.00,140.4,9600.00,3807.6,640.00,4004.4,320.00,73609,40.00,43170760
13/031,2013-03-19,3,12,15,28,29,34,8,,3,3,3,3,1,2,2,1,0,0,0.00,2,768620.00,71,57730.00,266.7,9600.00,3677.6,640.00,7716.9,320.00,64100.5,40.00,39276508
13/030,2013-03-16,6,9,31,41,45,47,18,,2,4,5,1,2,0,0,1,3,0,0.00,0.5,718525.00,33.5,114390.00,115,9600.00,2421.5,640.00,3648.7,320.00,44244.6,40.00,29849974
13/029,2013-03-14,3,4,15,16,17,46,12,"15,17",5,1,3,3,2,3,0,0,1,1,20191810.00,2,991640.00,102.5,51590.00,219.9,9600.00,4402.1,640.00,6119,320.00,73983.5,40.00,45139708
13/028,2013-03-12,13,15,17,30,38,45,4,,3,3,4,2,0,3,1,1,1,0,0.00,2.5,832250.00,64,86690.00,152.5,9600.00,3185,640.00,4171.9,320.00,60837,40.00,41692046
13/027,2013-03-09,9,18,24,34,40,43,28,"9,24",3,3,2,4,1,1,1,2,1,0,0.00,2.5,585570.00,47,83060.00,128.7,9600.00,2358.5,640.00,3360.1,320.00,43379.9,40.00,30148619
13/026,2013-03-07,8,9,24,35,39,41,2,"8,35",3,3,4,2,2,0,1,2,1,1.5,31493020.00,2,1647860.00,99.5,88320.00,303,9600.00,5519.2,640.00,8956.9,320.00,109861.3,40.00,70085613
13/025,2013-03-05,4,6,8,35,36,43,5,"8,35",3,3,2,4,3,0,0,2,1,0,0.00,4.5,550410.00,101,65390.00,353.3,9600.00,5291.1,640.00,10165.9,320.00,100440.7,40.00,59619108
13/024,2013-03-03,7,8,26,31,35,39,37,26,2,4,4,2,2,0,1,3,0,0,0.00,1,2616000.00,74.5,93630.00,217,9600.00,4400.8,640.00,6376.6,320.00,86037.7,40.00,54715967
13/023,2013-02-28,10,11,23,26,28,30,17,,3,3,2,4,1,1,4,0,0,0,0.00,0,0.00,116.5,39800.00,260.2,9600.00,5610.2,640.00,7015.7,320.00,90175.9,40.00,45702260
13/022,2013-02-26,1,4,15,16,18,36,21,36,5,1,2,4,2,3,0,1,0,0,0.00,1,1884760.00,85,59120.00,177.4,9600.00,4494.3,640.00,4958.7,320.00,76498.5,40.00,42655454
13/021,2013-02-23,12,19,23,30,35,36,15,,3,3,3,3,0,2,2,2,0,0,0.00,0,0.00,49,79670.00,118,9600.00,2985.8,640.00,3490.8,320.00,50147.4,40.00,31282363
13/020,2013-02-21,11,14,21,22,32,49,7,32,4,2,3,3,0,2,2,1,1,1,8000000.00,3.5,378980.00,41,86270.00,262.7,9600.00,2814.8,640.00,6919.4,320.00,52177.5,40.00,33967032
13/019,2013-02-19,5,18,19,32,40,44,34,,3,3,2,4,1,2,0,2,1,1,15530600.00,2.5,902120.00,62.5,96220.00,146.5,9600.00,3294.1,640.00,4436.3,320.00,62743,40.00,44382179
13/018,2013-02-16,3,12,30,35,37,38,18,,2,4,3,3,1,1,1,3,0,0,0.00,0.5,764680.00,44,92680.00,131,9600.00,2394.5,640.00,4014.2,320.00,48683.9,40.00,31900166
13/017,2013-02-14,11,16,24,27,36,48,47,,3,3,2,4,0,2,2,1,1,2,28442570.00,5.5,1144550.00,239,70230.00,458.5,9600.00,11686.4,640.00,13582,320.00,212246.9,40.00,131175195
13/016,2013-02-09,4,8,10,35,46,47,32,8,3,3,2,4,3,0,0,1,2,0,0.00,0,0.00,47.5,94450.00,98.5,9600.00,2495.5,640.00,3024.2,320.00,50041.5,40.00,33033204
13/015,2013-02-07,3,8,12,18,22,33,37,,5,1,2,4,2,2,1,1,0,1,10304580.00,5,163950.00,246.5,19200.00,259.5,9600.00,8423.1,640.00,5388.2,320.00,107515.3,40.00,40760830
13/014,2013-02-05,5,19,31,32,34,45,13,,2,4,4,2,1,1,0,3,1,0.5,7845220.00,1,2031810.00,59,91830.00,161.5,9600.00,2877.8,640.00,4804.7,320.00,57535.2,40.00,40955886
13/013,2013-02-03,2,17,23,39,47,48,22,,3,3,4,2,1,1,1,1,2,0,0.00,0,0.00,43.5,97770.00,126.5,9600.00,3029,640.00,3731.8,320.00,55468.7,40.00,33798067
13/012,2013-01-31,16,22,27,35,38,46,32,,2,4,2,4,0,1,2,2,1,1,12240970.00,9.5,148800.00,150,25130.00,260.5,9600.00,5234.9,640.00,4966.7,320.00,67059,40.00,37924648
13/011,2013-01-29,8,20,26,36,44,47,28,,2,4,1,5,1,1,1,1,2,0,0.00,1,1744630.00,38.5,120840.00,134,9600.00,2263.4,640.00,4287.6,320.00,45951.5,40.00,34678339
13/010,2013-01-26,2,29,41,42,45,48,5,2,1,5,3,3,1,0,1,0,4,1,8000000.00,1.5,1022800.00,49.5,82650.00,132.5,9600.00,2311,640.00,3157.2,320.00,39917.7,40.00,30736434
13/009,2013-01-24,1,2,3,9,20,49,24,"2,20",5,1,4,2,4,1,0,0,1,1.5,16480650.00,9,153720.00,233,19200.00,494,9600.00,11006.7,640.00,10428.6,320.00,133045.5,40.00,50914760
13/008,2013-01-22,2,4,20,22,30,37,1,,4,2,1,5,2,1,2,1,0,0,0.00,1,2060240.00,72,76300.00,259,9600.00,4310.9,640.00,8765.1,320.00,79900.9,40.00,48777028
13/007,2013-01-19,3,12,19,21,31,48,26,,4,2,4,2,1,2,1,1,1,0,0.00,1.5,1076710.00,100,43060.00,166.5,9600.00,4665.9,640.00,4558.2,320.00,66087.7,40.00,37997742
13/006,2013-01-17,2,8,14,25,43,44,11,,3,3,2,4,2,1,1,0,2,0,0.00,0,0.00,32.5,126710.00,147,9600.00,2531.2,640.00,4542.4,320.00,50119.8,40.00,32969568
13/005,2013-01-15,3,4,7,24,27,31,13,"3,31",4,2,4,2,3,0,2,1,0,1,20079730.00,3,580250.00,125.5,36980.00,290.4,9600.00,6265.3,640.00,7476.7,320.00,96436.5,40.00,47778499
13/004,2013-01-13,3,6,19,21,31,49,7,,4,2,5,1,2,1,1,1,1,0,0.00,1.5,1181070.00,50,94480.00,240.5,9600.00,3808.1,640.00,7515.6,320.00,66378,40.00,42194389
13/003,2013-01-10,2,9,24,34,41,45,48,,3,3,3,3,2,0,1,1,2,0,0.00,0,0.00,73,56350.00,121,9600.00,2953.2,640.00,3586,320.00,52578.5,40.00,32599347
13/002,2013-01-08,14,19,20,21,29,49,7,,4,2,4,2,0,3,2,0,1,2,41343400.00,7,1068830.00,230,86740.00,775.5,9600.00,12926.2,640.00,22145.4,320.00,238908.1,40.00,161430634
13/001,2013-01-03,17,25,32,33,46,48,39,"25,32,48",1,5,3,3,0,1,1,2,2,0,0.00,1.5,3980070.00,165.5,96190.00,416.5,9600.00,8840.5,640.00,11690.7,320.00,165044.1,40.00,118029979
12/152,2012-12-31,5,6,25,30,32,48,45,6,2,4,2,4,2,0,2,1,1,0,0.00,4,808160.00,75.5,114170.00,260.5,9600.00,5579,640.00,8318.5,320.00,105713.7,40.00,67859848
12/151,2012-12-29,1,6,9,11,33,39,40,39,4,2,5,1,3,1,0,2,0,0,0.00,7.5,226150.00,171,26450.00,326,9600.00,9118.7,640.00,6743.1,320.00,132601,40.00,53431978
12/150,2012-12-27,4,7,29,39,44,47,23,,2,4,4,2,2,0,1,1,2,0,0.00,4,558420.00,113.5,52480.00,183,9600.00,4605.5,640.00,5088,320.00,79510,40.00,47920082
12/149,2012-12-25,12,18,23,24,46,49,14,,4,2,2,4,0,2,2,0,2,0,0.00,1.5,1364780.00,59.5,91750.00,149.5,9600.00,3683,640.00,3953.2,320.00,68149.7,40.00,42186989
12/148,2012-12-23,9,27,28,32,34,43,2,34,1,5,3,3,1,0,2,2,1,0,0.00,0.5,957420.00,49,104200.00,151.5,9600.00,3342.6,640.00,4572.9,320.00,61992,40.00,39934909
12/147,2012-12-20,4,12,25,34,36,40,49,,2,4,1,5,1,1,1,3,0,0,0.00,2,752630.00,57,70420.00,131,9600.00,2722.1,640.00,3072,320.00,49874,40.00,31491290
12/146,2012-12-18,8,14,21,41,45,48,34,"21,41",3,3,3,3,1,1,1,0,3,1,42704240.00,3,1109270.00,102.5,86570.00,226.5,9600.00,4668.9,640.00,6704.5,320.00,91404.4,40.00,65451595
12/145,2012-12-15,18,21,28,33,41,47,48,47,2,4,4,2,0,1,2,1,2,0,0.00,1,2503600.00,67,99640.00,212,9600.00,4393.2,640.00,6182,320.00,82768.4,40.00,52735687
12/144,2012-12-13,6,9,29,31,42,47,14,42,2,4,4,2,2,0,1,1,2,0,0.00,1,2292670.00,64.5,94780.00,168.5,9600.00,3964.5,640.00,5822.4,320.00,80066.9,40.00,48179351
12/143,2012-12-11,2,15,28,41,42,49,24,15,2,4,3,3,1,1,1,0,3,0,0.00,0,0.00,54,109030.00,138,9600.00,2825,640.00,4324.8,320.00,58859.3,40.00,42677796
12/142,2012-12-08,15,22,30,33,34,47,38,,2,4,3,3,0,1,2,2,1,0,0.00,0,0.00,40,100020.00,113.5,9600.00,2302.5,640.00,2827.7,320.00,45100.1,40.00,30118674
12/141,2012-12-06,1,6,38,41,43,45,48,,2,4,4,2,2,0,0,1,3,1,64521730.00,2,2265030.00,130.5,92560.00,334.5,9600.00,7457,640.00,10772.5,320.00,139750,40.00,92978025
12/140,2012-12-04,7,10,11,18,37,47,4,10,4,2,4,2,2,2,0,1,1,0,0.00,9,314850.00,220,34340.00,602.5,9600.00,10125.1,640.00,14979.9,320.00,163863.3,40.00,82169646
12/139,2012-12-01,10,16,17,27,36,38,47,17,3,3,2,4,1,2,1,2,0,0,0.00,8,337530.00,147.9,48680.00,244.5,9600.00,6737,640.00,6966.5,320.00,108770.6,40.00,61150819
12/138,2012-11-29,13,17,26,28,32,34,6,34,2,4,2,4,0,2,2,2,0,0,0.00,3,656030.00,112,46850.00,356.5,9600.00,6696.1,640.00,9091.7,320.00,95364.4,40.00,53426139
12/137,2012-11-27,8,20,21,24,34,47,10,,4,2,2,4,1,1,2,1,1,0,0.00,2.5,961850.00,50.5,126970.00,172.5,9600.00,3441.9,640.00,6633.3,320.00,71147.4,40.00,48969789
12/136,2012-11-24,2,3,4,15,23,40,13,,5,1,3,3,3,1,1,1,0,0,0.00,1,1858410.00,70,70790.00,187.7,9600.00,3823.3,640.00,5784.5,320.00,73817.1,40.00,41976562
12/135,2012-11-22,9,22,26,30,44,49,31,,2,4,2,4,1,0,3,0,2,0,0.00,0,0.00,65,69130.00,145,9600.00,3855.5,640.00,4360.2,320.00,71418,40.00,37883911
12/134,2012-11-20,2,11,20,37,45,47,13,,3,3,4,2,1,2,0,1,2,0,0.00,1.5,1087860.00,69.5,62610.00,154,9600.00,3533.5,640.00,4338.5,320.00,58438,40.00,35963490
12/133,2012-11-17,7,12,24,39,43,48,30,48,3,3,3,3,1,1,1,1,2,0.5,4000000.00,1,1508240.00,46,87430.00,94,9600.00,2224,640.00,3104.1,320.00,43777.4,40.00,29851038
12/132,2012-11-15,18,20,36,41,46,48,21,,2,4,1,5,0,2,0,1,3,1,14238080.00,1,2079360.00,43,128950.00,91,9600.00,2488.5,640.00,3201,320.00,48350.5,40.00,38255531
12/131,2012-11-13,3,5,25,26,29,30,31,26,2,4,4,2,2,0,4,0,0,0,0.00,1.5,943690.00,66.5,56760.00,150.2,9600.00,3351,640.00,3752.3,320.00,58687.5,40.00,32416894
12/130,2012-11-11,9,26,28,35,45,47,25,"26,47",1,5,4,2,1,0,2,1,2,1,22664860.00,4.5,534420.00,62,103430.00,200.5,9600.00,3709.9,640.00,5872,320.00,74987.1,40.00,49622420
12/129,2012-11-08,15,26,31,37,44,47,43,37,1,5,4,2,0,1,1,2,2,0,0.00,0.5,1064300.00,44,129000.00,119,9600.00,2692.5,640.00,3509.5,320.00,51880.8,40.00,40107495
12/128,2012-11-06,1,6,8,28,37,39,42,1,3,3,3,3,3,0,1,2,0,0,0.00,1.5,943930.00,84.5,44680.00,135,9600.00,4729.1,640.00,3639.6,320.00,76561.6,40.00,35041901
12/127,2012-11-03,1,12,33,36,46,48,41,,2,4,2,4,1,1,0,2,2,1,65018000.00,1.5,2831250.00,133.5,84830.00,259,9600.00,7168.9,640.00,7659.5,320.00,134706.2,40.00,85234238
12/126,2012-11-01,15,18,24,28,34,42,2,"28,34",3,3,1,5,0,2,2,1,1,0,0.00,1,3744370.00,101,98860.00,281,9600.00,5754,640.00,8799.4,320.00,111447.4,40.00,76083680
12/125,2012-10-30,1,20,28,30,34,40,19,"28,30,34",2,4,1,5,1,1,2,2,0,0,0.00,3.5,1051830.00,164,59860.00,361.5,9600.00,10042.2,640.00,9237.4,320.00,138559.8,40.00,84010751
12/124,2012-10-27,26,28,30,34,36,39,1,,0,6,1,5,0,0,3,3,0,0,0.00,1,1994640.00,61.7,86200.00,117,9600.00,2680.8,640.00,3497.7,320.00,51617.4,40.00,38214207
12/123,2012-10-25,8,17,23,40,41,43,28,41,3,3,4,2,1,1,1,1,2,0,0.00,0,0.00,21,208350.00,99.5,9600.00,2136,640.00,3249.5,320.00,44774,40.00,31802589
12/122,2012-10-23,11,28,29,41,45,47,21,,1,5,5,1,0,1,2,0,3,1,71084710.00,2,2390550.00,151,84430.00,347,9600.00,7476,640.00,11209.9,320.00,142535.7,40.00,97094262
12/121,2012-10-20,4,19,31,34,37,44,6,4,2,4,3,3,1,1,0,3,1,0,0.00,1.5,2578020.00,97.5,105760.00,237.5,9600.00,5466.7,640.00,7281.5,320.00,105006.4,40.00,75257369
12/120,2012-10-18,4,6,10,14,16,29,26,,5,1,1,5,3,2,1,0,0,0,0.00,7,358200.00,167.5,39910.00,488,9600.00,7998.4,640.00,10466.9,320.00,125964.8,40.00,67706001
12/119,2012-10-16,9,17,27,35,39,44,40,,2,4,5,1,1,1,1,2,1,0,0.00,3.5,845090.00,110.5,71380.00,220.5,9600.00,5610.2,640.00,6246.5,320.00,102651.3,40.00,62002507
12/118,2012-10-13,5,6,11,26,33,41,4,11,3,3,4,2,2,1,1,1,1,0.5,28744470.00,3,1156780.00,167,55410.00,413.5,9600.00,8774.9,640.00,12266.8,320.00,153797.5,40.00,83493915
12/117,2012-10-11,1,3,11,18,40,46,35,,4,2,3,3,2,2,0,1,1,0,0.00,0,0.00,102,86680.00,277.5,9600.00,6234.5,640.00,7622.4,320.00,125350.8,40.00,71109958
12/116,2012-10-09,15,17,21,22,27,36,16,,4,2,4,2,0,2,3,1,0,0,0.00,2.5,993630.00,113,58620.00,327.5,9600.00,6078.3,640.00,7524.2,320.00,106250.9,40.00,59056096
12/115,2012-10-07,1,10,12,13,29,47,9,12,4,2,4,2,2,2,1,0,1,0,0.00,2,1214320.00,122,53080.00,455.5,9600.00,6288,640.00,13220.8,320.00,113576.4,40.00,64746580
12/114,2012-10-02,12,24,25,33,37,44,13,,2,4,3,3,0,1,2,2,1,0,0.00,3.5,560520.00,70.5,74200.00,208,9600.00,3609.2,640.00,4973.1,320.00,61649.1,40.00,42104644
12/113,2012-09-29,2,8,16,17,20,26,32,17,5,1,1,5,2,3,1,0,0,0,0.00,0.5,741520.00,72.7,54390.00,212.7,9600.00,4325.1,640.00,4783.4,320.00,70764.3,40.00,37103767
12/112,2012-09-27,1,3,10,15,17,40,28,"1,17",5,1,4,2,3,2,0,1,0,0,0.00,3.5,399340.00,56,66550.00,143.5,9600.00,3348.2,640.00,4868.2,320.00,62150.9,40.00,32970230
12/111,2012-09-25,1,4,17,20,28,32,47,,4,2,2,4,2,2,1,1,0,2.5,3200000.00,2.5,619500.00,54,76480.00,126,9600.00,3252.4,640.00,3947,320.00,60320.2,40.00,33913347
12/110,2012-09-22,2,13,33,35,38,49,40,38,2,4,4,2,1,1,0,3,1,2.5,49591870.00,11.5,1177230.00,505,71480.00,1091.5,9600.00,25343,640.00,30288.5,320.00,465996.3,40.00,285575400
12/109,2012-09-18,15,26,27,38,42,43,39,27,1,5,3,3,0,1,2,1,2,0,0.00,4,1947100.00,324.5,64000.00,709.5,9600.00,17182.2,640.00,18299,320.00,271527.3,40.00,169597225
12/108,2012-09-15,6,7,18,21,27,48,42,48,4,2,3,3,2,1,2,0,1,0,0.00,1.5,1054440.00,55,76680.00,144,9600.00,3395.7,640.00,3830.9,320.00,67591.2,40.00,35319525
12/107,2012-09-13,16,20,22,31,42,48,43,,3,3,1,5,0,2,1,1,2,0,0.00,0.5,820680.00,44,99470.00,92.5,9600.00,2112,640.00,2346,320.00,40673.3,40.00,30818456
12/106,2012-09-11,4,11,25,27,39,41,43,"4,27",2,4,5,1,1,1,2,1,1,1,46786070.00,1,3394430.00,116.5,77690.00,192,9600.00,6223.5,640.00,6084.1,320.00,107134,40.00,68381765
12/105,2012-09-09,4,7,12,15,27,34,37,,4,2,3,3,2,2,1,1,0,0,0.00,3.5,612030.00,152.5,37450.00,338.5,9600.00,7768.3,640.00,9231.1,320.00,126054.2,40.00,59093685
12/104,2012-09-06,6,13,33,38,41,43,29,43,2,4,4,2,1,1,0,2,2,0,0.00,0.5,1154650.00,87.5,70370.00,179.5,9600.00,4439.6,640.00,5382.6,320.00,77708.8,40.00,48728398
12/103,2012-09-04,20,24,34,36,43,45,3,,2,4,2,4,0,1,1,2,2,0,0.00,0.5,1217300.00,50.5,128560.00,111.5,9600.00,2771.9,640.00,4315.6,320.00,55989.5,40.00,45001750
12/102,2012-09-01,9,12,15,19,21,47,38,"15,21",5,1,5,1,1,3,1,0,1,0,0.00,1,1623510.00,53,81680.00,141.5,9600.00,3258.7,640.00,4155.6,320.00,59689.8,40.00,35287432
12/101,2012-08-30,7,11,15,21,26,34,38,7,4,2,4,2,1,2,2,1,0,0,0.00,0.5,702190.00,59.5,62940.00,106,9600.00,2744.6,640.00,3221.1,320.00,52581.5,40.00,29993890
12/100,2012-08-28,7,17,24,29,47,49,45,"7,47",3,3,5,1,1,1,2,0,2,1,13257260.00,0.5,876210.00,92,50790.00,136,9600.00,4040.5,640.00,3971.5,320.00,69272.3,40.00,38465847
12/099,2012-08-25,3,7,21,22,38,47,27,47,4,2,4,2,2,0,2,1,1,0,0.00,3,363060.00,81,35850.00,214.5,9600.00,3151.2,640.00,4619,320.00,50955.9,40.00,28836441
12/098,2012-08-23,13,15,25,28,45,47,5,,2,4,5,1,0,2,2,0,2,2,17176790.00,1.5,1532880.00,70.5,86970.00,438.5,9600.00,4163,640.00,10179.6,320.00,76704.5,40.00,55637856
12/097,2012-08-21,1,7,12,17,36,38,48,7,4,2,3,3,2,2,0,2,0,0,0.00,1,2033470.00,72.5,74790.00,244,9600.00,5385.5,640.00,5969,320.00,97967.1,40.00,49102118
12/096,2012-08-18,7,10,22,32,34,48,45,34,3,3,1,5,2,0,1,2,1,0,0.00,0,0.00,60,83250.00,153.5,9600.00,3720.6,640.00,4063,320.00,72252.7,40.00,40312266
12/095,2012-08-16,5,6,13,19,23,34,8,"13,34",5,1,4,2,2,2,1,1,0,0,0.00,1.5,929850.00,69.6,53440.00,243.1,9600.00,3465.7,640.00,6861.3,320.00,60511.2,40.00,35900184
12/094,2012-08-14,2,13,16,34,37,47,28,,3,3,3,3,1,2,0,2,1,0,0.00,0,0.00,33.5,133550.00,118,9600.00,2183,640.00,3559.6,320.00,45033,40.00,32891775
12/093,2012-08-11,5,11,12,31,41,42,16,42,3,3,4,2,1,2,0,1,2,1,12432540.00,4.5,328330.00,58,67930.00,153.5,9600.00,3859.7,640.00,3729.6,320.00,62692.1,40.00,34202309
12/092,2012-08-09,10,13,20,22,42,46,48,"13,46",4,2,1,5,1,2,1,0,2,0,0.00,1,1459420.00,36,108100.00,138,9600.00,2521.2,640.00,3391.5,320.00,49846.6,40.00,30943057
12/091,2012-08-07,2,9,13,40,44,46,10,,3,3,2,4,2,1,0,1,2,1,8000000.00,2.5,507320.00,71.5,47300.00,288.5,9600.00,3414,640.00,7100.1,320.00,54122.8,40.00,34598377
12/090,2012-08-04,8,15,20,41,42,49,12,49,3,3,3,3,1,2,0,0,3,1,13465570.00,0,0.00,46.5,104470.00,110,9600.00,2165.5,640.00,3919.9,320.00,48803.8,40.00,35176642
12/089,2012-08-02,9,11,12,22,28,49,7,,4,2,3,3,1,2,2,0,1,0,0.00,2,439320.00,101,23190.00,481.5,9600.00,5125.9,640.00,10546.3,320.00,77289.4,40.00,29800817
12/088,2012-07-31,2,10,16,23,35,47,1,,4,2,3,3,2,1,1,1,1,3,17154580.00,6,747980.00,136,87990.00,354,9600.00,7451.8,640.00,11010.6,320.00,136716.4,40.00,92663222
12/087,2012-07-28,18,25,38,40,44,45,5,44,1,5,2,4,0,1,1,2,2,0,0.00,0,0.00,42,126930.00,158.2,9600.00,2506.2,640.00,4613.7,320.00,49499.9,40.00,39306513
12/086,2012-07-26,9,11,13,22,24,44,32,"11,22",5,1,3,3,1,2,2,0,1,0,0.00,1,1340470.00,100,35740.00,177,9600.00,4741.4,640.00,4879.3,320.00,74815.7,40.00,35385209
12/085,2012-07-24,10,11,15,22,23,45,31,"23,45",5,1,4,2,1,2,2,0,1,0,0.00,0.5,673030.00,49.5,72510.00,104,9600.00,2966.9,640.00,3592.2,320.00,52868.4,40.00,29671737
12/084,2012-07-21,7,19,23,30,34,45,13,"30,34",3,3,4,2,1,1,2,1,1,1,34938270.00,2.5,979700.00,62,105340.00,213.5,9600.00,4057.4,640.00,6000.3,320.00,78381.7,40.00,51194492
12/083,2012-07-19,9,20,30,34,35,46,29,30,2,4,2,4,1,1,1,2,1,0,0.00,1,2415830.00,52,123880.00,175,9600.00,3464.2,640.00,5878.3,320.00,68116.2,40.00,48520746
12/082,2012-07-17,8,11,17,24,30,49,3,24,4,2,3,3,1,2,2,0,1,0,0.00,4,454980.00,82,59180.00,346.7,9600.00,4484.1,640.00,8313.8,320.00,80792.7,40.00,47079659
12/081,2012-07-14,2,6,16,24,41,46,27,2,4,2,1,5,2,1,1,0,2,0,0.00,0,0.00,45.5,100850.00,110.5,9600.00,2744.2,640.00,3196.4,320.00,50930.2,40.00,34229212
12/080,2012-07-12,2,13,33,39,40,44,43,13,2,4,3,3,1,1,0,3,1,0,0.00,1,1659680.00,36.5,121250.00,82,9600.00,1950.5,640.00,2840.5,320.00,39328.6,40.00,30882410
12/079,2012-07-10,4,7,13,28,36,49,3,4,3,3,3,3,2,1,1,1,1,1,32054460.00,3.5,643140.00,153,39230.00,332,9600.00,6568.6,640.00,9646.3,320.00,109347.5,40.00,58042219
12/078,2012-07-07,1,4,5,22,44,46,37,,4,2,2,4,3,0,1,0,2,0,0.00,1,2075190.00,97.5,56750.00,151,9600.00,4651.5,640.00,4902,320.00,86654.8,40.00,45674602
12/077,2012-07-05,2,3,11,24,26,27,44,,4,2,3,3,2,1,3,0,0,0,0.00,1,1905940.00,126.5,40170.00,120.5,9600.00,5101.7,640.00,4064.5,320.00,83511.6,40.00,42640598
12/076,2012-07-03,6,10,12,14,31,38,20,10,4,2,1,5,2,2,0,2,0,0,0.00,1.5,1034790.00,73.5,56310.00,212.4,9600.00,4044.3,640.00,5602.6,320.00,71104.2,40.00,38214283
12/075,2012-06-30,10,13,28,32,37,41,1,,2,4,3,3,1,1,1,2,1,0,0.00,0.5,701450.00,44,85020.00,150.5,9600.00,2244.7,640.00,3754.8,320.00,42237.5,40.00,29722428
12/074,2012-06-28,3,6,14,19,27,36,24,"6,19",4,2,3,3,2,2,1,1,0,1.5,5333330.00,0.5,644420.00,84,40910.00,166.8,9600.00,3616.2,640.00,4276.6,320.00,59515.8,40.00,31679371
12/073,2012-06-26,6,19,26,28,37,49,47,,2,4,3,3,1,1,2,1,1,1,14392890.00,1,1891540.00,72,70050.00,158.5,9600.00,3866.2,640.00,5082.5,320.00,72236.5,40.00,41424639
12/072,2012-06-23,9,14,17,34,40,48,39,17,3,3,2,4,1,2,0,2,1,0,0.00,0.5,718260.00,37,103530.00,140.5,9600.00,2323.5,640.00,3685.2,320.00,45954.4,40.00,30328336
12/071,2012-06-21,2,5,8,13,17,35,28,13,5,1,4,2,3,2,0,1,0,1.5,28364760.00,9,353590.00,264.5,32080.00,644,9600.00,11370.8,640.00,16052.4,320.00,173741.3,40.00,90481987
12/070,2012-06-19,10,13,26,40,42,48,24,13,2,4,1,5,1,1,1,1,2,0,0.00,1,1807590.00,32.5,148310.00,97.5,9600.00,2213.5,640.00,3128.1,320.00,43977,40.00,33991068
12/069,2012-06-16,2,4,6,7,13,29,9,7,5,1,3,3,4,1,1,0,0,4,17147740.00,14.5,259770.00,370,27140.00,1529.5,9600.00,16600.1,640.00,31865.6,320.00,252265.6,40.00,127756978
12/068,2012-06-12,7,14,16,25,30,36,32,,3,3,2,4,1,2,2,1,0,0,0.00,1.5,2403150.00,171,56210.00,322.2,9600.00,8837.1,640.00,9658.8,320.00,144973.1,40.00,81568359
12/067,2012-06-10,8,15,18,37,39,44,6,39,3,3,3,3,1,2,0,2,1,0,0.00,0,0.00,85,103530.00,222.5,9600.00,4926.7,640.00,7357.5,320.00,95488.5,40.00,66001273
12/066,2012-06-07,4,17,20,29,39,48,9,,3,3,3,3,1,2,1,1,1,0,0.00,0,0.00,73,85280.00,293.5,9600.00,4027,640.00,9233.2,320.00,76916.1,40.00,52834536
12/065,2012-06-05,10,21,26,34,35,43,37,43,2,4,3,3,1,0,2,2,1,0,0.00,2,1236080.00,80.5,81890.00,133.5,9600.00,3555.8,640.00,4613.5,320.00,68201.8,40.00,47912779
12/064,2012-06-02,9,14,19,20,43,47,37,"9,47",4,2,4,2,1,3,0,0,2,0,0.00,0,0.00,44.5,113360.00,115,9600.00,2319.9,640.00,3434.7,320.00,47778.8,40.00,36033730
12/063,2012-05-31,4,9,24,31,39,47,38,31,3,3,4,2,2,0,1,2,1,0,0.00,2,825440.00,45.5,96750.00,113.5,9600.00,2869.7,640.00,3451.4,320.00,53552.7,40.00,33828222
12/062,2012-05-29,8,18,20,22,31,37,46,"20,22",4,2,2,4,1,2,1,2,0,0.5,4000000.00,1,1695090.00,62,72900.00,81.5,9600.00,2649.7,640.00,2638.5,320.00,54351,40.00,33175665
12/061,2012-05-26,9,10,20,22,38,49,7,,4,2,2,4,2,1,1,1,1,1,8000000.00,1,856100.00,102.5,22270.00,244,9600.00,4920.5,640.00,5600.2,320.00,60562.6,40.00,29036301
12/060,2012-05-24,2,5,8,29,40,47,34,8,3,3,3,3,3,0,1,1,1,1,20869430.00,1,2136320.00,61,93390.00,142.5,9600.00,3891.4,640.00,4201.2,320.00,73495.2,40.00,44061862
12/059,2012-05-22,1,8,22,26,32,37,41,26,3,3,2,4,2,0,2,2,0,0,0.00,0.5,922920.00,75,65630.00,129.5,9600.00,3472.8,640.00,3410.7,320.00,66606.8,40.00,38415154
12/058,2012-05-20,3,17,23,26,41,47,33,,3,3,5,1,1,1,2,0,2,0,0.00,1,1387290.00,38,97350.00,143.5,9600.00,2620,640.00,4062.8,320.00,48666.5,40.00,30489776
12/057,2012-05-17,1,10,15,21,27,37,40,,4,2,5,1,2,1,2,1,0,1.5,29868930.00,1,3089990.00,149,55300.00,268.4,9600.00,6253.9,640.00,6961.2,320.00,115886.8,40.00,66813866
12/056,2012-05-15,5,14,16,22,23,33,32,16,5,1,3,3,1,2,2,1,0,0,0.00,5.5,421240.00,111.5,55410.00,355.2,9600.00,5586.9,640.00,8437,320.00,101615.2,40.00,56894756
12/055,2012-05-13,16,21,30,34,39,45,4,34,2,4,3,3,0,1,2,2,1,0,0.00,4,714770.00,68.5,111300.00,179.7,9600.00,3387.5,640.00,4703.5,320.00,65155,40.00,53611476
12/054,2012-05-10,13,17,23,32,34,46,41,"17,34",3,3,3,3,0,2,1,2,1,0,0.00,2.5,895800.00,51.5,115960.00,143.5,9600.00,3304.1,640.00,4151,320.00,63773.8,40.00,44033536
12/053,2012-05-08,4,9,10,17,33,34,35,"4,17",4,2,3,3,3,1,0,2,0,0,0.00,2,881180.00,71.5,65720.00,206,9600.00,4336.3,640.00,5029.1,320.00,81912.1,40.00,41758827
12/052,2012-05-05,4,11,17,29,39,49,8,49,3,3,5,1,1,2,1,1,1,0,0.00,1,1212680.00,79.5,40670.00,175,9600.00,3648,640.00,4594.5,320.00,59653.2,40.00,31028197
12/051,2012-05-03,2,20,28,46,47,49,3,,2,4,2,4,1,1,1,0,3,1,33911460.00,0.5,1239920.00,102,64830.00,347,9600.00,4980.5,640.00,9219.5,320.00,87086.2,40.00,57629143
12/050,2012-05-01,5,17,19,26,32,33,22,"17,19,32",3,3,4,2,1,2,1,2,0,0,0.00,1,2429840.00,96,67490.00,217,9600.00,4656.6,640.00,6453,320.00,83755.7,40.00,52369801
12/049,2012-04-28,11,17,19,20,29,32,38,"11,17",4,2,4,2,0,4,1,1,0,0,0.00,0,0.00,84.5,61040.00,136,9600.00,3946.8,640.00,4167.2,320.00,67778.3,40.00,40829811
12/048,2012-04-26,7,10,11,17,22,30,14,17,5,1,3,3,2,2,2,0,0,0,0.00,1.5,765450.00,125.5,24390.00,246.6,9600.00,5949.7,640.00,6149.1,320.00,89559.2,40.00,37290401
12/047,2012-04-24,1,17,28,29,31,34,45,1,2,4,4,2,1,1,2,2,0,0,0.00,1,1631090.00,48.5,89680.00,79.5,9600.00,2471.9,640.00,2733.2,320.00,50900.9,40.00,31861666
12/046,2012-04-22,1,3,11,21,41,42,2,41,4,2,5,1,2,1,1,0,2,1.5,35477960.00,10,201020.00,498.9,19200.00,781.6,9600.00,12272.1,640.00,13339.2,320.00,160505.3,40.00,84090395
12/045,2012-04-19,5,12,13,20,37,41,23,,4,2,4,2,1,3,0,1,1,0,0.00,1.5,2172280.00,74,117420.00,255.5,9600.00,5506.1,640.00,8566.7,320.00,105152.6,40.00,68139653
12/044,2012-04-17,6,7,17,19,35,46,4,19,4,2,4,2,2,2,0,1,1,0,0.00,3.5,774920.00,85,85080.00,302,9600.00,5236.1,640.00,8485.8,320.00,95741.1,40.00,60491095
12/043,2012-04-14,3,15,19,20,32,40,25,,4,2,3,3,1,3,0,2,0,0,0.00,1,2424350.00,65.7,98400.00,158.5,9600.00,3753.8,640.00,4756.6,320.00,70996.5,40.00,48234912
12/042,2012-04-12,2,11,16,17,25,28,41,"11,16",4,2,3,3,1,3,2,0,0,0,0.00,0,0.00,87,63980.00,133.5,9600.00,4284.4,640.00,4205,320.00,77767,40.00,44023673
12/041,2012-04-10,4,11,16,26,42,47,6,,3,3,2,4,1,2,1,0,2,0,0.00,1,1883740.00,49,102510.00,152.5,9600.00,3064.3,640.00,5648.5,320.00,58894.1,40.00,39608787
12/040,2012-04-07,3,14,22,24,34,49,44,,4,2,2,4,1,1,2,1,1,0,0.00,1.5,727700.00,40.5,71870.00,307,9600.00,2654.5,640.00,4597.2,320.00,49861.8,40.00,29830321
12/039,2012-04-05,13,15,17,18,41,45,14,,4,2,5,1,0,4,0,0,2,1,31456990.00,0,0.00,81.5,75300.00,385.2,9600.00,4161.5,640.00,5925.7,320.00,74540.9,40.00,52037809
12/038,2012-04-03,20,21,28,44,46,47,42,44,2,4,2,4,0,1,2,0,3,0.5,24552305.00,2.5,2147280.00,121,118300.00,334,9600.00,6900.5,640.00,9958.5,320.00,137427.8,40.00,103026035
12/037,2012-03-31,11,19,30,33,37,44,18,,2,4,4,2,0,2,1,2,1,0,0.00,1,1804510.00,59.5,80870.00,144,9600.00,3115.5,640.00,4273.3,320.00,56169.4,40.00,37426753
12/036,2012-03-29,10,16,21,28,29,31,8,,3,3,3,3,1,1,3,1,0,0,0.00,0,0.00,40.5,78040.00,231.2,9600.00,2853.9,640.00,6287.3,320.00,52807.9,40.00,31211076
12/035,2012-03-27,2,7,17,25,30,43,38,43,3,3,4,2,2,1,2,0,1,1,38292990.00,4,752650.00,69.9,114850.00,220.5,9600.00,4629.6,640.00,6071.1,320.00,92000.7,40.00,60663409
12/034,2012-03-24,3,23,32,35,43,49,34,"35,49",2,4,5,1,1,0,1,2,2,0,0.00,1,2225340.00,75,79120.00,208.5,9600.00,4200.5,640.00,6409.1,320.00,74589.8,40.00,48198800
12/033,2012-03-22,2,35,38,47,48,49,41,,1,5,3,3,1,0,0,2,3,0,0.00,2,986420.00,74,71090.00,172,9600.00,5027.5,640.00,4787.5,320.00,73797,40.00,44084707
12/032,2012-03-20,11,13,18,29,44,46,37,"13,18",3,3,3,3,0,3,1,0,2,0.5,16666600.00,3,980110.00,81,96800.00,246,9600.00,4696.9,640.00,6171.4,320.00,88937.1,40.00,60075662
12/031,2012-03-17,4,6,13,18,23,45,15,4,5,1,3,3,2,2,1,0,1,0,0.00,0,0.00,73,73880.00,184,9600.00,3970.5,640.00,5040.2,320.00,74311.3,40.00,43909972
12/030,2012-03-15,4,28,31,34,48,49,6,48,1,5,2,4,1,0,1,2,2,0,0.00,0,0.00,44,115530.00,133,9600.00,3033,640.00,4238,320.00,60205.9,40.00,38792307
12/029,2012-03-13,7,8,26,43,47,48,12,48,2,4,3,3,2,0,1,0,3,0,0.00,0.5,796095.00,57,74480.00,111.5,9600.00,2617.5,640.00,4072.5,320.00,49075.5,40.00,32733797
12/028,2012-03-11,10,23,33,39,42,48,34,,2,4,3,3,1,0,1,2,2,1.5,6523430.00,1,1704800.00,83,54770.00,133.5,9600.00,3544,640.00,3791.5,320.00,58389.2,40.00,36274165
12/027,2012-03-08,3,5,9,17,35,36,43,"3,36",4,2,5,1,3,1,0,2,0,0.5,4000000.00,0.5,670725.00,89,40190.00,131,9600.00,4322.4,640.00,3589,320.00,72137.1,40.00,33121073
12/026,2012-03-06,3,7,28,31,33,36,32,"3,28",2,4,4,2,2,0,1,3,0,1.5,5333330.00,3,443570.00,87.5,40550.00,224,9600.00,4127.7,640.00,5684.4,320.00,69675.6,40.00,35457403
12/025,2012-03-03,1,3,4,8,21,28,5,,5,1,3,3,4,0,2,0,0,2.5,24382980.00,17,162920.00,409,19200.00,1446.3,9600.00,16018.4,640.00,26301.1,320.00,209737,40.00,96315167
12/024,2012-03-01,25,30,31,34,40,47,13,,0,6,3,3,0,0,2,3,1,0,0.00,0.5,1897365.00,94.5,107080.00,327.5,9600.00,5434.4,640.00,10021.2,320.00,105730.7,40.00,77515307
12/023,2012-02-28,8,9,24,28,37,49,47,"24,49",3,3,3,3,2,0,2,1,1,0,0.00,7.5,385790.00,125,61720.00,324,9600.00,6531.4,640.00,8179,320.00,125370.5,40.00,66889282
12/022,2012-02-25,12,14,24,26,27,49,22,,3,3,2,4,0,2,3,0,1,0,0.00,4,612980.00,63.5,102960.00,207.2,9600.00,3912.1,640.00,6017.8,320.00,76375.1,40.00,50808536
12/021,2012-02-23,1,5,15,22,43,47,37,"1,15",4,2,5,1,2,1,1,0,2,0,0.00,0.5,1121240.00,71.5,83630.00,178.5,9600.00,3680.9,640.00,4730.8,320.00,74250.7,40.00,46262452
12/020,2012-02-21,1,11,12,15,35,49,17,12,4,2,5,1,1,3,0,1,1,0,0.00,4.5,429600.00,57,90440.00,191.5,9600.00,4259.6,640.00,5649.5,320.00,79730.6,40.00,43934272
12/019,2012-02-18,5,12,16,17,41,46,15,12,4,2,3,3,1,3,0,0,2,0,0.00,0,0.00,34.5,130010.00,96,9600.00,2241.2,640.00,3806.1,320.00,45202.5,40.00,32786117
12/018,2012-02-16,4,12,18,25,42,44,8,,3,3,1,5,1,2,1,0,2,1,24984050.00,0,0.00,64.5,96210.00,217.5,9600.00,3792.7,640.00,7440.3,320.00,73198.4,40.00,49764063
12/017,2012-02-14,10,14,21,37,39,49,25,39,3,3,4,2,1,1,1,2,1,0,0.00,0.5,1049310.00,58.5,95660.00,160,9600.00,3589.7,640.00,4204.2,320.00,67152.1,40.00,43035930
12/016,2012-02-12,7,9,33,34,39,41,48,"33,34,41",2,4,5,1,2,0,0,3,1,0.5,10657530.00,2.5,983340.00,79,82980.00,149.5,9600.00,3898.3,640.00,4805.5,320.00,76404.5,40.00,49136937
12/015,2012-02-09,3,12,20,33,34,41,43,"34,41",3,3,3,3,1,2,0,2,1,0,0.00,2.5,792000.00,50,105600.00,165,9600.00,2992.7,640.00,4171.2,320.00,60684.1,40.00,40309262
12/014,2012-02-07,11,16,30,34,41,45,47,16,2,4,3,3,0,2,1,1,2,0,0.00,3,700220.00,30.5,183660.00,71.5,9600.00,2205.6,640.00,2989,320.00,45478.6,40.00,37524293
12/013,2012-02-04,6,12,16,20,27,38,7,"20,38",4,2,1,5,1,3,1,1,0,1,15171610.00,2.5,707180.00,63,74830.00,214.1,9600.00,3641.3,640.00,6199.8,320.00,67085,40.00,40750547
12/012,2012-02-02,14,20,21,38,45,46,47,46,3,3,2,4,0,2,1,1,2,0,0.00,0,0.00,39,127700.00,96.5,9600.00,2031.6,640.00,2649.5,320.00,39637.6,40.00,33968081
12/011,2012-01-31,22,27,28,29,42,46,49,29,1,5,2,4,0,0,4,0,2,1,86112100.00,6.5,1473400.00,306,83460.00,783,9600.00,17117,640.00,22847,320.00,320667,40.00,201428850
12/010,2012-01-26,3,10,11,17,29,34,15,"10,34",4,2,4,2,2,2,1,1,0,0,0.00,4.5,1287450.00,227.5,67900.00,559.5,9600.00,12549.7,640.00,15222.8,320.00,226034.2,40.00,129184005
12/009,2012-01-22,10,14,18,20,34,47,41,"14,18",4,2,1,5,1,3,0,1,1,0,0.00,2,1304170.00,63.5,109530.00,125,9600.00,3827.2,640.00,3930,320.00,68298.4,40.00,49532713
12/008,2012-01-19,1,2,14,18,25,39,31,,4,2,3,3,2,2,1,1,0,0,0.00,1,1901120.00,53,95650.00,160.5,9600.00,3381.8,640.00,4156.9,320.00,66974,40.00,40077668
12/007,2012-01-17,16,23,24,35,36,44,1,"24,36",3,3,2,4,0,1,2,2,1,0,0.00,2.5,694450.00,43,107660.00,134,9600.00,2598.8,640.00,3684.4,320.00,47803.3,40.00,34740268
12/006,2012-01-14,10,13,20,24,29,36,14,36,4,2,2,4,1,2,2,1,0,1,23378770.00,4,531630.00,53,106990.00,159,9600.00,3320,640.00,4645.8,320.00,65235.4,40.00,43197007
12/005,2012-01-12,15,27,32,36,44,48,47,32,1,5,2,4,0,1,1,2,2,0,0.00,0.5,1042615.00,39,142580.00,134,9600.00,2514.2,640.00,3581.5,320.00,48692.6,40.00,39381002
12/004,2012-01-10,3,20,26,31,32,35,12,"3,31,32,35",2,4,3,3,1,1,1,3,0,0,0.00,0,0.00,34,133390.00,157.7,9600.00,2749,640.00,4178.8,320.00,45826.7,40.00,35006668
12/003,2012-01-07,3,7,10,31,32,35,30,,3,3,4,2,3,0,0,3,0,1,26778550.00,3,623020.00,98,50850.00,267.5,9600.00,5259.4,640.00,7572.8,320.00,92715.1,40.00,47701437
12/002,2012-01-05,9,11,33,43,46,48,2,,2,4,4,2,1,1,0,1,3,0,0.00,1,1964960.00,74.5,70330.00,139.5,9600.00,4640.5,640.00,4728.7,320.00,80542.9,40.00,43406215
12/001,2012-01-03,5,12,31,34,37,45,10,,2,4,4,2,1,1,0,3,1,0,0.00,1,1964300.00,65.5,79970.00,152,9600.00,3412,640.00,4496.4,320.00,69170.6,40.00,41183501
11/154,2011-12-31,2,3,27,40,44,49,38,,2,4,3,3,2,0,1,1,2,0.5,9383515.00,4,505060.00,54.5,98850.00,258.5,9600.00,3128,640.00,4787.8,320.00,64590.9,40.00,43332819
11/153,2011-12-29,7,10,21,23,29,39,1,,4,2,5,1,2,0,3,1,0,0,0.00,4,392180.00,77.5,53970.00,247,9600.00,4465.3,640.00,7141.8,320.00,78669.6,40.00,41025568
11/152,2011-12-26,8,30,31,37,38,48,5,,1,5,2,4,1,0,1,3,1,0,0.00,1,1083590.00,45,64210.00,91.5,9600.00,2072.4,640.00,3323.2,320.00,39566.5,40.00,23683821
11/151,2011-12-24,1,4,17,24,27,43,41,,4,2,4,2,2,1,2,0,1,1,15727140.00,2,865120.00,110.5,41750.00,125.5,9600.00,3906,640.00,3758.2,320.00,68658,40.00,37647017
11/150,2011-12-22,5,16,18,28,37,49,24,"37,49",3,3,3,3,1,2,1,1,1,0,0.00,0.5,799015.00,33.5,127200.00,128,9600.00,2620.9,640.00,3265,320.00,49474.3,40.00,32661416
11/149,2011-12-20,26,29,31,37,43,49,2,,0,6,5,1,0,0,2,2,2,1,54829860.00,0,0.00,153.5,85870.00,267.5,9600.00,6938,640.00,8914.5,320.00,130891,40.00,95020661
11/148,2011-12-18,1,2,23,35,38,46,5,,3,3,3,3,2,0,1,2,1,1,35865290.00,0,0.00,77,92230.00,207.5,9600.00,4221,640.00,6823.1,320.00,79880.1,40.00,54784706
11/147,2011-12-15,9,21,29,34,43,47,32,,2,4,5,1,1,0,2,1,2,0,0.00,2,1220960.00,66,98660.00,141.5,9600.00,3797,640.00,4362.4,320.00,68956.5,40.00,47837502
11/146,2011-12-13,3,25,32,36,38,40,31,"3,25",1,5,2,4,1,0,1,4,0,0,0.00,1.5,1540130.00,56,110000.00,158,9600.00,3182.6,640.00,4460.2,320.00,61366.4,40.00,45111327
11/145,2011-12-10,3,14,21,25,27,42,34,,3,3,4,2,1,1,3,0,1,0,0.00,2.5,638960.00,47,90630.00,156.5,9600.00,3027.5,640.00,3735.8,320.00,56366,40.00,34430922
11/144,2011-12-08,5,20,22,28,36,48,1,5,3,3,1,5,1,1,2,1,1,0.5,8826675.00,2.5,812930.00,89.5,60550.00,192,9600.00,3690.3,640.00,5633.1,320.00,70699.5,40.00,43934065
11/143,2011-12-06,1,2,5,6,11,43,25,2,5,1,4,2,4,1,0,0,1,0,0.00,2.5,474180.00,152.5,20720.00,361.7,9600.00,8501.9,640.00,7929.8,320.00,99714.7,40.00,40206868
11/142,2011-12-03,2,3,9,18,23,37,31,3,5,1,4,2,3,1,1,1,0,0,0.00,1.5,627440.00,95.7,26220.00,159.5,9600.00,4712.8,640.00,3846.4,320.00,71951.4,40.00,28798685
11/141,2011-12-01,1,3,8,22,28,33,5,3,4,2,3,3,3,0,2,1,0,3,15576820.00,16.5,104220.00,432,19200.00,933.9,9600.00,13585.6,640.00,17468.7,320.00,179632.6,40.00,77194239
11/140,2011-11-29,3,6,13,37,40,42,29,42,3,3,3,3,2,1,0,2,1,0,0.00,2,1670720.00,100.5,88660.00,238.5,9600.00,5179,640.00,7464.8,320.00,102751.2,40.00,67745359
11/139,2011-11-26,4,22,33,39,42,47,14,,2,4,3,3,1,0,1,2,2,0,0.00,3,762140.00,79.5,76690.00,213.5,9600.00,4614.5,640.00,5470.5,320.00,79766.8,40.00,49434499
11/138,2011-11-24,3,5,19,35,38,41,32,,3,3,5,1,2,1,0,2,1,0,0.00,3,762020.00,50.5,120710.00,165,9600.00,3696.2,640.00,4897.1,320.00,69803.5,40.00,46401264
11/137,2011-11-22,7,21,24,31,43,47,5,47,3,3,5,1,1,0,2,1,2,0,0.00,0,0.00,48.5,115970.00,137,9600.00,3241.5,640.00,4366.2,320.00,59141.5,40.00,41861269
11/136,2011-11-19,10,12,13,14,22,47,21,,5,1,2,4,1,3,1,0,1,0,0.00,0,0.00,45,82500.00,127.5,9600.00,2693.6,640.00,4111.6,320.00,51700.9,40.00,30613702
11/135,2011-11-17,3,6,23,24,42,44,35,,4,2,2,4,2,0,2,0,2,1,29149350.00,0,0.00,71.5,88330.00,177,9600.00,4624.7,640.00,5667.8,320.00,85470.8,40.00,50448764
11/134,2011-11-15,7,11,14,25,26,30,29,,3,3,3,3,1,2,3,0,0,0,0.00,0.5,975180.00,107,48600.00,254.5,9600.00,5517.8,640.00,6648,320.00,93680.1,40.00,48402879
11/133,2011-11-12,10,17,29,33,42,48,35,,2,4,3,3,1,1,1,1,2,0,0.00,0,0.00,44,109360.00,125.5,9600.00,2652.4,640.00,3399.7,320.00,52076.3,40.00,35727668
11/132,2011-11-10,4,7,9,20,37,49,33,,4,2,4,2,3,1,0,1,1,0,0.00,2,544520.00,106,27390.00,167,9600.00,4402.4,640.00,4749,320.00,68575.1,40.00,30855328
11/131,2011-11-08,2,23,30,34,40,42,48,34,2,4,1,5,1,0,2,2,1,2.5,18800770.00,2.5,1408890.00,126,74540.00,217,9600.00,5180.2,640.00,6685,320.00,96810.9,40.00,68915150
11/130,2011-11-06,1,3,7,11,16,34,49,"1,3,34",5,1,4,2,3,2,0,1,0,0,0.00,1,2285890.00,140.5,43380.00,219,9600.00,8000.5,640.00,7170.5,320.00,125912.9,40.00,57963521
11/129,2011-11-03,1,3,21,34,41,44,43,"21,44",3,3,4,2,2,0,1,1,2,0,0.00,0,0.00,50,134720.00,137,9600.00,3191.5,640.00,4815,320.00,65921.9,40.00,48225209
11/128,2011-11-01,8,15,19,21,24,44,10,15,5,1,3,3,1,2,2,0,1,0,0.00,2.5,868060.00,62.5,92590.00,219.5,9600.00,3419.2,640.00,6475.9,320.00,68364.8,40.00,46298012
11/127,2011-10-29,5,12,15,17,18,39,47,,5,1,4,2,1,4,0,1,0,0,0.00,1,1654220.00,38.5,114570.00,104,9600.00,3130.9,640.00,3313,320.00,58184.2,40.00,34275117
11/126,2011-10-27,1,9,22,43,46,48,49,22,3,3,3,3,2,0,1,0,3,0,0.00,1,1199100.00,46.5,68760.00,227,9600.00,2347,640.00,6563,320.00,45874.4,40.00,30372377
11/125,2011-10-25,17,22,26,27,29,35,44,26,2,4,4,2,0,1,4,1,0,1.5,27560740.00,4.5,840080.00,133.5,75510.00,378,9600.00,7066.7,640.00,9858.4,320.00,131947,40.00,81998348
11/124,2011-10-22,1,11,18,20,26,30,47,,4,2,2,4,1,3,2,0,0,0,0.00,0.5,790675.00,70.5,59810.00,103.5,9600.00,3956.8,640.00,3146.5,320.00,69327,40.00,34983206
11/123,2011-10-20,2,16,23,32,34,35,40,23,3,3,2,4,1,1,1,3,0,0,0.00,0,0.00,31.7,132810.00,70.2,9600.00,2216.1,640.00,2510.4,320.00,42085.6,40.00,29899395
11/122,2011-10-18,4,9,23,37,47,48,14,37,3,3,4,2,2,0,1,1,2,3.5,13198120.00,2,1365730.00,135.5,60470.00,364,9600.00,7455,640.00,9445.2,320.00,125195,40.00,71866623
11/121,2011-10-15,11,24,28,37,41,43,13,28,2,4,4,2,0,1,2,1,2,0,0.00,1,2687190.00,56.5,126820.00,208.5,9600.00,3669,640.00,5919,320.00,72269,40.00,53372245
11/120,2011-10-13,2,8,28,30,33,40,23,"2,33",2,4,1,5,2,0,2,2,0,0,0.00,0,0.00,94.5,57120.00,267.5,9600.00,4664.8,640.00,6814.6,320.00,82660.2,40.00,47908626
11/119,2011-10-11,2,6,22,25,33,39,46,,3,3,3,3,2,0,2,2,0,0,0.00,2.5,772640.00,109.2,47170.00,202.5,9600.00,5404,640.00,5120.5,320.00,89772.9,40.00,45894566
11/118,2011-10-08,4,8,24,26,37,41,33,"4,37",3,3,2,4,2,0,2,1,1,0,0.00,1.5,1484360.00,53,112020.00,151.2,9600.00,3371.7,640.00,4655.2,320.00,66920.9,40.00,44606687
11/117,2011-10-04,1,4,9,15,37,39,47,"9,37",4,2,5,1,3,1,0,2,0,0,0.00,4,329410.00,62.5,56220.00,130.5,9600.00,3451.5,640.00,3309.5,320.00,61642.8,40.00,30814243
11/116,2011-10-02,9,14,22,37,41,45,5,"22,37",3,3,4,2,1,1,1,1,2,1,29904680.00,1.5,1966830.00,79,99580.00,229.5,9600.00,4525.2,640.00,7294.7,320.00,86050.7,40.00,60165159
11/115,2011-09-27,4,22,23,37,40,49,13,40,3,3,3,3,1,0,2,2,1,0,0.00,1.5,1384210.00,51.5,107510.00,408.5,9600.00,3502.4,640.00,5637.3,320.00,66973.3,40.00,47883595
11/114,2011-09-24,6,16,18,28,34,40,38,,3,3,0,6,1,2,1,2,0,0,0.00,1,1738760.00,53.2,87150.00,186.4,9600.00,3115.5,640.00,6296.2,320.00,58703.9,40.00,38674999
11/113,2011-09-22,8,10,19,27,39,44,6,"10,27",3,3,3,3,2,1,1,1,1,0,0.00,0.5,793480.00,37,114370.00,164.5,9600.00,2907.4,640.00,4982.6,320.00,54760.6,40.00,34909079
11/112,2011-09-20,10,27,33,40,47,48,13,,1,5,3,3,1,0,1,2,2,0.5,4054320.00,5,344320.00,97,47320.00,127,9600.00,3466,640.00,3886,320.00,57690.3,40.00,36298504
11/111,2011-09-17,6,12,14,25,35,43,42,,3,3,3,3,1,2,1,1,1,1,43796810.00,0,0.00,109,72010.00,270.5,9600.00,5604.7,640.00,7957.4,320.00,107576.4,40.00,64072858
11/110,2011-09-15,5,7,13,29,41,49,25,13,3,3,6,0,2,1,1,0,2,0.5,34965495.00,2,2384890.00,163.5,77790.00,373.5,9600.00,7809.7,640.00,11555.7,320.00,150190.3,40.00,98579063
11/109,2011-09-13,11,13,16,19,28,46,22,19,4,2,3,3,0,4,1,0,1,0,0.00,2.5,2082880.00,168,82650.00,438,9600.00,9701.7,640.00,13919.9,320.00,185541.9,40.00,111922296
11/108,2011-09-10,15,19,36,44,45,49,16,44,2,4,4,2,0,2,0,1,3,0,0.00,0,0.00,39,135310.00,117.5,9600.00,2589.5,640.00,3887.2,320.00,53931.3,40.00,38305066
11/107,2011-09-08,14,18,22,30,39,44,32,44,3,3,1,5,0,2,2,1,1,0,0.00,0,0.00,51.5,87910.00,100,9600.00,2075,640.00,2823.7,320.00,40632.5,40.00,31954366
11/106,2011-09-06,1,4,7,21,23,44,17,"4,21",5,1,4,2,3,0,2,0,1,1.5,13684200.00,2,764580.00,115.5,35300.00,369.9,9600.00,5253,640.00,7169.1,320.00,79950.2,40.00,43718081
11/105,2011-09-04,4,18,21,22,39,46,29,,4,2,2,4,1,1,2,1,1,0,0.00,0.5,862495.00,80,57490.00,119.5,9600.00,3222.5,640.00,3344.7,320.00,56561.2,40.00,35517904
11/104,2011-09-02,2,29,33,34,44,49,42,49,1,5,3,3,1,0,1,2,2,0,0.00,0,0.00,36,140830.00,88.5,9600.00,1948.5,640.00,2962,320.00,43216.4,40.00,34633979
11/103,2011-08-30,9,15,24,46,48,49,6,9,3,3,3,3,1,1,1,0,3,1.5,5440250.00,1,1386790.00,56,66030.00,296,9600.00,3029.5,640.00,6829.2,320.00,58652.9,40.00,36058501
11/102,2011-08-27,9,10,19,27,29,45,30,10,3,3,5,1,2,1,2,0,1,0.5,4000000.00,4,215390.00,82.5,27840.00,332.7,9600.00,4622.9,640.00,6457.7,320.00,67030.3,40.00,29222198
11/101,2011-08-25,6,10,17,20,25,28,2,25,4,2,2,4,2,2,2,0,0,1,42179490.00,1,2674340.00,151.2,47160.00,365.5,9600.00,6689,640.00,9962.9,320.00,119097.7,40.00,65433423
11/100,2011-08-23,11,24,25,36,41,45,40,,2,4,4,2,0,1,2,1,2,0,0.00,1.5,1757190.00,123,57140.00,254,9600.00,6363,640.00,6088.1,320.00,113849.4,40.00,59856919
11/099,2011-08-20,13,15,17,23,26,47,1,17,4,2,5,1,0,3,2,0,1,0,0.00,1.5,1595420.00,72,88630.00,162.5,9600.00,3552.4,640.00,5449,320.00,70350.2,40.00,48006147
11/098,2011-08-18,5,14,17,43,45,49,12,5,3,3,5,1,1,2,0,0,3,0,0.00,1,2484210.00,58,114210.00,130,9600.00,2690.5,640.00,4033.5,320.00,56890.2,40.00,45806753
11/097,2011-08-16,5,8,9,10,22,38,7,,5,1,2,4,4,0,1,1,0,0,0.00,8.5,112830.00,227.5,19200.00,644,9600.00,9047.8,640.00,12558.2,320.00,115971.8,40.00,41740730
11/096,2011-08-13,11,18,23,31,37,49,10,37,3,3,5,1,0,2,1,2,1,0,0.00,0.5,739620.00,59,66850.00,130,9600.00,2273.7,640.00,3911.8,320.00,44606.3,40.00,30696647
11/095,2011-08-11,4,6,7,25,35,37,48,"6,25",3,3,4,2,3,0,1,2,0,2,24932880.00,3,1125040.00,141.5,63600.00,300,9600.00,6830.8,640.00,9858.5,320.00,131817.8,40.00,74824663
11/094,2011-08-09,5,6,11,25,45,48,34,45,3,3,4,2,2,1,1,0,2,0,0.00,2.5,861530.00,185,31040.00,516.5,9600.00,9338.7,640.00,11160.7,320.00,136367.2,40.00,66185681
11/093,2011-08-06,9,30,31,34,42,45,24,34,1,5,3,3,1,0,1,2,2,0,0.00,1,2618560.00,48,145470.00,160,9600.00,3644,640.00,5289.9,320.00,78366.3,40.00,51628156
11/092,2011-08-04,2,11,25,32,34,39,31,"11,25",2,4,3,3,1,1,1,3,0,0,0.00,0,0.00,49.5,133000.00,138.2,9600.00,3028.6,640.00,4500.2,320.00,63926.2,40.00,46944341
11/091,2011-08-02,11,14,21,24,25,47,36,47,4,2,4,2,0,2,3,0,1,0,0.00,2,1115610.00,58,102580.00,173,9600.00,3000.9,640.00,4865.2,320.00,61113.7,40.00,44312716
11/090,2011-07-30,6,29,44,45,46,47,30,47,1,5,3,3,1,0,1,0,4,0,0.00,2.5,678300.00,50.5,89540.00,114.5,9600.00,3040.5,640.00,3148,320.00,42312.5,40.00,33644596
11/089,2011-07-28,11,21,30,36,42,47,34,,2,4,3,3,0,1,2,1,2,1.5,34706930.00,0,0.00,110,91300.00,211,9600.00,5945.7,640.00,6136.7,320.00,112311.2,40.00,73849714
11/088,2011-07-26,15,25,26,34,35,41,10,,1,5,4,2,0,1,2,2,1,0,0.00,2,1554160.00,111.5,74330.00,304,9600.00,6084.4,640.00,8589,320.00,105824.2,40.00,67713944
11/087,2011-07-24,7,8,27,29,37,48,21,,2,4,4,2,2,0,2,1,1,0.5,31436560.00,7,515420.00,328,29330.00,656,9600.00,14477.3,640.00,16149.6,320.00,211410.3,40.00,102999064
11/086,2011-07-21,6,18,26,28,30,49,22,,2,4,1,5,1,1,3,0,1,0,0.00,5.5,621420.00,117,77890.00,472.5,9600.00,8037.2,640.00,12945.4,320.00,142921.9,40.00,82552099
11/085,2011-07-19,3,10,31,40,41,43,20,31,2,4,4,2,2,0,0,2,2,0,0.00,4,982970.00,103,101790.00,393.5,9600.00,5766,640.00,9673.3,320.00,113986.1,40.00,81348033
11/084,2011-07-16,11,17,20,31,48,49,35,"11,48",3,3,4,2,0,3,0,1,2,0,0.00,0,0.00,40,96840.00,105,9600.00,2204.5,640.00,2913.9,320.00,42190.2,40.00,29039326
11/083,2011-07-14,11,13,33,37,45,48,36,"33,45",2,4,5,1,0,2,0,2,2,1,13699280.00,1.5,1266500.00,43,117810.00,88,9600.00,2624.2,640.00,3764.9,320.00,52465.8,40.00,36565480
11/082,2011-07-12,16,18,28,33,41,45,29,,2,4,3,3,0,2,1,1,2,0,0.00,1,1695150.00,35.5,127330.00,133.5,9600.00,2521,640.00,3454.1,320.00,48932.8,40.00,34030400
11/081,2011-07-09,1,10,11,13,42,48,15,10,4,2,3,3,2,2,0,0,2,1,12825790.00,0,0.00,52,82490.00,127.5,9600.00,3332.2,640.00,4608,320.00,65534,40.00,35624330
11/080,2011-07-07,10,14,29,35,40,46,30,,2,4,2,4,1,1,1,2,1,0,0.00,1.5,1059450.00,30,141260.00,114.5,9600.00,1912.2,640.00,3574.2,320.00,37587.8,40.00,30764033
11/079,2011-07-05,9,16,22,28,30,32,37,,3,3,1,5,1,1,3,1,0,1,59028690.00,5.5,688090.00,211.2,47780.00,452,9600.00,10820.7,640.00,11120.2,320.00,180188.4,40.00,92140292
11/078,2011-07-02,5,13,31,33,34,35,27,,2,4,5,1,1,1,0,4,0,0,0.00,2.5,1131710.00,124.5,60600.00,275.9,9600.00,6130.7,640.00,7511.9,320.00,100801.3,40.00,62473042
11/077,2011-06-30,10,20,40,46,48,49,13,,2,4,1,5,1,1,0,1,3,0,0.00,4.5,564600.00,235.5,28760.00,250,9600.00,6420.5,640.00,6538.7,320.00,94995.6,40.00,57434811
11/076,2011-06-28,4,15,17,43,45,47,38,"4,45",3,3,5,1,1,2,0,0,3,0,0.00,0,0.00,80.5,85190.00,156,9600.00,3339.5,640.00,4524.5,320.00,64150.5,40.00,49056896
11/075,2011-06-25,4,23,24,30,34,45,19,,3,3,2,4,1,0,3,1,1,0,0.00,2.5,717760.00,88.5,54060.00,189,9600.00,3925.2,640.00,4575,320.00,65066.6,40.00,39887175
11/074,2011-06-23,2,15,27,32,43,49,42,32,2,4,4,2,1,1,1,1,2,0,0.00,0,0.00,30,175420.00,83.5,9600.00,2004.5,640.00,2966.5,320.00,42502.9,40.00,35540886
11/073,2011-06-21,9,10,16,21,32,47,38,16,4,2,3,3,2,1,1,1,1,0,0.00,1,1546990.00,52.5,78570.00,131,9600.00,2981.5,640.00,3431.3,320.00,55592.8,40.00,33001451
11/072,2011-06-18,14,16,38,44,48,49,39,"44,48",2,4,1,5,0,2,0,1,3,1,29300180.00,1,2213070.00,52.5,112410.00,233.5,9600.00,3262,640.00,6145.2,320.00,62914.9,40.00,46343205
11/071,2011-06-16,4,12,26,44,47,48,2,"12,48",2,4,1,5,1,1,1,0,3,0,0.00,0,0.00,52,109730.00,121,9600.00,3092.5,640.00,4305.2,320.00,58409.8,40.00,41724340
11/070,2011-06-14,12,13,19,22,39,48,46,13,4,2,3,3,0,3,1,1,1,0,0.00,0,0.00,43.5,108980.00,99,9600.00,2856.6,640.00,2826,320.00,58276.7,40.00,35255320
11/069,2011-06-12,1,4,13,17,35,44,22,,4,2,4,2,2,2,0,1,1,0.5,6990685.00,1,1771700.00,59,80070.00,200,9600.00,3434.2,640.00,5474.5,320.00,63047,40.00,39576203
11/068,2011-06-09,3,5,6,15,39,42,35,42,4,2,4,2,3,1,0,1,1,0,0.00,0.5,666255.00,48.5,73260.00,153,9600.00,3205.2,640.00,5175.8,320.00,63588,40.00,32373901
11/067,2011-06-07,22,24,33,36,42,49,38,"33,36,49",2,4,2,4,0,0,2,2,2,2,25535270.00,5,871360.00,149,77970.00,398,9600.00,7974.5,640.00,10592.7,320.00,142444.9,40.00,92463430
11/066,2011-06-04,7,8,33,36,46,49,18,7,2,4,3,3,2,0,0,2,2,1,20025210.00,1,2050550.00,91,60080.00,184,9600.00,3836.4,640.00,5598.3,320.00,72188.4,40.00,44301987
11/065,2011-06-02,2,7,18,23,39,47,17,39,4,2,4,2,2,1,1,1,1,0,0.00,1,1957850.00,70.5,74050.00,134,9600.00,3332.2,640.00,4856,320.00,61894.7,40.00,40355452
11/064,2011-05-31,1,4,10,24,30,39,8,,4,2,2,4,3,0,2,1,0,0,0.00,2,559600.00,102,29260.00,379.4,9600.00,5191,640.00,9347.9,320.00,79383.2,40.00,37959699
11/063,2011-05-28,7,13,34,38,43,44,10,44,2,4,3,3,1,1,0,2,2,1,20812000.00,0.5,1053930.00,73.5,76470.00,138,9600.00,3663.5,640.00,4301.4,320.00,65352.3,40.00,42781899
11/062,2011-05-26,5,6,22,37,44,48,23,48,3,3,2,4,2,0,1,1,2,0.5,11944165.00,0,0.00,67.5,100510.00,171.5,9600.00,3896.5,640.00,5683.1,320.00,75633.2,40.00,51154026
11/061,2011-05-24,11,20,31,33,39,48,4,,2,4,4,2,0,2,0,3,1,0,0.00,0.5,989200.00,79.5,66360.00,156,9600.00,3697.2,640.00,4619,320.00,65239.4,40.00,41565375
11/060,2011-05-22,15,17,22,36,45,47,35,15,3,3,4,2,0,2,1,1,2,0,0.00,0,0.00,30.5,116380.00,71,9600.00,1730.5,640.00,2837.7,320.00,33689,40.00,25550252
11/059,2011-05-20,13,15,18,30,32,48,8,,3,3,2,4,0,3,1,1,1,3,44509550.00,11.5,1388690.00,481.5,88440.00,1592.5,9600.00,27048.4,640.00,46995.6,320.00,514150.8,40.00,342962710
11/058,2011-05-17,12,14,27,35,46,49,31,35,2,4,3,3,0,2,1,1,2,0,0.00,8,1021350.00,224.5,97050.00,533,9600.00,11246.5,640.00,15730,320.00,217681.6,40.00,159101978
11/057,2011-05-14,4,10,15,22,33,35,48,4,4,2,3,3,2,1,1,2,0,0,0.00,3,1339440.00,175,61230.00,335.5,9600.00,8431.3,640.00,9147,320.00,152466.9,40.00,87186700
11/056,2011-05-12,4,9,25,28,39,45,30,39,2,4,4,2,2,0,2,1,1,0,0.00,3,1281980.00,105.5,97210.00,371.2,9600.00,7468.2,640.00,10579.5,320.00,142536.3,40.00,84454895
11/055,2011-05-08,10,14,26,29,39,41,6,,2,4,3,3,1,1,2,1,1,0,0.00,1,3040750.00,94.5,85800.00,257,9600.00,5273.4,640.00,7984.5,320.00,96186.4,40.00,63928210
11/054,2011-05-05,5,6,15,20,32,48,22,,4,2,2,4,2,2,0,1,1,0,0.00,1,2411880.00,92.5,69530.00,239.7,9600.00,4702.7,640.00,7035.5,320.00,90413.4,40.00,53422590
11/053,2011-05-03,2,3,13,23,34,38,5,"23,34",4,2,3,3,2,1,1,2,0,0,0.00,1.5,1257630.00,95.5,52670.00,275,9600.00,5597.7,640.00,8124,320.00,83693.6,40.00,48129777
11/052,2011-04-30,9,10,23,29,30,34,36,30,3,3,3,3,2,0,3,1,0,0,0.00,1,1364220.00,91,39970.00,232,9600.00,4752.7,640.00,5937.3,320.00,76735.3,40.00,37467825
11/051,2011-04-28,1,6,15,30,33,49,3,"15,30,49",3,3,4,2,2,1,1,1,1,0,0.00,4.5,304360.00,56.5,64640.00,227,9600.00,3366.9,640.00,5551.2,320.00,55331.4,40.00,33995839
11/050,2011-04-26,11,15,25,29,30,49,47,30,2,4,5,1,0,2,3,0,1,0.5,7294425.00,1.5,1197200.00,87.5,54720.00,131.5,9600.00,3415.1,640.00,3653,320.00,60705.9,40.00,37409831
11/049,2011-04-23,2,4,26,30,31,43,38,26,2,4,2,4,2,0,2,1,1,0,0.00,0,0.00,29,110470.00,97.5,9600.00,2338.2,640.00,2862,320.00,43662.2,40.00,25734501
11/048,2011-04-21,1,6,9,10,22,26,35,"1,22",5,1,2,4,4,0,2,0,0,3.5,13329810.00,4.5,333170.00,500.2,19200.00,466.5,9600.00,17420.3,640.00,10055.1,320.00,206578.1,40.00,79369908
11/047,2011-04-19,1,8,18,20,22,46,28,1,5,1,1,5,2,2,1,0,1,0,0.00,4,763040.00,157,51840.00,492,9600.00,8194.2,640.00,14601.5,320.00,140857.9,40.00,78952880
11/046,2011-04-16,1,16,17,26,31,36,45,,3,3,3,3,1,2,1,2,0,0,0.00,1,1462020.00,75.2,51840.00,130.5,9600.00,3941.5,640.00,3434,320.00,65702.5,40.00,33728030
11/045,2011-04-14,12,14,23,32,37,39,28,12,3,3,3,3,0,2,1,3,0,0,0.00,1.5,1026390.00,38.5,106630.00,116.5,9600.00,2471.4,640.00,3729.7,320.00,44961.4,40.00,31427980
11/044,2011-04-12,2,4,9,12,21,31,10,,5,1,3,3,3,1,1,1,0,0.5,4000000.00,1.5,574280.00,114,20150.00,408.7,9600.00,5407,640.00,8171.7,320.00,73308.6,40.00,29216641
11/043,2011-04-10,6,10,24,34,37,47,12,,3,3,2,4,2,0,1,2,1,2,14329850.00,2,1160450.00,62,99820.00,249.5,9600.00,4093.5,640.00,6972.5,320.00,77240.7,40.00,50627666
11/042,2011-04-07,1,5,21,26,31,43,22,26,3,3,5,1,2,0,2,1,1,0,0.00,0.5,1071345.00,65,87900.00,151,9600.00,3537.7,640.00,5237.4,320.00,68419.4,40.00,44118236
11/041,2011-04-05,8,10,26,29,41,44,9,,2,4,2,4,2,0,2,0,2,0,0.00,1,1618380.00,30.7,140570.00,182.5,9600.00,2873.9,640.00,5884.1,320.00,55679.3,40.00,36217980
11/040,2011-04-02,3,12,15,31,36,49,11,,3,3,4,2,1,2,0,2,1,0,0.00,0,0.00,35,102270.00,113,9600.00,2127.7,640.00,3781,320.00,44929.6,40.00,28310678
11/039,2011-03-31,6,23,24,38,39,40,32,24,3,3,2,4,1,0,2,3,0,1.5,5333330.00,0.5,687440.00,77,47610.00,127.5,9600.00,2670.6,640.00,3468.5,320.00,45932.9,40.00,29542332
11/038,2011-03-29,1,2,9,20,24,49,43,"2,20",5,1,3,3,3,1,1,0,1,1,8000000.00,1,1244840.00,103.5,32070.00,87,9600.00,4602.7,640.00,2683,320.00,71938,40.00,30808737
11/037,2011-03-26,2,12,20,25,31,47,29,,3,3,3,3,1,2,1,1,1,1,65235750.00,1,4296530.00,143.5,79840.00,371,9600.00,7459.9,640.00,10601.7,320.00,139057.6,40.00,90309645
11/036,2011-03-24,10,16,17,38,42,43,13,38,3,3,2,4,1,2,0,1,2,0,0.00,2,1941900.00,92.5,111960.00,276,9600.00,5695.2,640.00,7999.7,320.00,110643.8,40.00,77283230
11/035,2011-03-22,18,24,26,34,38,45,15,24,2,4,1,5,0,1,2,2,1,0,0.00,3,1188300.00,110.5,86030.00,278.5,9600.00,5839,640.00,7344.1,320.00,105795.3,40.00,72424267
11/034,2011-03-19,8,12,24,31,33,41,20,31,3,3,3,3,1,1,1,2,1,0.5,15923040.00,2,1083790.00,91,63510.00,186.2,9600.00,4807.9,640.00,5459.9,320.00,86704.7,40.00,48073604
11/033,2011-03-17,4,5,23,31,39,48,20,4,3,3,4,2,2,0,1,2,1,0,0.00,2,1082570.00,57.5,100410.00,157,9600.00,3873.2,640.00,5501.7,320.00,67334.1,40.00,45003357
11/032,2011-03-15,4,11,15,16,35,42,9,,4,2,3,3,1,3,0,1,1,0,0.00,3,542420.00,70.5,61550.00,187,9600.00,4044.9,640.00,5763,320.00,59925.1,40.00,38049006
11/031,2011-03-13,6,14,26,27,30,43,21,6,2,4,2,4,1,1,3,0,1,0,0.00,0.5,852295.00,32,142040.00,132,9600.00,2766.2,640.00,3429.2,320.00,52505.2,40.00,34672197
11/030,2011-03-10,2,6,21,45,46,49,28,,3,3,3,3,2,0,1,0,3,0,0.00,3,516060.00,39,105860.00,78.5,9600.00,2071.5,640.00,3053,320.00,42673.4,40.00,29824866
11/029,2011-03-08,4,15,23,33,37,47,22,,3,3,5,1,1,1,1,2,1,1,8000000.00,3,532680.00,46,92640.00,117,9600.00,2393.2,640.00,3665.2,320.00,48107.3,40.00,32332300
11/028,2011-03-05,2,7,16,25,29,34,10,,3,3,3,3,2,1,2,1,0,1,27508640.00,7,299360.00,112.7,49580.00,241,9600.00,4717.7,640.00,6910.8,320.00,76727,40.00,48084311
11/027,2011-03-03,8,9,13,17,33,49,30,,4,2,5,1,2,2,0,1,1,0,0.00,1,1859250.00,86.5,57310.00,198,9600.00,4980.2,640.00,5629.6,320.00,90978.9,40.00,44721597
11/026,2011-03-01,4,25,30,41,43,45,29,,1,5,4,2,1,0,2,0,3,0,0.00,1.5,1384590.00,57.5,96310.00,143,9600.00,2804,640.00,3802.4,320.00,55266.9,40.00,40389120
11/025,2011-02-26,1,24,28,33,37,47,49,,2,4,4,2,1,0,2,2,1,0,0.00,0,0.00,36.5,103270.00,125.5,9600.00,2188.6,640.00,3161.5,320.00,45567.2,40.00,29250840
11/024,2011-02-24,7,26,27,29,30,41,44,,1,5,4,2,1,0,4,0,1,1,17303460.00,0,0.00,61,85380.00,125.5,9600.00,3672.2,640.00,3849.7,320.00,68018.9,40.00,40402605
11/023,2011-02-22,3,8,21,22,28,48,5,,4,2,2,4,2,0,3,0,1,0,0.00,3.5,327960.00,129,23720.00,415,9600.00,6903.9,640.00,8970.7,320.00,92611.4,40.00,38932125
11/022,2011-02-19,13,16,18,23,34,42,40,,4,2,2,4,0,3,1,1,1,0,0.00,2.5,587340.00,35,111870.00,90,9600.00,2179.6,640.00,2447.6,320.00,41284.7,40.00,28612695
11/021,2011-02-17,9,24,25,30,35,37,45,,2,4,4,2,1,0,3,2,0,1,23115220.00,2,1165120.00,85,73100.00,134.5,9600.00,3657.4,640.00,5031,320.00,71450.9,40.00,46613470
11/020,2011-02-15,16,17,18,27,38,41,30,,3,3,3,3,0,3,1,1,1,0,0.00,0.5,939750.00,41,122240.00,122.5,9600.00,3211,640.00,3466.6,320.00,57996.6,40.00,37832411
11/019,2011-02-13,10,13,20,24,37,47,16,20,4,2,3,3,1,2,1,1,1,0.5,9546225.00,1,2134130.00,71.5,79590.00,149,9600.00,3820.7,640.00,4439.9,320.00,68844.1,40.00,43860802
11/018,2011-02-10,2,3,9,18,20,36,12,,5,1,2,4,3,2,0,1,0,0,0.00,0,0.00,112.5,27790.00,414.2,9600.00,5794.5,640.00,9537.9,320.00,86314.2,40.00,39767865
11/017,2011-02-08,11,21,27,28,32,34,17,27,2,4,3,3,0,1,3,2,0,0,0.00,1,1496900.00,45.9,86960.00,178.5,9600.00,2653.9,640.00,5083.7,320.00,51032,40.00,33419499
11/016,2011-02-06,1,2,16,27,31,47,19,,3,3,4,2,2,1,1,1,1,2,25678290.00,0.5,1669570.00,119,93530.00,324.5,9600.00,6911.1,640.00,9918.2,320.00,134752.5,40.00,86445363
11/015,2011-02-03,6,8,10,28,36,37,21,8,3,3,1,5,3,0,1,2,0,0,0.00,1,1103570.00,96.7,30430.00,207.7,9600.00,4480.3,640.00,5092.7,320.00,73012.9,40.00,32400524
11/014,2011-02-01,1,8,22,32,46,48,9,8,3,3,1,5,2,0,1,1,2,0,0.00,1.5,1017110.00,77,52830.00,188.5,9600.00,3688.1,640.00,6131.1,320.00,64122.8,40.00,36803494
11/013,2011-01-29,5,8,9,10,29,49,46,29,4,2,4,2,4,0,1,0,1,1.5,22846740.00,5,363500.00,226.5,21390.00,298.5,9600.00,9884.4,640.00,6662.5,320.00,137862.7,40.00,55839467
11/012,2011-01-27,1,6,14,25,29,35,48,14,3,3,4,2,2,1,2,1,0,0,0.00,0,0.00,56,113490.00,146,9600.00,3975.4,640.00,4506.5,320.00,81953.6,40.00,48381942
11/011,2011-01-25,9,14,16,17,21,26,20,,5,1,3,3,1,3,2,0,0,0,0.00,1.5,1339950.00,63,85070.00,188.5,9600.00,3900.1,640.00,4887.2,320.00,72124.6,40.00,43480285
11/010,2011-01-22,1,15,30,39,45,49,37,30,2,4,5,1,1,1,1,1,2,0,0.00,1,1751490.00,41,113910.00,98,9600.00,2494,640.00,2870.7,320.00,49220.9,40.00,33807220
11/009,2011-01-20,5,21,28,30,37,42,48,21,2,4,3,3,1,0,3,1,1,0,0.00,1.5,1084850.00,44,98620.00,70,9600.00,1987.9,640.00,2573,320.00,43381.6,40.00,30415429
11/008,2011-01-18,9,15,21,31,33,41,37,31,3,3,6,0,1,1,1,2,1,1,15268480.00,2,963460.00,59.5,86360.00,165.7,9600.00,3691.2,640.00,4261.7,320.00,64958.5,40.00,40799809
11/007,2011-01-15,13,18,29,31,32,46,2,,2,4,3,3,0,2,1,2,1,0,0.00,0,0.00,25.5,155570.00,73,9600.00,2025.5,640.00,2434.2,320.00,40348.8,40.00,28312668
11/006,2011-01-13,17,19,25,36,40,44,10,,2,4,3,3,0,2,1,2,1,1.5,30528930.00,1.5,2257680.00,110.5,81720.00,230.5,9600.00,5173.1,640.00,6799.8,320.00,94709,40.00,67217735
11/005,2011-01-11,1,2,29,37,42,48,38,,2,4,3,3,2,0,1,1,2,0,0.00,3,1093690.00,69.5,125890.00,264.5,9600.00,4686.5,640.00,6892.2,320.00,92991.8,40.00,65742705
11/004,2011-01-08,10,12,18,21,27,33,4,,4,2,3,3,1,2,2,1,0,0,0.00,0.5,760110.00,102.5,39550.00,332.2,9600.00,5481,640.00,8108.8,320.00,90031.3,40.00,44500350
11/003,2011-01-06,4,7,14,15,19,26,43,4,5,1,3,3,2,3,1,0,0,0.5,20469770.00,2,1454740.00,118,65750.00,258.5,9600.00,6861.2,640.00,6656,320.00,121207.1,40.00,65122179
11/002,2011-01-04,4,9,16,20,38,39,40,"20,39",4,2,2,4,2,2,0,2,0,0,0.00,1,2334040.00,109,57100.00,277,9600.00,5535.7,640.00,7128.9,320.00,101388.3,40.00,54885360
11/001,2011-01-02,1,13,20,24,37,39,3,"13,20,39",4,2,4,2,1,2,1,2,0,0,0.00,0.5,1183015.00,64,98580.00,202.5,9600.00,3445.9,640.00,6874.5,320.00,67857.3,40.00,48883539
10/152,2010-12-30,4,13,18,20,36,39,12,36,4,2,2,4,1,3,0,2,0,0,0.00,4,400410.00,60,71180.00,345.4,9600.00,3294.4,640.00,7231.8,320.00,59430.4,40.00,40461626
10/151,2010-12-28,8,23,28,31,36,37,12,,2,4,3,3,1,0,2,3,0,0,0.00,4,318150.00,49,69250.00,292.5,9600.00,3695.8,640.00,6213.8,320.00,64878.8,40.00,35333464
10/150,2010-12-25,1,2,4,13,43,48,11,4,4,2,3,3,3,1,0,0,2,0,0.00,1.5,910380.00,42,86700.00,140.5,9600.00,3021,640.00,4792.7,320.00,56876.3,40.00,31657679
10/149,2010-12-22,3,4,15,24,35,41,36,"4,41",4,2,4,2,2,1,1,1,1,1,47624870.00,0,0.00,98,114510.00,312.5,9600.00,6379,640.00,9040.9,320.00,121976.2,40.00,84601264
10/148,2010-12-20,4,5,12,16,18,41,7,,5,1,2,4,2,3,0,0,1,0,0.00,3,502200.00,48,83700.00,202.5,9600.00,3150.2,640.00,5666.6,320.00,58960.4,40.00,35498735
10/147,2010-12-18,15,19,34,39,44,45,23,19,2,4,4,2,0,2,0,2,2,0,0.00,0,0.00,31.5,159820.00,129.5,9600.00,2296.5,640.00,3781.6,320.00,43959.8,40.00,36134015
10/146,2010-12-16,12,13,18,19,27,29,10,29,4,2,4,2,0,4,2,0,0,0,0.00,2,651050.00,69.5,49960.00,206.5,9600.00,3491.9,640.00,5305,320.00,58711.1,40.00,32967763
10/145,2010-12-14,3,7,28,29,38,48,40,,2,4,3,3,2,0,2,1,1,0,0.00,0,0.00,76,40620.00,124.5,9600.00,4482.6,640.00,3318,320.00,65488.6,40.00,30050141
10/144,2010-12-11,15,18,22,24,27,30,10,,4,2,2,4,0,2,4,0,0,1,37963710.00,1,2476210.00,94.5,69870.00,207.5,9600.00,4704.8,640.00,6301.3,320.00,84926.1,40.00,52883848
10/143,2010-12-09,4,10,20,25,33,36,37,20,3,3,2,4,2,1,1,2,0,0,0.00,1,2438150.00,74,87860.00,152,9600.00,4024.3,640.00,4780.9,320.00,77264.7,40.00,49105928
10/142,2010-12-07,12,13,18,20,28,48,14,20,4,2,1,5,0,4,1,0,1,0,0.00,1.5,1259830.00,62,81270.00,167.9,9600.00,4462.6,640.00,4800.4,320.00,80658.7,40.00,42730883
10/141,2010-12-05,9,10,20,42,46,47,27,,3,3,2,4,2,1,0,0,3,0,0.00,3,553540.00,63,70290.00,150,9600.00,3207,640.00,4476.9,320.00,58294.4,40.00,35967933
10/140,2010-12-02,6,11,17,31,40,41,34,,3,3,4,2,1,2,0,2,1,0.5,12569460.00,1,2203720.00,65.5,89710.00,148.9,9600.00,3771.5,640.00,4428.7,320.00,69782.9,40.00,44807854
10/139,2010-11-30,3,14,16,19,45,48,9,,4,2,3,3,1,3,0,0,2,0,0.00,1.5,1341860.00,34,157860.00,162.5,9600.00,2414.5,640.00,4994,320.00,51518.3,40.00,39833040
10/138,2010-11-27,13,17,25,26,43,44,42,17,2,4,4,2,0,2,2,0,2,0,0.00,2,748220.00,47.5,84010.00,102,9600.00,2434.5,640.00,3242.2,320.00,44867.7,40.00,30245380
10/137,2010-11-25,17,22,28,31,39,45,8,,2,4,4,2,0,1,2,2,1,0,0.00,2,635530.00,36.5,92860.00,139.5,9600.00,1846,640.00,3796.1,320.00,35676.1,40.00,26804375
10/136,2010-11-23,1,10,11,24,30,49,35,30,4,2,3,3,2,1,2,0,1,1,8000000.00,2,577700.00,80,38510.00,103.4,9600.00,4435.8,640.00,3423.9,320.00,64251.4,40.00,29558927
10/135,2010-11-20,3,6,9,29,30,33,14,"6,30,33",3,3,4,2,3,0,2,1,0,2.5,11128430.00,3.5,267550.00,306.5,19200.00,227,9600.00,8054.9,640.00,5598.2,320.00,100894,40.00,43971392
10/134,2010-11-18,6,20,30,33,39,47,23,"20,39",2,4,3,3,1,1,1,2,1,0,0.00,2.5,854070.00,60,94890.00,135,9600.00,2709.1,640.00,4237.5,320.00,56362.2,40.00,41264389
10/133,2010-11-16,3,12,20,39,46,49,19,,3,3,3,3,1,2,0,1,2,0.5,18606185.00,2,1345450.00,69,103990.00,258.5,9600.00,4175.5,640.00,7259.5,320.00,81594.8,40.00,56396898
10/132,2010-11-13,7,18,21,28,47,48,35,28,3,3,3,3,1,1,2,0,2,0,0.00,1,1963760.00,86,60890.00,203.5,9600.00,4662.7,640.00,5932.2,320.00,79578.6,40.00,45195821
10/131,2010-11-11,5,6,15,28,29,43,48,"15,43",3,3,4,2,2,1,2,0,1,0.5,23248365.00,1,3190040.00,120,70880.00,245.5,9600.00,6052.2,640.00,6925.5,320.00,108945.1,40.00,66989785
10/130,2010-11-09,4,15,41,43,45,49,18,,2,4,5,1,1,1,0,0,4,0,0.00,3,1325170.00,100.5,105480.00,198.5,9600.00,5712,640.00,6644,320.00,104882.7,40.00,75939693
10/129,2010-11-04,5,9,25,27,33,44,17,"5,25",2,4,5,1,2,0,2,1,1,0,0.00,3,331765.00,65,40830.00,276.8,4800.00,4416.2,320.00,6806.6,160.00,80523.2,20.00,23579528
10/128,2010-11-02,5,17,24,25,36,45,15,24,3,3,4,2,1,1,2,1,1,2,4453715.00,4,325615.00,106,32765.00,427,4800.00,5189.4,320.00,10820.2,160.00,93764.8,20.00,31219817
10/127,2010-10-30,7,8,12,24,30,49,27,8,4,2,2,4,2,1,2,0,1,0,0.00,1,837095.00,91.8,24315.00,249,4800.00,5167,320.00,6184,160.00,88396.8,20.00,21738137
10/126,2010-10-28,8,9,17,31,36,47,46,8,3,3,4,2,2,1,0,2,1,2,7265175.00,3,548705.00,141,31130.00,261,4800.00,6208,320.00,7676,160.00,115606.6,20.00,34887281
10/125,2010-10-26,3,8,14,20,33,41,32,"33,41",4,2,3,3,2,2,0,1,1,0,0.00,4,382665.00,111,36770.00,223,4800.00,4926.4,320.00,6869.8,160.00,96478.4,20.00,31276404
10/124,2010-10-23,1,28,33,41,42,45,8,,1,5,4,2,1,0,1,1,3,0,0.00,1,992665.00,57,46440.00,201.4,4800.00,3277,320.00,6076,160.00,64227.6,20.00,21378467
10/123,2010-10-21,4,9,23,35,46,49,18,,3,3,4,2,2,0,1,1,2,1,19769515.00,1,1921725.00,107,47890.00,288,4800.00,6591,320.00,8908.8,160.00,126262.2,20.00,39853236
10/122,2010-10-19,2,20,29,38,39,43,37,29,2,4,3,3,1,1,1,2,1,0,0.00,1,1739510.00,105,44175.00,274,4800.00,5650.4,320.00,7409.4,160.00,103839.8,20.00,35424615
10/121,2010-10-16,1,29,30,44,45,49,41,,1,5,4,2,1,0,2,0,3,0,0.00,3,420645.00,70,48070.00,171,4800.00,3695,320.00,5214,160.00,73527.2,20.00,25098042
10/120,2010-10-14,4,7,10,26,42,47,13,,3,3,2,4,3,0,1,0,2,0,0.00,3,366325.00,77,38060.00,197,4800.00,4460,320.00,5385.8,160.00,84119.2,20.00,24014976
10/119,2010-10-12,9,13,21,24,38,46,27,,4,2,3,3,1,1,2,1,1,1,5236415.00,4,318090.00,92,36880.00,268,4800.00,4767,320.00,6806,160.00,89296.4,20.00,27792821
10/118,2010-10-09,22,37,41,42,44,45,27,22,1,5,3,3,0,0,1,1,4,1,9257920.00,0,0.00,90,42050.00,187,4800.00,5104.4,320.00,5130,160.00,79782.2,20.00,28417243
10/117,2010-10-07,14,15,21,22,32,40,2,,4,2,2,4,0,2,2,2,0,0,0.00,2,542640.00,84.4,34290.00,234,4800.00,4419.4,320.00,7033.6,160.00,82945.6,20.00,24578756
10/116,2010-10-05,5,6,8,16,29,31,12,16,4,2,3,3,3,1,1,1,0,1,22563575.00,6,308685.00,229,21565.00,856,4800.00,12698.8,320.00,20031.8,160.00,215150.8,20.00,54165390
10/115,2010-10-02,7,16,17,21,27,36,6,21,4,2,4,2,1,2,2,1,0,0,0.00,6,220630.00,142,24855.00,597,4800.00,8068.8,320.00,12155,160.00,129394.8,20.00,36441544
10/114,2010-09-30,9,18,21,22,26,29,27,,4,2,3,3,1,1,4,0,0,0,0.00,11,102055.00,224,13360.00,687.4,4800.00,10060.8,320.00,13177.8,160.00,148706.6,20.00,36715118
10/113,2010-09-28,7,30,31,42,45,49,46,30,1,5,4,2,1,0,1,1,3,0,0.00,3,518640.00,100,41490.00,336,4800.00,5201,320.00,8290,160.00,96408,20.00,33204565
10/112,2010-09-25,16,23,30,37,39,43,5,23,2,4,4,2,0,1,2,2,1,0,0.00,2,664405.00,75,47245.00,238,4800.00,4743.8,320.00,6755,160.00,82599,20.00,28014994
10/111,2010-09-21,10,13,23,35,36,48,47,,3,3,3,3,1,1,1,2,1,1,31023870.00,3,1224870.00,242,40490.00,595,4800.00,14119.8,320.00,15450,160.00,252811.8,20.00,77449805
10/110,2010-09-19,12,17,19,26,33,40,25,,3,3,3,3,0,3,1,2,0,0,0.00,1,1124290.00,154.4,19415.00,234,4800.00,4274.2,320.00,6137.8,160.00,79580,20.00,24631768
10/109,2010-09-16,5,8,31,46,47,49,34,,2,4,4,2,2,0,0,1,3,2,20675100.00,1,2897790.00,310,31155.00,594,4800.00,13924,320.00,16517,160.00,252482.6,20.00,76918176
10/108,2010-09-14,3,4,7,22,30,39,6,39,4,2,3,3,3,0,2,1,0,0,0.00,7,393790.00,206,35680.00,623.8,4800.00,12189,320.00,20121.2,160.00,219676,20.00,64263302
10/107,2010-09-11,10,20,24,35,36,39,12,,3,3,2,4,1,1,1,3,0,0,0.00,1,2034955.00,108,50245.00,348,4800.00,7166,320.00,10961,160.00,131617,20.00,43069901
10/106,2010-09-09,2,4,19,34,37,41,5,2,3,3,3,3,2,1,0,2,1,0,0.00,1,1858760.00,65,76255.00,247,4800.00,5255.6,320.00,7834.6,160.00,104030,20.00,36701524
10/105,2010-09-07,2,3,16,42,43,45,27,"43,45",3,3,3,3,2,1,0,0,3,0,0.00,1,1602730.00,109,39210.00,203,4800.00,5014.2,320.00,6135,160.00,93108,20.00,31785835
10/104,2010-09-04,17,19,25,34,43,45,47,,2,4,5,1,0,2,1,1,2,0,0.00,1,1158240.00,76,40640.00,163,4800.00,3521.2,320.00,4502,160.00,62714.8,20.00,22905735
10/103,2010-09-02,3,7,11,20,23,48,38,,5,1,4,2,2,2,1,0,1,1,13333350.00,5,326565.00,193,22560.00,383,4800.00,8633,320.00,10379,160.00,144632.6,20.00,39104569
10/102,2010-08-30,6,16,39,40,46,49,41,"6,49",2,4,2,4,1,1,0,2,2,0,0.00,1,1144940.00,76,40170.00,175,4800.00,3795,320.00,4921,160.00,67949.6,20.00,23312235
10/101,2010-08-28,1,3,6,7,36,49,42,"1,7,36",4,2,4,2,4,0,0,1,1,0,0.00,1,752930.00,145.4,13805.00,245,4800.00,7967.2,320.00,5460.2,160.00,112946.6,20.00,22914916
10/100,2010-08-26,1,7,9,10,36,44,37,9,4,2,3,3,4,0,0,1,1,1,22008965.00,8,222170.00,257,18440.00,448,4800.00,13863.6,320.00,11808.8,160.00,216022.4,20.00,47810452
10/099,2010-08-24,6,9,11,16,25,37,45,37,4,2,4,2,2,2,1,1,0,0,0.00,7,259765.00,161,30115.00,353,4800.00,8431.2,320.00,8733.4,160.00,151759.6,20.00,41011751
10/098,2010-08-21,18,21,34,37,40,49,28,,2,4,3,3,0,1,1,3,1,0,0.00,0,0.00,64,64805.00,187,4800.00,4072,320.00,5812.2,160.00,79069.2,20.00,29827938
10/097,2010-08-19,8,12,30,43,46,48,35,8,2,4,1,5,1,1,1,0,3,0,0.00,5,235065.00,107,29290.00,218,4800.00,5105,320.00,6469,160.00,84883.8,20.00,25969095
10/096,2010-08-17,2,5,8,22,25,35,16,,4,2,3,3,3,0,2,1,0,4,1288400.00,9,19200.00,714.8,9600.00,585.8,4800.00,13876,320.00,12603.2,160.00,163778,20.00,34482760
10/095,2010-08-14,6,12,17,34,38,46,43,"6,17",3,3,1,5,1,2,0,2,1,0,0.00,3,428905.00,57,60195.00,139,4800.00,3583,320.00,4613,160.00,70674.2,20.00,24799649
10/094,2010-08-12,6,17,29,33,42,48,34,,2,4,3,3,1,1,1,1,2,1,24625810.00,4,600040.00,265,24150.00,412,4800.00,10679,320.00,11256.4,160.00,178860.4,20.00,52512588
10/093,2010-08-10,5,8,12,20,30,39,23,,4,2,2,4,2,2,1,1,0,0,0.00,5,376260.00,191,26265.00,515,4800.00,9776.6,320.00,13056,160.00,171140.6,20.00,46101536
10/092,2010-08-07,3,18,34,41,45,46,37,46,2,4,3,3,1,1,0,1,3,0,0.00,0,0.00,78,57960.00,194,4800.00,4026,320.00,5417,160.00,82502,20.00,31770955
10/091,2010-08-05,8,30,42,46,48,49,7,,1,5,1,5,1,0,1,0,4,0,0.00,1,1223680.00,69,47290.00,180,4800.00,4487,320.00,5814,160.00,75703.4,20.00,25386746
10/090,2010-08-03,9,17,26,31,35,36,42,35,2,4,4,2,1,1,1,3,0,1,34111400.00,5,631260.00,256,32875.00,607,4800.00,12745.6,320.00,16375.4,160.00,231566.6,20.00,69197703
10/089,2010-07-31,12,28,29,33,35,37,22,12,1,5,4,2,0,1,2,3,0,0,0.00,2,1153335.00,135,45560.00,414,4800.00,8057.6,320.00,11939.6,160.00,148738,20.00,48795208
10/088,2010-07-29,12,13,38,41,44,49,22,,2,4,3,3,0,2,0,1,3,0,0.00,0,0.00,91,56945.00,252,4800.00,5177,320.00,7624,160.00,104950.8,20.00,37818128
10/087,2010-07-27,4,17,23,28,43,46,22,,3,3,3,3,1,1,2,0,2,0,0.00,2,824865.00,122,36055.00,227,4800.00,5882.4,320.00,7576,160.00,107162.6,20.00,34098859
10/086,2010-07-24,6,15,22,25,33,42,24,,3,3,3,3,1,1,2,1,1,0,0.00,22,46395.00,142,19165.00,1058,4800.00,6780.4,320.00,10375.4,160.00,120845.8,20.00,34620619
10/085,2010-07-20,5,13,26,29,40,47,42,40,2,4,4,2,1,1,2,1,1,4,7669590.00,2,1334795.00,222,40080.00,583,4800.00,11139.6,320.00,15139,160.00,204291.6,20.00,69107318
10/084,2010-07-17,7,12,30,34,40,48,33,,2,4,1,5,1,1,1,2,1,0,0.00,1,1727915.00,99,46540.00,213,4800.00,5073.4,320.00,7422.2,160.00,99645.2,20.00,34231600
10/083,2010-07-15,2,10,16,18,41,44,31,2,4,2,1,5,2,2,0,0,2,0,0.00,1,1641385.00,78,56115.00,192,4800.00,4057.4,320.00,5656.4,160.00,85858,20.00,31235149
10/082,2010-07-13,2,3,5,25,43,48,24,"2,25",3,3,4,2,3,0,1,0,2,0,0.00,3,434900.00,81,42950.00,194,4800.00,4727.8,320.00,6614,160.00,94745,20.00,27695400
10/081,2010-07-10,2,22,25,27,35,42,13,,2,4,3,3,1,0,3,1,1,2,4610435.00,5,281390.00,137.4,27305.00,252,4800.00,5422.4,320.00,7575.4,160.00,97394.6,20.00,30392817
10/080,2010-07-08,4,16,40,43,46,47,27,46,2,4,2,4,1,1,0,1,3,0,0.00,2,660590.00,85,41445.00,226,4800.00,3487,320.00,4859,160.00,66022.4,20.00,25884380
10/079,2010-07-06,14,17,21,29,42,46,49,"14,21",3,3,3,3,0,2,2,0,2,1,17397970.00,1,2223350.00,127,46680.00,234,4800.00,5841,320.00,7663,160.00,113686.8,20.00,42185959
10/078,2010-07-03,2,13,14,21,45,49,19,21,4,2,4,2,1,2,1,0,2,0,0.00,1,1909305.00,100,50910.00,225,4800.00,5108,320.00,7176.8,160.00,103600.8,20.00,36893441
10/077,2010-06-29,8,11,21,38,41,48,49,"21,41",3,3,3,3,1,1,1,1,2,0,0.00,5,225810.00,106,28400.00,350,4800.00,5371,320.00,9537,160.00,102454.6,20.00,28232086
10/076,2010-06-26,7,13,15,20,21,41,2,,5,1,5,1,1,3,1,0,1,1,16721705.00,1,1749675.00,108,43200.00,299,4800.00,6960.8,320.00,8795.8,160.00,117436.8,20.00,37475683
10/075,2010-06-24,5,23,26,31,34,49,24,,2,4,4,2,1,0,2,2,1,0,0.00,0,0.00,70,61640.00,214,4800.00,4546.8,320.00,7534,160.00,91750.4,20.00,32180260
10/074,2010-06-22,2,4,9,20,35,40,44,"2,35",4,2,2,4,3,1,0,2,0,0,0.00,2,703110.00,85,44115.00,197,4800.00,5168.6,320.00,5282,160.00,98548,20.00,29106820
10/073,2010-06-19,2,8,12,13,27,35,37,,4,2,3,3,2,2,1,1,0,1,14391610.00,6,259010.00,170,24375.00,371,4800.00,8799.8,320.00,9174,160.00,149086.2,20.00,37836032
10/072,2010-06-17,5,11,15,42,45,48,14,5,3,3,4,2,1,2,0,0,3,0,0.00,2,788230.00,91,46195.00,209,4800.00,4902,320.00,6354,160.00,94826,20.00,31544795
10/071,2010-06-15,5,10,18,21,35,49,11,21,4,2,4,2,2,1,1,1,1,0,0.00,2,654450.00,75,46535.00,254,4800.00,4423.8,320.00,7403.4,160.00,84732.6,20.00,27968662
10/070,2010-06-13,2,11,19,20,21,40,43,,5,1,3,3,1,3,1,1,0,1,5000000.00,1,1339710.00,158,22610.00,200,4800.00,5827.4,320.00,5260,160.00,98098.2,20.00,28598276
10/069,2010-06-10,8,26,32,35,36,49,24,8,1,5,2,4,1,0,1,3,1,1,40085640.00,10,373910.00,216,46160.00,737.8,4800.00,12934.4,320.00,19397.8,160.00,250421.6,20.00,79972849
10/068,2010-06-08,7,8,12,21,23,47,10,,5,1,4,2,2,1,2,0,1,0,0.00,11,268735.00,333,23670.00,1192,4800.00,18494,320.00,28081.8,160.00,317291.4,20.00,81731437
10/067,2010-06-05,9,15,30,37,38,40,1,,2,4,3,3,1,1,1,3,0,2,29186880.00,12,404520.00,371,34890.00,1153,4800.00,19977.6,320.00,28743.2,160.00,361272.8,20.00,109840852
10/066,2010-06-03,5,16,19,26,42,44,6,,3,3,2,4,1,2,1,0,2,0,0.00,6,688400.00,235,46865.00,752,4800.00,12961.4,320.00,22634.8,160.00,249743.8,20.00,86357629
10/065,2010-06-01,7,11,13,24,28,46,26,,4,2,3,3,1,2,2,0,1,0,0.00,8,376615.00,230,34930.00,715,4800.00,14267.2,320.00,19237.6,160.00,252927.2,20.00,70753536
10/064,2010-05-29,4,16,25,26,33,42,30,33,2,4,2,4,1,1,2,1,1,0,0.00,3,766160.00,143,42860.00,349,4800.00,7908.6,320.00,9573.4,160.00,147281.2,20.00,47263141
10/063,2010-05-27,9,22,28,32,33,49,18,,2,4,3,3,1,0,2,2,1,0,0.00,3,556200.00,129,34490.00,451.4,4800.00,8643.2,320.00,12429.2,160.00,151683.2,20.00,41072509
10/062,2010-05-25,14,18,30,40,43,46,27,18,2,4,1,5,0,2,1,1,2,0,0.00,1,1826515.00,72,67645.00,272,4800.00,4592.4,320.00,6626.4,160.00,90238.2,20.00,35224501
10/061,2010-05-22,12,17,18,26,29,33,41,,3,3,3,3,0,3,2,1,0,0,0.00,2,555700.00,84,35280.00,170,4800.00,4569,320.00,4750.4,160.00,82729,20.00,23768326
10/060,2010-05-20,4,10,11,15,22,37,49,4,5,1,3,3,2,2,1,1,0,2,19817155.00,10,335605.00,291,30750.00,504,4800.00,14858.2,320.00,15327,160.00,264383.8,20.00,73148922
10/059,2010-05-18,4,7,12,20,39,48,14,39,4,2,2,4,2,2,0,1,1,0,0.00,8,398585.00,179,47500.00,577,4800.00,11032.4,320.00,17540.2,160.00,211300,20.00,67949731
10/058,2010-05-15,1,29,32,39,44,47,17,39,1,5,4,2,1,0,1,2,2,1,18138150.00,1,1987750.00,98,54085.00,257,4800.00,4900,320.00,8083,160.00,97137.4,20.00,38147963
10/057,2010-05-13,16,22,31,37,39,49,32,,2,4,4,2,0,1,1,3,1,0,0.00,1,1717335.00,99,46255.00,252,4800.00,5110,320.00,7563.2,160.00,102361.6,20.00,34598822
10/056,2010-05-11,15,26,29,34,35,40,9,34,1,5,3,3,0,1,2,3,0,0,0.00,0,0.00,69,54985.00,197,4800.00,3870.2,320.00,6702,160.00,76362.2,20.00,28161898
10/055,2010-05-09,1,5,8,21,27,34,20,,4,2,4,2,3,0,2,1,0,1,8994495.00,0,0.00,153,23205.00,308.8,4800.00,7356.8,320.00,8930.4,160.00,127035.8,20.00,32519578
10/054,2010-05-06,2,31,37,38,39,40,44,40,1,5,3,3,1,0,0,5,0,0,0.00,2,654125.00,133,26230.00,153,4800.00,5006,320.00,4305,160.00,77509.6,20.00,26221422
10/053,2010-05-04,19,24,34,40,41,46,15,41,2,4,2,4,0,1,1,2,2,1,15935960.00,1,2099470.00,96,58315.00,206,4800.00,5124.2,320.00,6819,160.00,100025.2,20.00,39075626
10/052,2010-05-02,7,16,26,28,41,44,24,"7,26,41",2,4,2,4,1,1,2,0,2,0,0.00,1,1545845.00,91,45295.00,235,4800.00,4477,320.00,8869.8,160.00,89186.8,20.00,31645273
10/051,2010-04-29,5,7,24,26,41,49,3,,3,3,4,2,2,0,2,0,2,0,0.00,2,631085.00,63,53425.00,168,4800.00,3541,320.00,5885.6,160.00,73881.6,20.00,25195454
10/050,2010-04-27,3,13,18,21,22,33,8,,5,1,4,2,1,2,2,1,0,2,2500000.00,14,61095.00,200.6,11370.00,950.2,4800.00,8289.6,320.00,15638.2,160.00,119510.8,20.00,29009976
10/049,2010-04-24,5,12,16,23,29,39,11,"16,23,29,39",4,2,4,2,1,2,2,1,0,1,8894105.00,3,432675.00,102,33935.00,325,4800.00,6343.6,320.00,9356.6,160.00,101555,20.00,30791727
10/048,2010-04-22,1,16,23,29,39,46,17,,3,3,4,2,1,1,2,1,1,0,0.00,1,1337115.00,57,62555.00,143,4800.00,3822.8,320.00,4799,160.00,74534.2,20.00,25859157
10/047,2010-04-20,6,17,25,27,35,40,32,,2,4,4,2,1,1,2,2,0,2,15219685.00,3,1159930.00,219,42370.00,499,4800.00,11832.6,320.00,15093.6,160.00,225958.8,20.00,71497707
10/046,2010-04-17,1,2,24,38,42,49,19,,3,3,2,4,2,0,1,1,2,0,0.00,2,735200.00,81,48405.00,237,4800.00,4866,320.00,6173.2,160.00,91673.6,20.00,30163181
10/045,2010-04-15,19,21,30,35,36,37,33,37,2,4,4,2,0,1,2,3,0,0,0.00,4,293875.00,71,44150.00,346.8,4800.00,4148.2,320.00,6851.8,160.00,77596.8,20.00,26392868
10/044,2010-04-13,31,32,33,37,42,46,17,,0,6,3,3,0,0,0,4,2,2,5199965.00,1,1349980.00,124,36285.00,253,4800.00,5884,320.00,7081.4,160.00,103141.6,20.00,34547453
10/043,2010-04-11,2,7,20,36,38,41,40,,3,3,2,4,2,1,0,2,1,0,0.00,2,701940.00,84,44565.00,205,4800.00,4450.2,320.00,5896.8,160.00,85746.2,20.00,28428393
10/042,2010-04-08,3,5,25,30,33,37,35,25,2,4,5,1,2,0,2,2,0,1,25238935.00,5,495090.00,200,33005.00,566,4800.00,9300.4,320.00,13299,160.00,173615.6,20.00,54496820
10/041,2010-04-06,11,20,25,35,42,45,8,"11,35",2,4,4,2,0,2,1,1,2,0,0.00,6,356430.00,126,45260.00,316,4800.00,6877,320.00,9710.8,160.00,125194.4,20.00,43412049
10/040,2010-04-03,11,23,35,37,40,43,30,"23,43",2,4,5,1,0,1,1,3,1,0,0.00,0,0.00,57,74815.00,168,4800.00,3970,320.00,5640.8,160.00,78717.2,20.00,30128397
10/039,2010-04-01,20,21,23,31,42,43,41,31,3,3,4,2,0,1,2,1,2,0,0.00,7,175765.00,113,29035.00,381,4800.00,4539,320.00,7198.8,160.00,81171.2,20.00,27907970
10/038,2010-03-30,2,22,29,31,40,48,20,22,2,4,2,4,1,0,2,2,1,1,33012280.00,1,4337425.00,234,49425.00,586,4800.00,13307.8,320.00,17955,160.00,258204.2,20.00,86822603
10/037,2010-03-27,1,3,8,22,36,44,29,44,4,2,2,4,3,0,1,1,1,0,0.00,4,325480.00,134,25905.00,379.8,4800.00,7511.4,320.00,8375.8,160.00,130141,20.00,32791733
10/036,2010-03-25,14,16,29,44,45,47,42,,2,4,3,3,0,2,1,0,3,0,0.00,1,1463765.00,44,88710.00,142,4800.00,3498,320.00,4767,160.00,69931.6,20.00,27196108
10/035,2010-03-23,7,11,22,27,32,46,17,,3,3,3,3,1,1,2,1,1,5,13161965.00,37,159090.00,723,21710.00,1995,4800.00,33552,320.00,46857,160.00,553318.2,20.00,151852842
10/034,2010-03-20,8,12,29,33,39,45,36,39,2,4,4,2,1,1,1,2,1,0,0.00,4,1053980.00,270,41635.00,732,4800.00,14626.2,320.00,21477.4,160.00,277463,20.00,89010274
10/033,2010-03-18,4,19,30,37,39,41,31,"4,37",2,4,4,2,1,1,1,2,1,0,0.00,3,1213435.00,157,61830.00,436,4800.00,9318,320.00,13872.8,160.00,186172.4,20.00,69789983
10/032,2010-03-16,4,16,28,37,38,47,30,4,2,4,2,4,1,1,1,2,1,0,0.00,5,538805.00,204,35215.00,383,4800.00,10956.6,320.00,11319.4,160.00,199929.2,20.00,57205179
10/031,2010-03-13,1,4,14,18,22,39,48,14,5,1,2,4,2,2,1,1,0,0,0.00,2,983340.00,128,40970.00,354,4800.00,8038.8,320.00,8757,160.00,150420.8,20.00,42757647
10/030,2010-03-11,10,14,35,40,43,48,21,14,2,4,2,4,1,1,0,2,2,0,0.00,4,466620.00,85,58555.00,269,4800.00,4629.4,320.00,6630.2,160.00,91837,20.00,35822473
10/029,2010-03-09,9,13,14,17,28,45,20,28,4,2,4,2,1,3,1,0,1,0,0.00,2,598460.00,93,34320.00,263.4,4800.00,5282.2,320.00,6146.8,160.00,102462,20.00,27325933
10/028,2010-03-07,3,12,26,28,31,46,16,,2,4,2,4,1,1,2,1,1,1,33237010.00,9,366565.00,292,30125.00,722,4800.00,14469.8,320.00,19423.4,160.00,257441.2,20.00,75040047
10/027,2010-03-04,10,11,24,33,34,38,16,10,3,3,2,4,1,1,1,3,0,0,0.00,10,256700.00,172,39795.00,482,4800.00,10461.8,320.00,12734.6,160.00,197603.8,20.00,56402010
10/026,2010-03-02,1,6,10,21,28,35,46,,4,2,3,3,3,0,2,1,0,0,0.00,7,291475.00,237,22955.00,361,4800.00,11825.8,320.00,10783,160.00,200930.8,20.00,48534300
10/025,2010-02-27,16,17,18,22,25,36,47,,4,2,2,4,0,3,2,1,0,0,0.00,2,752935.00,122,32915.00,218,4800.00,6919.8,320.00,6238,160.00,118337.4,20.00,32699329
10/024,2010-02-25,11,20,31,37,44,47,46,44,2,4,4,2,0,2,0,2,2,0,0.00,4,382635.00,70,58305.00,159,4800.00,3527,320.00,4693,160.00,70608.4,20.00,28273443
10/023,2010-02-23,8,19,43,44,48,49,46,,2,4,3,3,1,1,0,0,4,1,23075320.00,5,541875.00,196,36860.00,725,4800.00,9888,320.00,14371,160.00,182042,20.00,60061602
10/022,2010-02-20,3,4,11,15,32,45,1,"4,11,32",4,2,4,2,2,2,0,1,1,0,0.00,0,0.00,82,53940.00,387,4800.00,6400.2,320.00,11293,160.00,116382.2,20.00,37392609
10/021,2010-02-18,4,5,7,11,28,32,3,7,4,2,3,3,3,1,1,1,0,0,0.00,4,276025.00,263.8,11160.00,740.4,4800.00,10667.2,320.00,17135.8,160.00,155971.6,20.00,37447445
10/020,2010-02-15,1,7,17,20,29,49,19,29,4,2,5,1,2,2,1,0,1,0,0.00,2,451880.00,80,30125.00,265,4800.00,4233.8,320.00,7853.2,160.00,76305,20.00,22278489
10/019,2010-02-13,5,21,26,27,28,29,44,"21,27",2,4,4,2,1,0,5,0,0,1,5000000.00,0,0.00,149.4,20345.00,185,4800.00,6734.8,320.00,4872,160.00,98834.2,20.00,26204440
10/018,2010-02-11,21,24,27,32,35,36,16,,2,4,3,3,0,0,3,3,0,1,5000000.00,4,337040.00,93,38655.00,220,4800.00,4609.2,320.00,6218.4,160.00,84149.6,20.00,27936326
10/017,2010-02-09,4,8,10,13,14,49,7,13,5,1,2,4,3,2,0,0,1,1,38609565.00,11,382105.00,417,26875.00,1186.4,4800.00,19974.8,320.00,31762.2,160.00,346992.4,20.00,101668618
10/016,2010-02-06,1,5,13,16,24,41,14,,5,1,4,2,2,2,1,0,1,0,0.00,1,1207970.00,91,35395.00,216,4800.00,4515,320.00,6494.8,160.00,87525.6,20.00,26149782
10/015,2010-02-04,9,20,25,36,42,47,13,,2,4,3,3,1,1,1,1,2,1,10438295.00,5,325515.00,168,25830.00,269,4800.00,7950.4,320.00,7539.8,160.00,122929.2,20.00,35970379
10/014,2010-02-02,1,10,13,14,38,39,41,,4,2,3,3,2,2,0,2,0,0,0.00,3,484075.00,112,34575.00,228,4800.00,6184.2,320.00,6989.2,160.00,111946.8,20.00,31610376
10/013,2010-01-30,2,4,6,30,32,34,40,32,3,3,0,6,3,0,1,2,0,2,2500000.00,0,0.00,106,30155.00,180,4800.00,4479.4,320.00,5008.6,160.00,85763.4,20.00,25179240
10/012,2010-01-28,3,9,15,32,43,46,28,9,3,3,4,2,2,1,0,1,2,1,15859435.00,5,415130.00,110,50315.00,345,4800.00,6685.4,320.00,10317.4,160.00,132685.6,20.00,43159386
10/011,2010-01-26,8,9,17,31,37,38,2,,3,3,4,2,2,1,0,3,0,0,0.00,2,772075.00,153,26910.00,355,4800.00,7682.6,320.00,9976.4,160.00,132958.6,20.00,36537694
10/010,2010-01-23,18,19,26,34,39,46,2,,2,4,2,4,0,2,1,2,1,0,0.00,1,1301665.00,60,57850.00,174,4800.00,3669.4,320.00,4729.8,160.00,69933.8,20.00,25371963
10/009,2010-01-21,6,7,17,24,41,48,16,"24,41",4,2,3,3,2,1,1,0,2,2,12523770.00,2,1339080.00,156,45780.00,453,4800.00,8854,320.00,13053.2,160.00,174715.2,20.00,55945818
10/008,2010-01-19,2,3,9,24,33,41,40,,4,2,4,2,3,0,1,1,1,0,0.00,5,403990.00,160,33665.00,386,4800.00,8260.2,320.00,10230.6,160.00,165225.2,20.00,44880911
10/007,2010-01-17,5,18,19,28,35,45,27,35,3,3,4,2,1,2,1,1,1,0,0.00,2,760575.00,132,30730.00,373,4800.00,7389,320.00,10037.6,160.00,128391.4,20.00,36060558
10/006,2010-01-14,21,26,27,35,38,48,41,48,1,5,3,3,0,0,3,2,1,0,0.00,0,0.00,80,46320.00,160,4800.00,3859.2,320.00,4778,160.00,78880.2,20.00,26900313
10/005,2010-01-12,9,23,25,29,30,48,1,,2,4,4,2,1,0,4,0,1,1,23594340.00,4,614165.00,180,36395.00,546,4800.00,10115.8,320.00,15895.6,160.00,182214,20.00,55635198
10/004,2010-01-09,4,8,16,39,40,45,10,"16,45",3,3,2,4,2,1,0,2,1,0,0.00,3,650010.00,110,47270.00,301,4800.00,5938.6,320.00,9230,160.00,113660.4,20.00,39594809
10/003,2010-01-07,5,14,16,25,45,48,42,"5,14,16",3,3,3,3,1,2,1,0,2,0,0.00,1,1791400.00,96,49760.00,210,4800.00,5299,320.00,6312.4,160.00,101798.8,20.00,34950858
10/002,2010-01-05,5,14,16,22,26,28,27,"16,22",4,2,1,5,1,2,3,0,0,0,0.00,5,251160.00,117.4,28520.00,297.4,4800.00,5828.8,320.00,8814.2,160.00,102474,20.00,29541793
10/001,2010-01-02,11,13,16,18,21,22,6,,6,0,3,3,0,4,2,0,0,4,3629600.00,6,225535.00,240,15035.00,561,4800.00,9257,320.00,12887.4,160.00,142101.2,20.00,37912596
09/154,2009-12-31,26,28,31,33,40,41,19,"33,40",0,6,3,3,0,0,2,3,1,0,0.00,3,606525.00,103,47105.00,256,4800.00,5901.8,320.00,7320.2,160.00,108397.2,20.00,36642181
09/153,2009-12-29,9,27,33,38,39,40,14,27,1,5,4,2,1,0,1,4,0,0,0.00,2,626905.00,117,28575.00,279,4800.00,5837.6,320.00,6999.4,160.00,98280.4,20.00,28663382
09/152,2009-12-26,6,17,21,27,36,42,23,27,3,3,3,3,1,1,2,1,1,1,5000000.00,1,1051600.00,86,32605.00,174,4800.00,3995.6,320.00,5300.2,160.00,74476.6,20.00,22510037
09/151,2009-12-24,20,22,26,27,31,44,49,44,2,4,2,4,0,1,3,1,1,1,44681575.00,2,2338490.00,232,53755.00,606,4800.00,14036.2,320.00,17053,160.00,271117.6,20.00,92249753
09/150,2009-12-22,6,23,30,33,43,44,10,,2,4,3,3,1,0,2,1,2,0,0.00,10,355020.00,266,35590.00,799,4800.00,15866,320.00,19923.4,160.00,261039.4,20.00,80240130
09/149,2009-12-20,2,4,24,28,32,45,38,"2,4",3,3,1,5,2,0,2,1,1,0,0.00,1,1450420.00,106,36485.00,343,4800.00,6178.4,320.00,9384.8,160.00,110348.8,20.00,33255236
09/148,2009-12-17,2,4,30,37,43,49,10,,2,4,3,3,2,0,1,1,2,0,0.00,0,0.00,51,71495.00,137,4800.00,2676,320.00,4837.4,160.00,58958,20.00,24971908
09/147,2009-12-15,10,27,28,40,46,47,18,"40,46",1,5,2,4,1,0,2,1,2,1,22783415.00,1,2528130.00,125,53930.00,346,4800.00,7337,320.00,10716.4,160.00,140849.6,20.00,50113669
09/146,2009-12-12,8,9,37,40,46,49,41,"8,49",2,4,3,3,2,0,0,2,2,0,0.00,1,1842730.00,88,55840.00,218,4800.00,4546,320.00,6485,160.00,96353.4,20.00,35121571
09/145,2009-12-10,4,8,15,16,34,49,45,,4,2,2,4,2,2,0,1,1,0,0.00,1,1556940.00,99,41935.00,218,4800.00,6263.4,320.00,6483,160.00,101988.4,20.00,32470186
09/144,2009-12-08,6,12,23,29,31,35,21,"23,35",3,3,4,2,1,1,2,2,0,0,0.00,1,1204545.00,143,22460.00,308.8,4800.00,5717.8,320.00,7429,160.00,99760,20.00,28370956
09/143,2009-12-05,1,14,17,23,35,38,31,,4,2,4,2,1,2,1,2,0,1,9313755.00,1,1437915.00,111,34540.00,228,4800.00,5602.4,320.00,6668.2,160.00,106632.8,20.00,30779516
09/142,2009-12-03,10,15,20,21,34,46,4,10,4,2,2,4,1,2,1,1,1,0,0.00,1,1400230.00,64,58340.00,184.2,4800.00,3805.4,320.00,5423.6,160.00,72969,20.00,27198411
09/141,2009-12-01,4,5,10,17,39,44,24,"5,39",4,2,3,3,3,1,0,1,1,1,5000000.00,1,1406880.00,80,46895.00,212,4800.00,4444,320.00,7283.6,160.00,87841.4,20.00,29016142
09/140,2009-11-28,1,5,25,32,38,39,4,1,2,4,4,2,2,0,1,3,0,1,5000000.00,1,1159890.00,88,35145.00,208.4,4800.00,4343.2,320.00,6253.6,160.00,80706.8,20.00,25004142
09/139,2009-11-26,1,3,9,17,18,42,7,,5,1,4,2,3,2,0,0,1,2,17964920.00,12,191960.00,566.4,10845.00,1647.4,4800.00,23651.6,320.00,34730.4,160.00,339280.4,20.00,78128031
09/138,2009-11-24,7,21,24,33,35,45,26,45,3,3,5,1,1,0,2,2,1,0,0.00,4,751605.00,212,37815.00,553,4800.00,12204.2,320.00,16146.4,160.00,222380.6,20.00,65955252
09/137,2009-11-21,2,8,23,28,38,45,21,45,3,3,2,4,2,0,2,1,1,1,21124030.00,6,284300.00,414,10985.00,380,4800.00,12872,320.00,11323.4,160.00,172634.6,20.00,43896883
09/136,2009-11-19,11,13,19,35,41,45,24,,3,3,6,0,0,3,0,1,2,0,0.00,2,856745.00,110,41535.00,346,4800.00,6629.4,320.00,9391.6,160.00,125835.8,20.00,37693803
09/135,2009-11-17,2,4,9,28,42,43,45,"28,42",3,3,2,4,3,0,1,0,2,0,0.00,0,0.00,98,39905.00,229,4800.00,5321,320.00,6179.8,160.00,105994,20.00,30841355
09/134,2009-11-14,3,6,15,26,28,42,21,6,3,3,2,4,2,1,2,0,1,0,0.00,1,1027760.00,99,27680.00,253,4800.00,4992.2,320.00,6436,160.00,91419.8,20.00,24443446
09/133,2009-11-12,1,6,9,10,20,46,14,,5,1,2,4,4,1,0,0,1,1,7571125.00,4,214260.00,301,9600.00,445.4,4800.00,12319,320.00,11169.4,160.00,161740.8,20.00,32141683
09/132,2009-11-10,2,8,18,22,24,35,17,"2,35",5,1,1,5,2,1,2,1,0,0,0.00,1,953295.00,177,14360.00,334.4,4800.00,7402.8,320.00,7919.2,160.00,114870.2,20.00,26893255
09/131,2009-11-08,2,17,27,32,35,38,41,,2,4,3,3,1,1,1,3,0,1,9883590.00,1,1627860.00,89,48770.00,215,4800.00,5285.2,320.00,6461.6,160.00,104558.6,20.00,32914892
09/130,2009-11-05,3,9,13,31,40,42,30,"3,42",3,3,4,2,2,1,0,2,1,0,0.00,1,1188960.00,83.4,38015.00,257,4800.00,4647.4,320.00,6730.2,160.00,84426,20.00,26289729
09/129,2009-11-03,3,19,33,42,43,45,44,,2,4,5,1,1,1,0,1,3,1,24323900.00,5,500245.00,144,46315.00,473,4800.00,10032.4,320.00,14075.4,160.00,182983.2,20.00,55030646
09/128,2009-10-31,11,25,27,29,30,44,23,44,1,5,4,2,0,1,4,0,1,0,0.00,2,883260.00,117.4,40125.00,537,4800.00,6963.4,320.00,12116.8,160.00,125579,20.00,41106877
09/127,2009-10-29,13,14,15,16,18,44,48,"13,16",5,1,2,4,0,5,0,0,1,0,0.00,0,0.00,241.4,18005.00,230,4800.00,5836.4,320.00,6125,160.00,93370.4,20.00,32891874
09/126,2009-10-27,13,16,31,35,41,42,36,41,2,4,4,2,0,2,0,2,2,0,0.00,6,231145.00,68,54385.00,176,4800.00,3785.8,320.00,5749.2,160.00,71295.6,20.00,26967501
09/125,2009-10-24,22,25,26,34,41,45,15,,1,5,3,3,0,0,3,1,2,2,15187950.00,3,932505.00,158,47215.00,437,4800.00,8508,320.00,13966.8,160.00,163022.2,20.00,57055406
09/124,2009-10-22,1,2,24,29,40,47,7,,3,3,3,3,2,0,2,1,1,0,0.00,5,453485.00,114,53035.00,390,4800.00,7025.8,320.00,12448.2,160.00,138338.2,20.00,47203615
09/123,2009-10-20,8,26,34,36,39,46,35,,1,5,1,5,1,0,1,3,1,0,0.00,1,1799870.00,106,45275.00,258,4800.00,7199,320.00,8732.4,160.00,129022.8,20.00,38343673
09/122,2009-10-18,2,4,15,20,32,42,48,15,4,2,1,5,2,2,0,1,1,0,0.00,2,796905.00,103,41260.00,179,4800.00,5041.2,320.00,6055,160.00,94452,20.00,31493587
09/121,2009-10-15,15,17,22,37,39,47,26,15,3,3,5,1,0,2,1,2,1,0,0.00,2,647455.00,75,46040.00,180,4800.00,4571.4,320.00,6032,160.00,83805,20.00,26767829
09/120,2009-10-13,13,15,18,36,43,45,7,,3,3,4,2,0,3,0,1,2,1,5000000.00,1,1367820.00,82,44480.00,213,4800.00,4538,320.00,7392,160.00,84767.4,20.00,28469081
09/119,2009-10-10,2,12,16,19,20,49,4,,5,1,2,4,1,4,0,0,1,1,16868270.00,2,897615.00,109,43920.00,362,4800.00,6771.6,320.00,10018.4,160.00,121929.4,20.00,39070225
09/118,2009-10-08,21,31,33,35,39,44,28,,1,5,5,1,0,0,1,4,1,0,0.00,7,244775.00,99,46150.00,280,4800.00,5633.8,320.00,7779.2,160.00,97757,20.00,34998790
09/117,2009-10-06,12,15,17,24,36,49,14,,4,2,3,3,0,3,1,1,1,0,0.00,0,0.00,91,39330.00,199,4800.00,5087.6,320.00,7258.2,160.00,94247.2,20.00,28634713
09/116,2009-10-03,4,6,11,16,22,39,10,,5,1,2,4,2,2,1,1,0,1,5000000.00,1,1015455.00,158,17135.00,445,4800.00,7162.4,320.00,11493.8,160.00,116589.4,20.00,29699995
09/115,2009-09-29,1,5,15,33,40,48,21,1,3,3,4,2,2,1,0,2,1,1,30628460.00,5,708560.00,237,39860.00,645,4800.00,13857,320.00,17596.6,160.00,255205.4,20.00,76675076
09/114,2009-09-27,1,3,9,30,41,47,19,9,3,3,5,1,3,0,1,0,2,1,5000000.00,2,575750.00,55,55830.00,264.4,4800.00,4243.2,320.00,7912.4,160.00,91160.8,20.00,26207558
09/113,2009-09-24,9,19,22,26,34,36,24,9,3,3,2,4,1,1,2,2,0,1,13320465.00,7,221930.00,119,34810.00,487.4,4800.00,7480,320.00,11745,160.00,136919,20.00,38392456
09/112,2009-09-22,1,5,9,18,24,32,38,,5,1,3,3,3,1,1,1,0,0,0.00,8,152490.00,222.2,14640.00,427.8,4800.00,9398.8,320.00,10202.8,160.00,150221.6,20.00,34509834
09/111,2009-09-19,20,23,28,37,39,41,26,28,2,4,4,2,0,1,2,2,1,0,0.00,1,1225555.00,56,58355.00,187,4800.00,3277.8,320.00,4725.2,160.00,68850.2,20.00,24181441
09/110,2009-09-17,19,21,24,28,30,48,26,,3,3,2,4,0,1,4,0,1,1,22080625.00,3,764595.00,138,44320.00,442,4800.00,7969,320.00,12118.6,160.00,154476.6,20.00,49082557
09/109,2009-09-15,11,14,16,17,35,49,34,"14,17,35",4,2,4,2,0,4,0,1,1,0,0.00,5,370680.00,102,48455.00,280,4800.00,5762,320.00,7497.6,160.00,110339,20.00,37356258
09/108,2009-09-12,1,3,14,17,35,43,47,35,4,2,5,1,2,2,0,1,1,0,0.00,4,386580.00,69,59760.00,189,4800.00,4725.6,320.00,5982,160.00,95129.2,20.00,30754620
09/107,2009-09-10,7,29,31,32,33,35,48,,1,5,5,1,1,0,1,4,0,0,0.00,4,329075.00,126,27855.00,176,4800.00,5620.4,320.00,4986,160.00,90150.6,20.00,27569197
09/106,2009-09-08,11,13,16,20,21,28,15,,5,1,3,3,0,4,2,0,0,2,7612335.00,5,365955.00,172,28365.00,423,4800.00,8604.6,320.00,11151.6,160.00,149741,20.00,42533329
09/105,2009-09-06,9,24,35,40,41,48,31,9,2,4,3,3,1,0,1,2,2,0,0.00,3,526145.00,69,61000.00,173,4800.00,4008.8,320.00,5331,160.00,81622.2,20.00,29930095
09/104,2009-09-04,6,9,14,17,47,49,38,17,4,2,4,2,2,2,0,0,2,0,0.00,2,661525.00,101,34930.00,271,4800.00,5499.4,320.00,8145.4,160.00,101667.8,20.00,29796211
09/103,2009-09-01,17,19,22,27,40,46,4,17,3,3,3,3,0,2,2,1,1,2,16408335.00,6,599050.00,184,52090.00,466,4800.00,9927.4,320.00,16058.6,160.00,196183.4,20.00,70812128
09/102,2009-08-29,4,17,18,26,33,35,40,17,3,3,3,3,1,2,1,2,0,0,0.00,1,2315905.00,196,31505.00,328,4800.00,8223.2,320.00,9607.8,160.00,150191.8,20.00,47617173
09/101,2009-08-27,5,8,17,24,30,42,34,"5,24",4,2,2,4,2,1,2,0,1,0,0.00,5,382295.00,163,31270.00,328,4800.00,7559.4,320.00,8655.6,160.00,139295,20.00,41051580
09/100,2009-08-25,5,11,12,15,24,32,39,"12,32",5,1,3,3,1,3,1,1,0,0,0.00,4,362625.00,160,24175.00,326,4800.00,8431.2,320.00,8915,160.00,140623.6,20.00,35422394
09/099,2009-08-22,3,4,12,29,32,48,16,"12,29",3,3,2,4,2,1,1,1,1,0,0.00,1,1204410.00,48,66910.00,195,4800.00,4010.4,320.00,5675.6,160.00,80559.8,20.00,25115088
09/098,2009-08-20,12,15,22,26,27,29,37,15,3,3,3,3,0,2,4,0,0,1,29692395.00,3,989605.00,205,38615.00,468,4800.00,12055,320.00,14249.2,160.00,210285.2,20.00,63591115
09/097,2009-08-18,1,3,15,18,20,33,48,20,5,1,4,2,2,3,0,1,0,0,0.00,6,358840.00,176,32620.00,510,4800.00,10558.4,320.00,12482,160.00,188431.6,20.00,50677123
09/096,2009-08-15,6,16,20,23,24,34,42,6,5,1,1,5,1,2,2,1,0,0,0.00,1,1736605.00,105,44100.00,285,4800.00,5492,320.00,7653,160.00,111548.4,20.00,35746815
09/095,2009-08-13,3,6,18,27,29,37,4,,3,3,4,2,2,1,2,1,0,0,0.00,2,686160.00,148,24725.00,319,4800.00,7062.4,320.00,8784.2,160.00,120603.8,20.00,32708123
09/094,2009-08-11,1,15,23,24,31,39,33,23,4,2,5,1,1,1,2,2,0,0,0.00,3,472355.00,88.4,42745.00,178,4800.00,4921.4,320.00,6468.6,160.00,91758,20.00,29038546
09/093,2009-08-08,5,8,10,11,23,30,42,,5,1,3,3,3,1,2,0,0,5,1000000.00,4,113805.00,333.4,9600.00,249,4800.00,10346.4,320.00,6618.4,160.00,133021.8,20.00,25451186
09/092,2009-08-06,18,28,38,39,47,48,24,,1,5,2,4,0,1,1,2,2,3,6153815.00,7,181115.00,679,9600.00,517,4800.00,18329.6,320.00,12597.2,160.00,173187.2,20.00,49189396
09/091,2009-08-04,9,27,32,34,36,37,20,,1,5,3,3,1,0,1,4,0,0,0.00,6,310340.00,132,37615.00,353,4800.00,8018,320.00,8435.2,160.00,139394.4,20.00,40813015
09/090,2009-08-01,1,8,20,45,47,48,11,,3,3,3,3,2,1,0,0,3,0,0.00,2,678640.00,94,38500.00,305,4800.00,5251,320.00,8629.4,160.00,98336,20.00,30435646
09/089,2009-07-30,4,11,12,18,21,40,44,"4,11",5,1,2,4,1,3,1,1,0,0,0.00,2,588785.00,84,37380.00,176,4800.00,4961.4,320.00,4699,160.00,91553,20.00,25263507
09/088,2009-07-28,4,11,20,28,46,49,31,4,3,3,2,4,1,2,1,0,2,1,30473820.00,6,581875.00,213,43705.00,441,4800.00,11339.4,320.00,13867.6,160.00,215232.8,20.00,70085150
09/087,2009-07-25,4,22,23,31,36,47,20,47,3,3,3,3,1,0,2,2,1,0,0.00,2,634090.00,56,60385.00,138,4800.00,3388,320.00,4108.8,160.00,69250,20.00,24221673
09/086,2009-07-23,1,3,11,15,39,47,44,"1,15",4,2,6,0,2,2,0,1,1,1,16800000.00,3,654365.00,100,52345.00,235,4800.00,6059,320.00,6812,160.00,125945,20.00,38995233
09/085,2009-07-21,1,4,6,13,15,48,39,,5,1,3,3,3,2,0,0,1,0,0.00,1,1597675.00,146,29180.00,230,4800.00,7210.8,320.00,6343.6,160.00,132945.2,20.00,34796191
09/084,2009-07-18,24,28,29,38,39,41,19,29,1,5,3,3,0,0,3,2,1,0,0.00,0,0.00,64,46565.00,263.4,4800.00,3590.8,320.00,5367.4,160.00,63132.2,20.00,23560581
09/083,2009-07-16,3,5,14,17,29,45,31,,4,2,5,1,2,2,1,0,1,1,5000000.00,3,401330.00,124,25890.00,246,4800.00,4548.2,320.00,6192.4,160.00,89011.8,20.00,26347746
09/082,2009-07-14,2,10,19,39,46,47,41,"2,47",3,3,3,3,2,1,0,1,2,1,5000000.00,1,1495300.00,59,67580.00,154,4800.00,3738,320.00,4268,160.00,77234,20.00,27995371
09/081,2009-07-11,2,9,18,21,32,47,26,,4,2,3,3,2,1,1,1,1,1,10746100.00,2,749010.00,103,38780.00,252,4800.00,5482.2,320.00,6747.2,160.00,100473,20.00,31532265
09/080,2009-07-09,4,24,26,30,31,46,2,30,2,4,1,5,1,0,3,1,1,0,0.00,0,0.00,91,36685.00,218,4800.00,4662.6,320.00,6125.8,160.00,81878.8,20.00,26534431
09/079,2009-07-07,6,27,30,38,41,47,20,,1,5,3,3,1,0,2,1,2,1,10490230.00,1,1830075.00,80,61000.00,210,4800.00,4984.4,320.00,6464.2,160.00,101277,20.00,35314773
09/078,2009-07-04,2,14,17,19,20,49,26,19,5,1,3,3,1,4,0,0,1,0,0.00,3,437825.00,62,56490.00,125.4,4800.00,3509.2,320.00,5207,160.00,70778.4,20.00,25178074
09/077,2009-07-02,6,19,22,24,29,40,4,,4,2,2,4,1,1,3,1,0,1,23037500.00,1,2147395.00,145,39490.00,494.4,4800.00,8832.2,320.00,13714,160.00,166986.8,20.00,49009714
09/076,2009-06-30,5,11,15,17,25,46,24,,4,2,5,1,1,3,1,0,1,0,0.00,2,920980.00,180,27285.00,386,4800.00,10153.4,320.00,11718.4,160.00,168952.6,20.00,44166871
09/075,2009-06-27,16,18,21,26,30,48,45,"26,30",3,3,1,5,0,2,3,0,1,0,0.00,2,799975.00,62,68815.00,164,4800.00,3957.4,320.00,5073,160.00,81216.2,20.00,30020146
09/074,2009-06-25,12,19,26,30,36,45,20,19,2,4,2,4,0,2,2,1,1,0,0.00,0,0.00,68,49785.00,155,4800.00,3794,320.00,5271.4,160.00,72578.6,20.00,25099706
09/073,2009-06-23,1,19,34,39,43,48,45,,2,4,4,2,1,1,0,2,2,1,40097340.00,5,806485.00,209,51450.00,457,4800.00,11481,320.00,14478,160.00,221314,20.00,78059293
09/072,2009-06-20,7,11,24,32,35,49,46,11,3,3,4,2,1,1,1,2,1,1,5000000.00,2,609540.00,80,40635.00,171,4800.00,4017.8,320.00,5242,160.00,78658,20.00,24906257
09/071,2009-06-18,2,11,17,19,22,26,13,,5,1,3,3,1,3,2,0,0,1,5000000.00,6,171625.00,133,20645.00,305,4800.00,6084.8,320.00,7738.8,160.00,103103,20.00,26398877
09/070,2009-06-16,16,25,27,30,37,41,36,25,1,5,4,2,0,1,3,1,1,1,5000000.00,1,1419320.00,63,60075.00,140,4800.00,3440,320.00,5482,160.00,70637.6,20.00,26778950
09/069,2009-06-14,12,13,25,39,42,43,38,43,2,4,4,2,0,2,1,1,2,1,37337865.00,10,362595.00,223.4,43280.00,634,4800.00,11280.8,320.00,17045.8,160.00,208852.4,20.00,74298944
09/068,2009-06-11,8,11,15,20,33,43,34,,4,2,4,2,1,3,0,1,1,0,0.00,3,845945.00,202,33500.00,496,4800.00,10692.4,320.00,13807.2,160.00,199125.2,20.00,56641291
09/067,2009-06-09,7,13,16,35,42,46,25,,3,3,3,3,1,2,0,1,2,0,0.00,5,436605.00,155,37555.00,450,4800.00,8452.8,320.00,11707.4,160.00,154970.6,20.00,47834209
09/066,2009-06-06,1,5,8,23,32,48,3,,4,2,3,3,3,0,1,1,1,0,0.00,4,293335.00,160,19555.00,599,4800.00,8167.4,320.00,16242.6,160.00,138818.4,20.00,36036957
09/065,2009-06-04,4,9,19,22,24,43,1,,5,1,3,3,2,1,2,0,1,0,0.00,3,419685.00,123,27295.00,416.4,4800.00,6742,320.00,11591.4,160.00,121876,20.00,32726314
09/064,2009-06-02,5,7,18,26,29,47,2,,3,3,4,2,2,1,2,0,1,0,0.00,3,392545.00,125,25120.00,350.4,4800.00,6010.8,320.00,8925.6,160.00,105144.8,20.00,29192277
09/063,2009-05-30,9,12,14,20,27,36,11,"12,20",4,2,2,4,1,3,1,1,0,1,5000000.00,4,267825.00,99,28855.00,309,4800.00,5094,320.00,8984.2,160.00,90993.2,20.00,26331677
09/062,2009-05-28,2,12,20,28,46,49,31,,3,3,1,5,1,2,1,0,2,1,5000000.00,0,0.00,80,39720.00,125,4800.00,3522,320.00,4276.2,160.00,69809.6,20.00,23217508
09/061,2009-05-26,11,14,19,25,27,47,20,,3,3,5,1,0,3,2,0,1,1,31180415.00,5,745360.00,229,43395.00,604,4800.00,13434.6,320.00,16881,160.00,251530,20.00,78208210
09/060,2009-05-23,1,8,21,32,37,46,22,,3,3,3,3,2,0,1,2,1,0,0.00,0,0.00,96,38130.00,291,4800.00,4501,320.00,7889.8,160.00,93205.4,20.00,29667530
09/059,2009-05-19,28,33,36,38,40,45,4,,0,6,2,4,0,0,1,4,1,1,32332150.00,6,576325.00,248,37180.00,488,4800.00,12566,320.00,15265.2,160.00,227472.8,20.00,71645335
09/058,2009-05-16,3,7,11,18,20,27,2,,5,1,4,2,2,3,1,0,0,0,0.00,11,133940.00,308,12755.00,817.8,4800.00,12767.2,320.00,18129,160.00,200556,20.00,47623438
09/057,2009-05-14,6,23,31,43,46,49,40,,2,4,4,2,1,0,1,1,3,0,0.00,1,2093660.00,115,48545.00,333,4800.00,6795.8,320.00,8059,160.00,122914.6,20.00,42331422
09/056,2009-05-12,9,25,29,36,38,41,23,41,1,5,4,2,1,0,2,2,1,0,0.00,2,825030.00,91,48350.00,277,4800.00,5745.8,320.00,8334,160.00,111664.6,20.00,34858068
09/055,2009-05-10,11,14,21,28,41,48,32,,3,3,3,3,0,2,2,0,2,0,0.00,0,0.00,77,45260.00,210,4800.00,4385.2,320.00,5425.4,160.00,82130.6,20.00,26845908
09/054,2009-05-07,2,3,7,9,16,34,14,,5,1,3,3,4,1,0,1,0,1,5000000.00,5,162040.00,196,11020.00,382,4800.00,8363.6,320.00,9604,160.00,128543,20.00,26950202
09/053,2009-05-05,5,29,30,31,41,45,47,29,1,5,5,1,1,0,2,1,2,2,5086930.00,2,862310.00,153,30055.00,224,4800.00,6178.8,320.00,7112,160.00,113182.6,20.00,35349229
09/052,2009-05-02,1,6,18,29,39,48,10,,3,3,3,3,2,1,1,1,1,0,0.00,1,964140.00,62,41465.00,247,4800.00,3935.2,320.00,7027.4,160.00,75343.2,20.00,22480389
09/051,2009-04-30,8,11,21,30,38,49,35,,3,3,3,3,1,1,2,1,1,1,23304255.00,3,793870.00,200,31750.00,369,4800.00,9007.8,320.00,10974.6,160.00,167877.4,20.00,50397948
09/050,2009-04-28,3,7,20,34,36,41,39,34,3,3,3,3,2,1,0,2,1,0,0.00,2,1095230.00,105,55630.00,276,4800.00,6303.6,320.00,7936.2,160.00,125574.2,20.00,42908522
09/049,2009-04-25,4,17,34,38,46,49,7,"34,46",2,4,2,4,1,1,0,2,2,0,0.00,1,1529335.00,85,47975.00,190,4800.00,3775,320.00,6276.4,160.00,72406.6,20.00,29215389
09/048,2009-04-23,15,20,34,42,45,46,23,42,2,4,2,4,0,2,0,1,3,0,0.00,1,1385245.00,69,53535.00,175,4800.00,3557,320.00,6024,160.00,66811,20.00,26715960
09/047,2009-04-21,4,18,31,41,42,43,24,,2,4,3,3,1,1,0,1,3,1,10013435.00,3,557045.00,98,45470.00,311,4800.00,5936,320.00,8254.2,160.00,105013.4,20.00,35289048
09/046,2009-04-18,10,14,22,29,33,48,5,,3,3,2,4,1,1,2,1,1,0,0.00,3,332060.00,99,26830.00,237,4800.00,5160,320.00,6985.2,160.00,88594,20.00,24030389
09/045,2009-04-16,1,11,12,19,28,30,49,,4,2,3,3,1,3,2,0,0,2,9855770.00,4,438830.00,360.4,12985.00,528,4800.00,15135.8,320.00,11941,160.00,212675,20.00,48891750
09/044,2009-04-14,2,7,22,27,41,42,5,,3,3,3,3,2,0,2,0,2,0,0.00,5,358770.00,151,31675.00,382,4800.00,7642,320.00,11005,160.00,132666.8,20.00,40435262
09/043,2009-04-11,3,16,25,38,45,47,35,,2,4,4,2,1,1,1,1,2,0,0.00,1,1354640.00,78,46310.00,225,4800.00,4406,320.00,6624.2,160.00,81028.8,20.00,27952782
09/042,2009-04-09,7,9,22,29,44,49,1,"22,29",3,3,4,2,2,0,2,0,2,0,0.00,5,188080.00,124,20220.00,385,4800.00,5828,320.00,10439.8,160.00,96958.4,20.00,26318566
09/041,2009-04-07,4,21,22,29,41,45,14,,3,3,4,2,1,0,3,0,2,1,31041760.00,7,525795.00,201,48830.00,543,4800.00,10829.4,320.00,16964.8,160.00,211987.8,20.00,74055441
09/040,2009-04-04,2,6,10,17,18,46,34,,5,1,1,5,3,2,0,0,1,0,0.00,4,330680.00,115,30670.00,235,4800.00,5865.8,320.00,6595.4,160.00,107216.4,20.00,29435096
09/039,2009-04-02,7,13,20,33,39,45,30,7,3,3,5,1,1,2,0,2,1,0,0.00,1,1362650.00,97,37460.00,193,4800.00,4635.4,320.00,6311.2,160.00,85106.4,20.00,27971222
09/038,2009-03-31,1,7,15,23,29,35,14,,4,2,6,0,2,1,2,1,0,1,9361260.00,2,726875.00,160,24225.00,326.4,4800.00,7786.8,320.00,9116.4,160.00,132404.8,20.00,34843390
09/037,2009-03-29,24,32,36,40,42,43,47,"36,42",1,5,1,5,0,0,1,3,2,0,0.00,1,1339385.00,80,44645.00,202,4800.00,4506.8,320.00,4900,160.00,80462.8,20.00,27069275
09/036,2009-03-26,5,14,34,36,38,42,19,38,2,4,1,5,1,1,0,3,1,1,22911730.00,2,1296770.00,149,46415.00,393,4800.00,8096,320.00,11260.8,160.00,158543.2,20.00,52685330
09/035,2009-03-24,4,12,15,16,38,46,21,,4,2,1,5,1,3,0,1,1,0,0.00,3,695655.00,113,49250.00,336,4800.00,7217.2,320.00,10711.2,160.00,141089.6,20.00,43976134
09/034,2009-03-21,13,23,27,32,34,43,22,32,2,4,4,2,0,1,2,2,1,0,0.00,3,430015.00,146,23560.00,362,4800.00,6765,320.00,8745,160.00,103805,20.00,31164098
09/033,2009-03-19,6,14,18,21,32,46,43,"14,21",4,2,1,5,1,2,1,1,1,0,0.00,1,1469075.00,92,42580.00,164,4800.00,4426.6,320.00,4959,160.00,84261,20.00,28601595
09/032,2009-03-17,11,12,14,17,21,37,10,,5,1,4,2,0,4,1,1,0,2,2500000.00,3,404820.00,123,26325.00,349,4800.00,6691.2,320.00,9655.8,160.00,113588.4,20.00,30611627
09/031,2009-03-14,10,16,19,33,42,43,12,16,3,3,3,3,1,2,0,1,2,1,5000000.00,1,1329290.00,73,48555.00,186,4800.00,3806.4,320.00,5517.6,160.00,77503.4,20.00,26448386
09/030,2009-03-12,2,12,15,16,30,32,5,32,4,2,1,5,1,3,1,1,0,3,13038055.00,7,474030.00,316,28000.00,876,4800.00,15748.2,320.00,23406.4,160.00,274982.4,20.00,79256046
09/029,2009-03-10,21,27,32,33,39,48,9,,1,5,4,2,0,0,2,3,1,0,0.00,6,508860.00,204,39910.00,722.4,4800.00,11227.4,320.00,20222,160.00,206945.6,20.00,68152250
09/028,2009-03-08,3,4,11,28,37,40,36,,3,3,3,3,2,1,1,2,0,0,0.00,6,206830.00,96,34470.00,267,4800.00,5531.2,320.00,6851.2,160.00,100502.6,20.00,28239478
09/027,2009-03-05,2,7,17,20,33,47,45,,4,2,4,2,2,2,0,1,1,2,17493305.00,4,743915.00,230,34500.00,432,4800.00,12116,320.00,13130.4,160.00,221271.8,20.00,63475590
09/026,2009-03-03,22,25,30,37,38,49,15,22,1,5,3,3,0,0,3,2,1,0,0.00,4,707050.00,134,56280.00,360,4800.00,8721.4,320.00,10933.8,160.00,156050.6,20.00,55757035
09/025,2009-02-28,5,15,22,24,34,46,26,"15,24",4,2,2,4,1,1,2,1,1,0,0.00,3,670405.00,87,61645.00,330,4800.00,6077.4,320.00,9600.6,160.00,118478,20.00,41053141
09/024,2009-02-26,14,15,19,23,24,25,2,,5,1,4,2,0,3,3,0,0,0,0.00,1,1677670.00,168,26625.00,325,4800.00,6317.8,320.00,8803.6,160.00,111228.2,20.00,36121223
09/023,2009-02-24,1,9,32,37,38,47,25,,2,4,4,2,2,0,0,3,1,0,0.00,0,0.00,67,60025.00,212,4800.00,4683.4,320.00,6506.8,160.00,94690.4,20.00,30556763
09/022,2009-02-21,7,8,14,15,20,21,44,,6,0,3,3,2,3,1,0,0,1,5000000.00,4,287015.00,142,21560.00,212,4800.00,6110,320.00,5691,160.00,101863.6,20.00,26539704
09/021,2009-02-19,6,9,16,26,29,36,8,26,3,3,2,4,2,1,2,1,0,9,555555.00,27,19200.00,781,9600.00,989.8,4800.00,13086.2,320.00,14595.8,160.00,125192.8,20.00,28212824
09/020,2009-02-17,8,12,15,26,39,44,6,"12,39",3,3,2,4,1,2,1,1,1,2,14101445.00,48,56960.00,317,23000.00,1149,4800.00,12054.4,320.00,19110.4,160.00,217936.6,20.00,68186091
09/019,2009-02-14,12,17,31,37,39,46,8,,2,4,4,2,0,2,0,3,1,0,0.00,2,792425.00,81,52175.00,269,4800.00,4438.6,320.00,7854.2,160.00,87686.6,20.00,32097496
09/018,2009-02-12,10,14,22,28,32,42,36,14,3,3,0,6,1,1,2,1,1,0,0.00,3,424875.00,83,40950.00,266,4800.00,5777.2,320.00,7495.2,160.00,100664,20.00,29029643
09/017,2009-02-10,4,6,14,21,24,48,8,48,5,1,1,5,2,1,2,0,1,2,7699240.00,9,208065.00,170,29370.00,714.8,4800.00,9369.6,320.00,17067,160.00,158712,20.00,48246308
09/016,2009-02-07,9,12,42,44,45,48,35,,2,4,2,4,1,1,0,0,4,0,0.00,4,398385.00,141,30135.00,211,4800.00,7322,320.00,6556,160.00,109288.8,20.00,33824023
09/015,2009-02-05,3,23,25,36,46,47,20,46,2,4,4,2,1,0,2,1,2,0,0.00,2,777650.00,82,50575.00,185,4800.00,4624,320.00,5227.4,160.00,85234.8,20.00,30190654
09/014,2009-02-03,8,12,26,31,44,46,42,,2,4,1,5,1,1,1,1,2,1,5000000.00,1,1657005.00,90,49095.00,233,4800.00,5116.4,320.00,6734.2,160.00,98719.6,20.00,33234733
09/013,2009-01-31,4,9,10,14,24,29,38,9,5,1,2,4,3,1,2,0,0,3,6222920.00,4,494585.00,342,15425.00,508.8,4800.00,13932.2,320.00,13918.8,160.00,215509.6,20.00,51724251
09/012,2009-01-29,6,8,9,17,25,36,4,17,4,2,3,3,3,1,1,1,0,0,0.00,8,168980.00,251.8,14315.00,620,4800.00,11701.4,320.00,15997,160.00,185600.8,20.00,42399637
09/011,2009-01-27,7,13,17,21,42,45,36,,4,2,5,1,1,2,1,0,2,0,0.00,2,613020.00,100,32690.00,311,4800.00,4544.4,320.00,6453.6,160.00,85883.2,20.00,27183768
09/010,2009-01-25,4,12,19,40,44,47,49,"44,47",3,3,2,4,1,2,0,1,2,0,0.00,1,1255665.00,58,57730.00,161,4800.00,3577,320.00,4649,160.00,69326.6,20.00,24531204
09/009,2009-01-23,5,17,37,38,44,47,12,5,2,4,4,2,1,1,0,2,2,2,37514940.00,7,1052460.00,463,42430.00,1065,4800.00,25963.2,320.00,33807.2,160.00,476274,20.00,152457863
09/008,2009-01-20,5,13,22,29,34,42,37,29,3,3,3,3,1,1,2,1,1,0,0.00,14,355430.00,422,31440.00,1047,4800.00,20610.2,320.00,25473.2,160.00,366309.4,20.00,110143413
09/007,2009-01-17,1,15,16,28,29,47,37,,3,3,4,2,1,2,2,0,1,1,5000000.00,6,212295.00,87,39040.00,178,4800.00,4225.6,320.00,5134.6,160.00,80296.6,20.00,25862773
09/006,2009-01-15,6,9,10,12,24,32,30,12,5,1,1,5,3,1,1,1,0,1,5000000.00,5,155540.00,227,9600.00,450,4800.00,9186,320.00,10740.4,160.00,130927.6,20.00,26913079
09/005,2009-01-13,12,15,36,40,41,49,42,,2,4,3,3,0,2,0,2,2,1,16231080.00,2,1039965.00,109,50885.00,296,4800.00,6777.4,320.00,8243,160.00,123794.2,20.00,41892462
09/004,2009-01-11,3,7,16,19,44,47,31,19,4,2,4,2,2,2,0,0,2,0,0.00,3,554585.00,69,64300.00,206,4800.00,4926,320.00,6876.6,160.00,97727.6,20.00,32979008
09/003,2009-01-08,18,19,22,33,42,46,7,42,3,3,2,4,0,2,1,1,2,0,0.00,8,166170.00,93,38115.00,230,4800.00,4610,320.00,6698.2,160.00,83064.2,20.00,27872885
09/002,2009-01-06,9,14,23,30,42,45,19,30,3,3,3,3,1,1,2,0,2,2,8335270.00,4,568835.00,163.6,37085.00,371,4800.00,8396.4,320.00,10898.8,160.00,154668.4,20.00,48100179
09/001,2009-01-03,2,10,16,21,22,30,26,,5,1,1,5,2,1,3,0,0,0,0.00,4,403705.00,177,24325.00,419,4800.00,8219.6,320.00,10420.6,160.00,137588.6,20.00,38686625
08/149,2008-12-30,4,8,18,29,40,47,9,,3,3,2,4,2,1,1,1,1,0,0.00,5,272815.00,62,58670.00,267,4800.00,4272.4,320.00,8846,160.00,86861.6,20.00,29249504
08/148,2008-12-27,2,17,19,21,24,34,18,24,5,1,3,3,1,2,2,1,0,2,29659155.00,10,602220.00,382,42035.00,1024,4800.00,19614.6,320.00,27626.6,160.00,361675.4,20.00,124008231
08/147,2008-12-23,22,24,26,29,33,48,46,26,2,4,2,4,0,0,4,1,1,0,0.00,8,552150.00,270,43625.00,681,4800.00,15810,320.00,18745,160.00,291001.6,20.00,91681157
08/146,2008-12-21,6,13,20,26,34,40,10,40,3,3,1,5,1,2,1,2,0,0,0.00,1,1273320.00,80,42440.00,272,4800.00,4164.2,320.00,7716.2,160.00,78067.4,20.00,27337869
08/145,2008-12-18,2,22,27,31,40,46,13,,2,4,2,4,1,0,2,2,1,1,16252200.00,3,654880.00,96,54570.00,330,4800.00,5483,320.00,9709.8,160.00,108392.8,20.00,39727696
08/144,2008-12-16,21,29,32,36,38,44,43,36,1,5,2,4,0,0,2,3,1,0,0.00,3,595360.00,114,41775.00,211,4800.00,4741.2,320.00,7233.2,160.00,92755,20.00,34495071
08/143,2008-12-13,1,7,27,36,40,48,13,"1,48",2,4,3,3,2,0,1,2,1,0,0.00,5,235605.00,73,43030.00,234,4800.00,3774.8,320.00,7172.4,160.00,78182.6,20.00,25319936
08/142,2008-12-11,1,10,11,41,47,48,20,47,3,3,4,2,2,1,0,0,3,1,5000000.00,3,422985.00,130,26025.00,189,4800.00,5305,320.00,6204.4,160.00,90006.8,20.00,27211172
08/141,2008-12-09,7,14,21,43,44,47,35,,3,3,4,2,1,1,1,0,3,1,29663860.00,11,292840.00,210,40905.00,529,4800.00,11275,320.00,15401,160.00,198044.2,20.00,66984116
08/140,2008-12-07,4,9,17,26,28,30,1,28,3,3,2,4,2,1,3,0,0,0,0.00,9,127840.00,113,27150.00,470.2,4800.00,6457.4,320.00,12568.4,160.00,112115.6,20.00,31492017
08/139,2008-12-04,8,10,28,35,37,47,12,,2,4,3,3,2,0,1,2,1,0,0.00,2,616410.00,85,38675.00,241,4800.00,4676,320.00,7710.4,160.00,90617.8,20.00,27279254
08/138,2008-12-02,3,13,29,30,31,43,8,,2,4,5,1,1,1,2,1,1,1,5000000.00,3,393010.00,141,22295.00,372.4,4800.00,6239.8,320.00,10186.6,160.00,97896.2,20.00,29647582
08/137,2008-11-29,5,6,27,33,36,37,48,"6,36",2,4,4,2,2,0,1,3,0,1,21325340.00,1,2074245.00,192,28805.00,321,4800.00,9515.8,320.00,9710,160.00,167684.6,20.00,45720566
08/136,2008-11-27,4,6,14,21,36,46,41,46,4,2,1,5,2,1,1,1,1,0,0.00,6,323825.00,150,34540.00,335,4800.00,7031.8,320.00,8472.4,160.00,128502.2,20.00,40774183
08/135,2008-11-25,3,9,18,38,46,48,13,3,3,3,2,4,2,1,0,1,2,0,0.00,1,1424555.00,123,30880.00,407,4800.00,7624.2,320.00,10933.2,160.00,131080.4,20.00,35556622
08/134,2008-11-22,1,3,4,17,24,28,7,4,5,1,3,3,3,1,2,0,0,0,0.00,7,108530.00,136,14895.00,716,4800.00,6102.2,320.00,16472.8,160.00,103589.4,20.00,25767334
08/133,2008-11-20,4,13,31,36,40,41,49,,2,4,3,3,1,1,0,3,1,1,14286415.00,10,171620.00,179,25565.00,788,4800.00,7957.6,320.00,10199,160.00,131142.6,20.00,42882294
08/132,2008-11-18,5,11,18,28,29,32,10,"5,32",3,3,3,3,1,2,2,1,0,0,0.00,5,275850.00,148,24850.00,508.8,4800.00,8543.2,320.00,13071.8,160.00,144654.2,20.00,37528101
08/131,2008-11-15,2,5,8,24,32,37,35,,4,2,2,4,3,0,1,2,0,0,0.00,5,197910.00,143,18450.00,316.4,4800.00,6268.8,320.00,8519.2,160.00,105765.6,20.00,26393845
08/130,2008-11-13,9,10,20,33,34,43,42,20,3,3,3,3,2,1,0,2,1,3,13659900.00,7,555360.00,252,41135.00,673,4800.00,14941.6,320.00,18039,160.00,275258.2,20.00,83117323
08/129,2008-11-11,17,19,20,27,32,35,11,,3,3,4,2,0,3,1,2,0,0,0.00,2,1552840.00,228,36320.00,835,4800.00,12134.8,320.00,23226.4,160.00,217835,20.00,71696916
08/128,2008-11-09,1,4,6,15,24,48,43,6,5,1,2,4,3,1,1,0,1,2,12176225.00,4,651990.00,136,51135.00,314,4800.00,10457.8,320.00,10307,160.00,194907.6,20.00,54642426
08/127,2008-11-06,5,6,28,35,42,43,4,43,2,4,3,3,2,0,1,1,2,0,0.00,2,1133640.00,150,40305.00,400.8,4800.00,8692.4,320.00,11510.6,160.00,164337.2,20.00,48970365
08/126,2008-11-03,1,8,20,25,38,43,39,,3,3,3,3,2,1,1,1,1,0,0.00,0,0.00,107,29445.00,197,4800.00,5175.4,320.00,5888,160.00,94273,20.00,26085656
08/125,2008-11-01,11,17,19,23,32,44,25,23,4,2,4,2,0,3,1,1,1,0,0.00,4,304665.00,80,40620.00,193,4800.00,4477.6,320.00,5583.4,160.00,81121.4,20.00,25560969
08/124,2008-10-30,5,13,23,33,37,40,39,13,3,3,5,1,1,1,1,3,0,1,48890260.00,10,449390.00,281,42645.00,859.4,4800.00,18329.6,320.00,23168,160.00,326807.6,20.00,98437363
08/123,2008-10-28,3,10,11,13,26,48,9,"3,13",4,2,3,3,2,2,1,0,1,0,0.00,5,623895.00,289,28780.00,1029,4800.00,15381.4,320.00,27738.6,160.00,269417.4,20.00,78779897
08/122,2008-10-25,3,13,18,20,22,30,39,,5,1,2,4,1,3,2,0,0,0,0.00,4,584900.00,198,31505.00,476,4800.00,11632.8,320.00,12748.2,160.00,199594.2,20.00,54034852
08/121,2008-10-23,5,9,19,21,27,46,37,9,4,2,5,1,2,1,2,0,1,0,0.00,5,407305.00,193,28135.00,406,4800.00,10608.4,320.00,11404,160.00,182581.8,20.00,47665584
08/120,2008-10-21,1,8,9,32,35,37,14,"9,32,35",3,3,4,2,3,0,0,3,0,0,0.00,6,288970.00,142,32560.00,334,4800.00,7331.4,320.00,9361,160.00,144213.4,20.00,38950598
08/119,2008-10-18,3,6,7,9,32,35,24,6,4,2,4,2,4,0,0,2,0,0,0.00,5,181340.00,143.4,16860.00,441.4,4800.00,8264.4,320.00,10312.6,160.00,138971.6,20.00,29324743
08/118,2008-10-16,6,21,31,40,42,44,7,"21,44",2,4,2,4,1,0,1,2,2,0,0.00,3,466935.00,45,83010.00,177,4800.00,3300,320.00,5837,160.00,69414,20.00,26833726
08/117,2008-10-14,11,14,19,21,41,44,31,11,4,2,4,2,0,3,1,0,2,1,9694050.00,5,312935.00,108,38630.00,420,4800.00,5251.8,320.00,10159.8,160.00,97139.2,20.00,34681133
08/116,2008-10-11,8,11,35,37,38,46,27,38,2,4,3,3,1,1,0,3,1,0,0.00,4,314110.00,66,50765.00,148,4800.00,3898.2,320.00,5588.4,160.00,78483,20.00,25234063
08/115,2008-10-09,1,2,12,19,27,38,41,,4,2,3,3,2,2,1,1,0,2,14349375.00,9,322175.00,292.4,26440.00,547,4800.00,14793.8,320.00,14048.4,160.00,248281.6,20.00,66324768
08/114,2008-10-07,4,10,26,34,46,49,5,4,2,4,1,5,2,0,1,1,2,2,4535500.00,5,271400.00,298,12140.00,379,4800.00,8823,320.00,8792.4,160.00,111504.2,20.00,33742275
08/113,2008-10-04,4,14,16,19,22,35,9,,5,1,2,4,1,3,1,1,0,0,0.00,3,316155.00,94,26905.00,337,4800.00,5103,320.00,9627,160.00,83841.6,20.00,24844910
08/112,2008-10-02,13,17,20,29,32,42,15,,3,3,3,3,0,3,1,1,1,1,35092340.00,3,1138915.00,178,51185.00,452,4800.00,10199,320.00,13759.4,160.00,192506.4,20.00,67622368
08/111,2008-09-30,11,26,27,39,40,47,34,39,1,5,4,2,0,1,2,2,1,0,0.00,7,396955.00,159,46600.00,427,4800.00,8490.8,320.00,10927.2,160.00,162523,20.00,55781883
08/110,2008-09-27,7,17,33,36,39,44,31,,2,4,4,2,1,1,0,3,1,0,0.00,5,352515.00,116,40515.00,332,4800.00,6401.8,320.00,8720,160.00,116874.8,20.00,37569733
08/109,2008-09-25,1,4,15,16,29,46,30,4,4,2,3,3,2,2,1,0,1,0,0.00,1,2072735.00,129,42845.00,296,4800.00,6685.8,320.00,8832.4,160.00,127312.4,20.00,42045508
08/108,2008-09-20,4,5,10,27,28,49,46,49,3,3,3,3,3,0,2,0,1,0,0.00,4,279720.00,122,24455.00,178,4800.00,5424.6,320.00,4224,160.00,90657.2,20.00,24585622
08/107,2008-09-18,2,17,34,38,46,49,33,,2,4,2,4,1,1,0,2,2,1,5000000.00,2,721365.00,52,73985.00,137,4800.00,3397.4,320.00,4669.8,160.00,67319.4,20.00,26681126
08/106,2008-09-16,4,9,14,25,36,40,45,9,3,3,2,4,2,1,1,2,0,1,9031915.00,2,671985.00,151,23730.00,319,4800.00,7433.8,320.00,8899.8,160.00,113809.4,20.00,32326152
08/105,2008-09-13,3,8,9,16,34,46,42,8,4,2,2,4,3,1,0,1,1,0,0.00,1,1165725.00,86,36145.00,204.8,4800.00,5491,320.00,5523.8,160.00,104906.4,20.00,26411557
08/104,2008-09-11,2,8,12,20,25,49,34,,4,2,2,4,2,2,1,0,1,1,5000000.00,2,567985.00,146,20745.00,247,4800.00,7187.8,320.00,6339,160.00,115672.8,20.00,28028845
08/103,2008-09-09,3,7,15,23,29,48,5,23,4,2,5,1,2,1,2,0,1,2,20794020.00,15,301955.00,348,34705.00,1053,4800.00,19611,320.00,32884.2,160.00,356823,20.00,105388681
08/102,2008-09-06,4,10,18,22,23,38,35,22,5,1,1,5,2,1,2,1,0,2,19842215.00,7,484040.00,319,28320.00,748,4800.00,17218.4,320.00,20651.4,160.00,303513.2,20.00,80180575
08/101,2008-09-04,7,17,22,26,31,42,12,"22,31",3,3,3,3,1,1,2,1,1,0,0.00,5,598705.00,198.4,40235.00,613,4800.00,10804.8,320.00,17436.8,160.00,202796.6,20.00,65141481
08/100,2008-09-02,9,13,16,22,24,31,18,,5,1,3,3,1,2,2,1,0,0,0.00,2,1050495.00,169,33150.00,524,4800.00,10465.6,320.00,14240,160.00,181889.4,20.00,50319031
08/099,2008-08-30,2,8,10,37,44,49,22,,3,3,2,4,3,0,0,1,2,0,0.00,2,812910.00,73,59390.00,322,4800.00,4859,320.00,9269,160.00,100591,20.00,34270616
08/098,2008-08-28,1,21,27,31,34,38,10,,2,4,4,2,1,0,2,3,0,0,0.00,1,1452825.00,87,44530.00,283,4800.00,5230.8,320.00,8123,160.00,98759.8,20.00,31389892
08/097,2008-08-26,2,13,19,25,30,43,44,25,3,3,4,2,1,2,2,0,1,0,0.00,1,1425725.00,76,50025.00,152,4800.00,4151.4,320.00,4968,160.00,82515.4,20.00,27681710
08/096,2008-08-23,3,9,10,20,25,34,41,"3,20",4,2,3,3,3,1,1,1,0,1,13831390.00,1,1376470.00,127,28900.00,202,4800.00,6287,320.00,5612,160.00,110394.2,20.00,29946843
08/095,2008-08-21,1,3,20,21,35,37,46,,4,2,5,1,2,1,1,2,0,0,0.00,3,522440.00,86,48595.00,191,4800.00,5069.6,320.00,5040,160.00,98275.4,20.00,31098537
08/094,2008-08-19,7,19,24,26,32,39,20,32,3,3,3,3,1,1,2,2,0,0,0.00,4,342835.00,108,33860.00,210,4800.00,4805,320.00,5737,160.00,90956.8,20.00,28387309
08/093,2008-08-16,14,25,32,38,43,46,35,46,1,5,2,4,0,1,1,2,2,1,5000000.00,2,625115.00,72,46305.00,174,4800.00,3300,320.00,5117.4,160.00,63117.2,20.00,24317763
08/092,2008-08-14,16,20,23,27,41,46,6,,3,3,3,3,0,2,2,0,2,1,16071565.00,4,528445.00,72,78285.00,246,4800.00,5106.4,320.00,8380,160.00,103911.4,20.00,40221233
08/091,2008-08-12,10,11,15,26,28,31,43,15,3,3,3,3,1,2,2,1,0,0,0.00,3,525575.00,124,33905.00,246,4800.00,6846,320.00,6816,160.00,120880,20.00,34131272
08/090,2008-08-09,8,15,19,21,32,42,10,,4,2,3,3,1,2,1,1,1,0,0.00,2,584050.00,56,55620.00,208,4800.00,4123.8,320.00,6150.6,160.00,79281.2,20.00,24898736
08/089,2008-08-07,3,17,23,24,30,47,26,,4,2,4,2,1,1,3,0,1,2,4860685.00,8,181330.00,151,25615.00,280,4800.00,6022.8,320.00,7417.6,160.00,104595.4,20.00,31810457
08/088,2008-08-05,6,11,16,38,42,49,40,"6,11",3,3,2,4,1,2,0,1,2,0,0.00,4,376020.00,87,46100.00,191,4800.00,4963,320.00,6395.8,160.00,99560.4,20.00,30626919
08/087,2008-08-02,4,6,8,11,33,35,25,"8,33",4,2,3,3,3,1,0,2,0,1,5000000.00,0,0.00,112,20405.00,410.4,4800.00,6211.8,320.00,8643.6,160.00,108326.8,20.00,25529823
08/086,2008-07-31,1,8,25,33,34,41,28,"25,34",2,4,4,2,2,0,1,2,1,3,13827980.00,4,1002570.00,319,33520.00,679,4800.00,14447,320.00,20992.6,160.00,265275.2,20.00,85048139
08/085,2008-07-29,7,15,25,34,35,38,6,,2,4,4,2,1,1,1,3,0,0,0.00,7,450145.00,297,28290.00,775.4,4800.00,16063.4,320.00,21387.8,160.00,270553.2,20.00,75518001
08/084,2008-07-26,9,10,12,13,41,48,6,,4,2,3,3,2,2,0,0,2,0,0.00,2,548285.00,59,49560.00,241,4800.00,3907.4,320.00,8972,160.00,77951.8,20.00,24880033
08/083,2008-07-24,5,15,29,31,38,45,48,"29,45",2,4,5,1,1,1,1,2,1,1,14898955.00,3,524565.00,292,14370.00,423,4800.00,10984.2,320.00,10156,160.00,149354.4,20.00,40159944
08/082,2008-07-22,10,29,33,40,43,45,8,29,1,5,4,2,1,0,1,2,2,0,0.00,2,862970.00,87,52900.00,269,4800.00,4974,320.00,8427,160.00,98441,20.00,34896895
08/081,2008-07-19,1,18,24,29,35,46,2,18,3,3,3,3,1,1,2,1,1,0,0.00,2,609870.00,76,42795.00,197,4800.00,3589,320.00,5323.4,160.00,70015.6,20.00,24596334
08/080,2008-07-17,15,18,25,27,38,47,2,"38,47",2,4,4,2,0,2,2,1,1,1,23170400.00,4,644360.00,155,44340.00,364,4800.00,8553,320.00,11069.2,160.00,157880.4,20.00,52398628
08/079,2008-07-15,9,17,19,24,38,47,3,38,4,2,4,2,1,2,1,1,1,0,0.00,3,669535.00,125,42850.00,385,4800.00,7281,320.00,11407.4,160.00,135367.4,20.00,43380589
08/078,2008-07-12,5,21,25,27,38,40,11,5,2,4,4,2,1,0,3,2,0,0,0.00,3,490245.00,90,43575.00,256.8,4800.00,4869,320.00,8108.4,160.00,92418.2,20.00,30946498
08/077,2008-07-10,5,12,17,18,41,44,32,18,4,2,3,3,1,3,0,0,2,0,0.00,2,678460.00,54,67005.00,187,4800.00,3674,320.00,5629.8,160.00,77644,20.00,26792142
08/076,2008-07-08,15,18,19,21,24,26,36,15,5,1,3,3,0,3,3,0,0,1,24237205.00,2,1459985.00,188,41415.00,415,4800.00,9035.6,320.00,12937.8,160.00,169229.6,20.00,58758896
08/075,2008-07-05,2,6,7,15,20,38,14,,5,1,2,4,3,2,0,1,0,0,0.00,4,464215.00,159,31140.00,440.8,4800.00,10008,320.00,12081.2,160.00,174371,20.00,45078248
08/074,2008-07-02,3,21,26,29,31,48,1,,2,4,4,2,1,0,3,1,1,0,0.00,6,272590.00,87,50130.00,225,4800.00,4772.4,320.00,7554,160.00,96073.8,20.00,32813665
08/073,2008-06-29,1,2,7,19,28,34,5,,4,2,3,3,3,1,1,1,0,0,0.00,4,160115.00,81.4,20980.00,387,4800.00,5107.2,320.00,9801,160.00,85215.6,20.00,21215564
08/072,2008-06-27,8,33,39,40,46,48,24,8,1,5,2,4,1,0,0,3,2,1,41873410.00,2,2165350.00,235,49140.00,663,4800.00,13988,320.00,21051.4,160.00,268609.8,20.00,89121813
08/071,2008-06-24,8,9,22,27,29,42,38,29,3,3,3,3,2,0,3,0,1,0,0.00,4,740105.00,287,27505.00,761,4800.00,15943.6,320.00,20954.8,160.00,269268,20.00,72557412
08/070,2008-06-21,1,5,13,29,34,44,25,,3,3,4,2,2,1,1,1,1,0,0.00,1,1497715.00,94,42485.00,232,4800.00,5164.2,320.00,6842,160.00,100906.2,20.00,31206068
08/069,2008-06-19,2,11,18,26,39,45,24,,3,3,3,3,1,2,1,1,1,0,0.00,1,1361165.00,99,36660.00,195,4800.00,4736.8,320.00,6148.6,160.00,88174.6,20.00,28094355
08/068,2008-06-17,3,5,6,13,31,32,15,3,4,2,4,2,3,1,0,2,0,1,18784070.00,0,0.00,241,19370.00,603.2,4800.00,11745.2,320.00,14350,160.00,196178.6,20.00,47589376
08/067,2008-06-14,3,15,19,40,41,44,13,15,3,3,4,2,1,2,0,1,2,0,0.00,1,1778940.00,78,60815.00,208,4800.00,4283.4,320.00,6789,160.00,87164.6,20.00,33761447
08/066,2008-06-12,4,6,9,15,22,37,3,,5,1,3,3,3,1,1,1,0,0,0.00,6,177525.00,124,22905.00,487,4800.00,7164.4,320.00,13663.6,160.00,128380.8,20.00,31828362
08/065,2008-06-10,2,7,11,20,29,45,48,"11,45",4,2,4,2,2,2,1,0,1,0,0.00,4,316300.00,126,26775.00,196,4800.00,5562.4,320.00,4830,160.00,95886.4,20.00,27185578
08/064,2008-06-07,6,11,14,23,39,45,10,,4,2,4,2,1,2,1,1,1,3,1666665.00,1,739195.00,124,27815.00,266,4800.00,5707.6,320.00,7982,160.00,100186.2,20.00,29372124
08/063,2008-06-03,5,32,33,40,41,49,30,,1,5,4,2,1,0,0,3,2,2,15394260.00,2,1798085.00,272,35255.00,682,4800.00,13338,320.00,19744,160.00,243019.6,20.00,77605156
08/062,2008-05-31,11,26,31,34,36,42,13,,1,5,2,4,0,1,1,3,1,0,0.00,3,430375.00,76.4,45065.00,290.2,4800.00,5030.6,320.00,8200.8,160.00,93970.2,20.00,28987230
08/061,2008-05-29,1,6,27,39,44,49,36,,2,4,4,2,2,0,1,1,2,0,0.00,1,1173100.00,63,49655.00,246,4800.00,3952,320.00,6558.2,160.00,79580.8,20.00,25334297
08/060,2008-05-27,22,23,24,28,29,43,6,,3,3,3,3,0,0,5,0,1,1,5000000.00,4,283400.00,186,16250.00,308,4800.00,6157.6,320.00,7650.8,160.00,92565.8,20.00,27461285
08/059,2008-05-24,1,5,12,14,19,31,45,"1,19",5,1,4,2,2,3,0,1,0,1,10181005.00,3,423620.00,170,19935.00,249,4800.00,7847.6,320.00,6303,160.00,119109,20.00,30384206
08/058,2008-05-22,1,19,23,29,34,41,15,"1,23",3,3,5,1,1,1,2,1,1,0,0.00,0,0.00,45,81090.00,158.2,4800.00,3328.6,320.00,4769,160.00,69794,20.00,25941473
08/057,2008-05-20,1,4,6,23,25,47,49,,4,2,4,2,3,0,2,0,1,2,13369550.00,4,561590.00,197,30405.00,621,4800.00,10964.6,320.00,15337,160.00,195750,20.00,54287613
08/056,2008-05-17,3,18,24,45,46,48,31,45,3,3,2,4,1,1,1,0,3,0,0.00,2,646665.00,45,76640.00,150,4800.00,3368,320.00,4574.4,160.00,68175.8,20.00,24755909
08/055,2008-05-15,7,21,22,38,45,47,40,,3,3,4,2,1,0,2,1,2,1,5000000.00,0,0.00,54,65165.00,142,4800.00,4131,320.00,4731.4,160.00,80018.4,20.00,25979053
08/054,2008-05-13,8,19,26,34,37,40,29,,2,4,2,4,1,1,1,3,0,3,3793175.00,4,428855.00,86,53190.00,247,4800.00,4640.8,320.00,6712.6,160.00,95661.2,20.00,33750385
08/053,2008-05-10,5,6,27,41,47,49,40,49,2,4,5,1,2,0,1,0,3,0,0.00,0,0.00,66,49825.00,159,4800.00,3561,320.00,4768,160.00,68513.2,20.00,24204565
08/052,2008-05-08,16,24,31,35,37,49,39,49,2,4,4,2,0,1,1,3,1,1,5000000.00,1,1387905.00,62,59690.00,184,4800.00,3619.8,320.00,5167,160.00,69241.4,20.00,26705366
08/051,2008-05-06,7,8,13,26,28,49,17,,3,3,3,3,2,1,2,0,1,1,5000000.00,1,1154850.00,135,22810.00,269.8,4800.00,7145.4,320.00,8042,160.00,126012.2,20.00,29350013
08/050,2008-05-03,1,3,4,5,37,39,8,,4,2,5,1,4,0,0,2,0,1,10225480.00,4,310205.00,203,16300.00,761.8,4800.00,11669.6,320.00,17186.4,160.00,148307,20.00,41106047
08/049,2008-04-29,20,22,24,25,40,41,35,24,3,3,2,4,0,1,3,1,1,0,0.00,0,0.00,68,58935.00,195.4,4800.00,4438.4,320.00,6099.4,160.00,80884.4,20.00,29560311
08/048,2008-04-26,13,15,17,19,24,32,9,13,5,1,4,2,0,4,1,1,0,2,8290775.00,3,631850.00,145,34860.00,346,4800.00,6220.2,320.00,10135.8,160.00,114980.6,20.00,39739856
08/047,2008-04-24,8,12,13,25,31,35,21,"8,31",3,3,4,2,1,2,1,2,0,0,0.00,10,146585.00,141,27720.00,376.4,4800.00,7887,320.00,9506.6,160.00,133557.8,20.00,35669871
08/046,2008-04-22,8,14,31,36,40,46,9,46,2,4,1,5,1,1,0,3,1,0,0.00,0,0.00,77,51850.00,221,4800.00,4382,320.00,7011,160.00,82636,20.00,30011998
08/045,2008-04-19,7,10,16,19,42,46,20,"7,10",4,2,2,4,2,2,0,0,2,1,5000000.00,2,534600.00,63,45255.00,250,4800.00,3983,320.00,7907,160.00,75511.8,20.00,24227575
08/044,2008-04-17,7,10,11,27,31,48,5,"31,48",3,3,4,2,2,1,1,1,1,1,5000000.00,0,0.00,86,33690.00,353,4800.00,5912.8,320.00,9425.8,160.00,103581.6,20.00,28012831
08/043,2008-04-15,8,25,31,38,43,48,23,38,1,5,3,3,1,0,1,2,2,1,30114710.00,3,1123855.00,249,36105.00,709,4800.00,13569.4,320.00,18977.8,160.00,247293.8,20.00,74866457
08/042,2008-04-13,1,9,22,23,34,38,24,,4,2,3,3,2,0,2,2,0,1,50615815.00,5,1000940.00,470,28395.00,1068,4800.00,24512.4,320.00,30626.2,160.00,434867.6,20.00,117097302
08/041,2008-04-08,11,13,21,36,39,40,43,36,3,3,4,2,0,2,1,3,0,0,0.00,7,619545.00,272,42515.00,675,4800.00,14255,320.00,18563.4,160.00,267454.2,20.00,88689833
08/040,2008-04-03,1,6,17,28,36,41,31,,3,3,3,3,2,1,1,1,1,0,0.00,6,380050.00,185,32865.00,476,4800.00,11054.8,320.00,12802.4,160.00,188128.4,20.00,52479393
08/039,2008-04-01,15,16,27,40,44,49,31,,2,4,3,3,0,2,1,1,2,0,0.00,3,730705.00,90,64950.00,267,4800.00,5880.8,320.00,7905,160.00,112051.2,20.00,42090348
08/038,2008-03-29,6,9,30,32,39,48,4,"32,48",2,4,2,4,2,0,1,2,1,0,0.00,1,1391280.00,100,37100.00,200,4800.00,5945.8,320.00,6175,160.00,108322,20.00,30017845
08/037,2008-03-27,3,4,16,32,45,48,23,,3,3,2,4,2,1,0,1,2,0,0.00,3,465685.00,59,63140.00,204,4800.00,3627,320.00,6374.2,160.00,71142.6,20.00,27439760
08/036,2008-03-25,7,14,15,22,25,35,32,,4,2,4,2,1,2,2,1,0,2,2500000.00,3,419415.00,161,20840.00,280,4800.00,6871.6,320.00,7302.4,160.00,113627.4,20.00,30003264
08/035,2008-03-22,13,18,32,38,48,49,40,,2,4,2,4,0,2,0,2,2,1,5000000.00,0,0.00,115,23515.00,167,4800.00,5688,320.00,4918.4,160.00,84645,20.00,23207270
08/034,2008-03-20,4,12,22,26,33,45,8,,3,3,2,4,1,1,2,1,1,1,17317970.00,5,359955.00,161,29810.00,597.8,4800.00,8507.6,320.00,14762,160.00,155266.8,20.00,44897025
08/033,2008-03-18,13,23,28,30,37,44,49,30,2,4,3,3,0,1,3,1,1,0,0.00,0,0.00,123,37495.00,306,4800.00,6130,320.00,8135,160.00,114898.4,20.00,36484095
08/032,2008-03-15,8,10,21,22,30,47,28,,4,2,2,4,2,0,3,0,1,0,0.00,3,370070.00,89,33260.00,235,4800.00,5299.6,320.00,6870.4,160.00,96502.2,20.00,25901190
08/031,2008-03-13,12,28,31,33,36,44,7,28,1,5,2,4,0,1,1,3,1,2,22669515.00,7,614575.00,300,38240.00,954.4,4800.00,16660.6,320.00,26198,160.00,302011.6,20.00,95668839
08/030,2008-03-11,5,13,15,23,28,40,17,,4,2,4,2,1,2,2,1,0,0,0.00,7,592040.00,320,34535.00,690.8,4800.00,16957.2,320.00,20444.6,160.00,310280.2,20.00,89963207
08/029,2008-03-08,16,25,31,36,38,49,29,25,1,5,3,3,0,1,1,3,1,0,0.00,5,380935.00,110,46170.00,298,4800.00,5845,320.00,8004.4,160.00,111182.2,20.00,38442535
08/028,2008-03-06,7,12,24,25,39,44,27,,3,3,3,3,1,1,2,1,1,0,0.00,2,784790.00,127,32955.00,290,4800.00,5667,320.00,8211,160.00,110128.2,20.00,33741829
08/027,2008-03-04,2,5,13,20,21,49,36,5,5,1,4,2,2,2,1,0,1,0,0.00,3,480200.00,80,48020.00,169.4,4800.00,4406,320.00,5353.2,160.00,84073.8,20.00,28360951
08/026,2008-03-02,5,7,22,30,32,35,13,35,3,3,3,3,2,0,2,2,0,1,9143215.00,2,690535.00,110,33480.00,322.4,4800.00,7752.8,320.00,9185.6,160.00,136244.8,20.00,33964361
08/025,2008-02-28,6,8,13,17,35,49,45,,4,2,4,2,2,2,0,1,1,0,0.00,3,426150.00,87,39185.00,231,4800.00,4876.4,320.00,6318,160.00,93534.2,20.00,27623765
08/024,2008-02-26,9,20,23,30,34,39,13,9,3,3,3,3,1,1,2,2,0,1,25833460.00,8,352180.00,177,42445.00,508,4800.00,9984,320.00,14164.8,160.00,183358,20.00,59643386
08/023,2008-02-23,2,9,14,24,33,47,48,24,4,2,3,3,2,1,1,1,1,0,0.00,1,1960085.00,120,43555.00,296,4800.00,7076.2,320.00,8407,160.00,135497.8,20.00,40925710
08/022,2008-02-21,18,22,24,27,30,48,3,,3,3,1,5,0,1,4,0,1,0,0.00,2,833865.00,114,39010.00,332,4800.00,6595,320.00,10106.8,160.00,122252,20.00,37007330
08/021,2008-02-19,5,15,29,32,38,39,31,"5,29",2,4,4,2,1,1,1,3,0,0,0.00,0,0.00,98,40750.00,201.4,4800.00,5590.6,320.00,6570.8,160.00,100239.8,20.00,31080937
08/020,2008-02-16,2,5,8,22,29,41,28,29,4,2,3,3,3,0,2,0,1,2,10634115.00,13,131960.00,253,18080.00,973.4,4800.00,11991.2,320.00,19273.2,160.00,195657.2,20.00,51989303
08/019,2008-02-14,4,6,15,29,33,39,18,,3,3,4,2,2,1,1,2,0,0,0.00,1,2028880.00,121,44710.00,389,4800.00,7124,320.00,10813.6,160.00,138181,20.00,43526451
08/018,2008-02-12,12,23,31,37,40,45,35,,2,4,4,2,0,1,1,3,1,0,0.00,2,839175.00,89,50285.00,277,4800.00,5481.4,320.00,8442.6,160.00,100749.6,20.00,34713086
08/017,2008-02-10,7,24,26,30,32,39,47,30,2,4,2,4,1,0,3,2,0,0,0.00,1,1242475.00,55,60240.00,136,4800.00,3500.8,320.00,4156,160.00,72073,20.00,24040492
08/016,2008-02-08,2,16,30,31,38,48,36,48,2,4,1,5,1,1,1,2,1,2,12177115.00,3,899905.00,187,38495.00,450.4,4800.00,9294.8,320.00,12610.2,160.00,177695.6,20.00,56455565
08/015,2008-02-05,3,6,36,40,43,48,8,36,2,4,2,4,2,0,0,2,2,0,0.00,3,690330.00,122,45265.00,458,4800.00,7073.4,320.00,12817.2,160.00,136127.4,20.00,45198818
08/014,2008-02-03,1,34,36,37,42,46,39,42,1,5,2,4,1,0,0,3,2,0,0.00,3,560225.00,73,61390.00,202,4800.00,5015.4,320.00,6642.4,160.00,97926.4,20.00,33164002
08/013,2008-01-31,24,32,41,42,48,49,10,24,1,5,2,4,0,0,1,1,4,0,0.00,2,627535.00,76,44035.00,170,4800.00,4647,320.00,5283,160.00,75047.2,20.00,25636980
08/012,2008-01-29,16,22,24,33,43,44,29,"22,33",3,3,2,4,0,1,2,1,2,2,26817935.00,4,1302985.00,499,27850.00,951,4800.00,21542,320.00,27089.4,160.00,373862.4,20.00,113801194
08/011,2008-01-26,13,15,19,22,33,38,39,38,4,2,4,2,0,3,1,2,0,2,2500000.00,1,907980.00,81,37365.00,203.8,4800.00,4471.6,320.00,5856.6,160.00,80917.4,20.00,24591480
08/010,2008-01-24,10,23,26,38,42,46,29,,2,4,1,5,1,0,2,1,2,1,5000000.00,1,1210950.00,87,37115.00,195,4800.00,4935,320.00,5465.2,160.00,86284.2,20.00,25901395
08/009,2008-01-22,9,16,17,30,33,49,41,,3,3,4,2,1,2,1,1,1,2,11196105.00,3,767775.00,189,32495.00,680,4800.00,10385.8,320.00,12897.6,160.00,190515.2,20.00,54325139
08/008,2008-01-19,4,7,8,20,32,34,24,8,4,2,1,5,3,1,0,2,0,0,0.00,0,0.00,105,39460.00,349,4800.00,6844,320.00,9965.4,160.00,127754,20.00,35922877
08/007,2008-01-17,8,19,24,35,36,40,23,,3,3,2,4,1,1,1,3,0,0,0.00,2,698010.00,107,34790.00,307,4800.00,5574.6,320.00,8483.6,160.00,103871,20.00,31332554
08/006,2008-01-15,10,11,15,18,37,45,26,18,4,2,4,2,1,3,0,1,1,0,0.00,1,1322955.00,75,47035.00,202,4800.00,4607.2,320.00,6773.6,160.00,89831,20.00,27807937
08/005,2008-01-13,8,13,18,22,26,42,43,42,4,2,1,5,1,2,2,0,1,1,5000000.00,0,0.00,112,26425.00,277,4800.00,6265.8,320.00,7473,160.00,106918.8,20.00,27406779
08/004,2008-01-10,4,20,36,42,46,47,22,,2,4,1,5,1,1,0,1,3,1,5000000.00,0,0.00,65,58680.00,155,4800.00,3621,320.00,5177.8,160.00,68247,20.00,26991147
08/003,2008-01-08,2,9,14,24,40,45,3,14,4,2,2,4,2,1,1,1,1,1,5000000.00,5,277870.00,92,40270.00,241,4800.00,5100.8,320.00,7256,160.00,95895.8,20.00,29715743
08/002,2008-01-05,3,11,14,32,33,42,15,42,3,3,3,3,1,2,0,2,1,1,9450240.00,2,741705.00,112,35315.00,237,4800.00,5336.6,320.00,6463.2,160.00,105032.4,20.00,31199203
08/001,2008-01-03,5,8,36,39,42,46,14,,2,4,2,4,2,0,0,2,2,0,0.00,2,737120.00,77,51055.00,208,4800.00,4431,320.00,6672.4,160.00,88400.2,20.00,29726417
